品目,品目名,輸出入,年月,暦年月,第１単位,第２単位,当月第１数量,当月第２数量,当月金額,累計第１数量,累計第２数量,累計金額
8708.10-000,バンパー及びその部分品,輸出,202201,'2022/01,,KG,,1316023,3245807,,1316023,3245807
8708.10-000,バンパー及びその部分品,輸出,202202,'2022/02,,KG,,1618972,3758048,,2934995,7003855
8708.10-000,バンパー及びその部分品,輸出,202203,'2022/03,,KG,,1667812,4147512,,4602807,11151367
8708.10-000,バンパー及びその部分品,輸出,202204,'2022/04,,KG,,1734390,4491396,,6337197,15642763
8708.10-000,バンパー及びその部分品,輸出,202205,'2022/05,,KG,,1281313,3387554,,7618510,19030317
8708.10-000,バンパー及びその部分品,輸出,202206,'2022/06,,KG,,1599534,4268521,,9218044,23298838
8708.10-000,バンパー及びその部分品,輸出,202207,'2022/07,,KG,,1494580,3909427,,10712624,27208265
8708.10-000,バンパー及びその部分品,輸出,202208,'2022/08,,KG,,1343867,3640420,,12056491,30848685
8708.10-000,バンパー及びその部分品,輸出,202209,'2022/09,,KG,,1457490,3971497,,13513981,34820182
8708.10-000,バンパー及びその部分品,輸出,202210,'2022/10,,KG,,1612226,4506837,,15126207,39327019
8708.10-000,バンパー及びその部分品,輸出,202211,'2022/11,,KG,,1485026,4120074,,16611233,43447093
8708.10-000,バンパー及びその部分品,輸出,202212,'2022/12,,KG,,1670496,4549274,,18281729,47996367
8708.10-000,バンパー及びその部分品,輸出,202301,'2023/01,,KG,,1070342,2937036,,1070342,2937036
8708.10-000,バンパー及びその部分品,輸出,202302,'2023/02,,KG,,1208339,3335911,,2278681,6272947
8708.10-000,バンパー及びその部分品,輸出,202303,'2023/03,,KG,,1483992,4309800,,3762673,10582747
8708.10-000,バンパー及びその部分品,輸出,202304,'2023/04,,KG,,1427992,4053503,,5190665,14636250
8708.10-000,バンパー及びその部分品,輸出,202305,'2023/05,,KG,,1138233,3150334,,6328898,17786584
8708.10-000,バンパー及びその部分品,輸出,202306,'2023/06,,KG,,1262995,3582587,,7591893,21369171
8708.10-000,バンパー及びその部分品,輸出,202307,'2023/07,,KG,,1295271,3816956,,8887164,25186127
8708.10-000,バンパー及びその部分品,輸出,202308,'2023/08,,KG,,1053185,3259529,,9940349,28445656
8708.10-000,バンパー及びその部分品,輸出,202309,'2023/09,,KG,,1337238,3976369,,11277587,32422025
8708.10-000,バンパー及びその部分品,輸出,202310,'2023/10,,KG,,1394266,4233501,,12671853,36655526
8708.10-000,バンパー及びその部分品,輸出,202311,'2023/11,,KG,,1299259,3918711,,13971112,40574237
8708.10-000,バンパー及びその部分品,輸出,202312,'2023/12,,KG,,1511425,4544575,,15482537,45118812
8708.10-000,バンパー及びその部分品,輸出,202401,'2024/01,,KG,,1102937,3215522,,1102937,3215522
8708.10-000,バンパー及びその部分品,輸出,202402,'2024/02,,KG,,1251191,3935251,,2354128,7150773
8708.10-000,バンパー及びその部分品,輸出,202403,'2024/03,,KG,,1438094,4579512,,3792222,11730285
8708.10-000,バンパー及びその部分品,輸出,202404,'2024/04,,KG,,1448685,4343526,,5240907,16073811
8708.10-000,バンパー及びその部分品,輸出,202405,'2024/05,,KG,,1211664,3704453,,6452571,19778264
8708.10-000,バンパー及びその部分品,輸出,202406,'2024/06,,KG,,1456944,4417654,,7909515,24195918
8708.10-000,バンパー及びその部分品,輸出,202407,'2024/07,,KG,,1547748,4807398,,9457263,29003316
8708.10-000,バンパー及びその部分品,輸出,202408,'2024/08,,KG,,1285967,3918470,,10743230,32921786
8708.10-000,バンパー及びその部分品,輸出,202409,'2024/09,,KG,,1269864,3816402,,12013094,36738188
8708.10-000,バンパー及びその部分品,輸出,202410,'2024/10,,KG,,1484091,4470656,,13497185,41208844
8708.10-000,バンパー及びその部分品,輸出,202411,'2024/11,,KG,,1388549,4163896,,14885734,45372740
8708.10-000,バンパー及びその部分品,輸出,202412,'2024/12,,KG,,1605982,5005698,,16491716,50378438
8708.10-000,バンパー及びその部分品,輸出,202501,'2025/01,,KG,,1058130,3153359,,1058130,3153359
8708.10-000,バンパー及びその部分品,輸出,202502,'2025/02,,KG,,1250758,3945553,,2308888,7098912
8708.10-000,バンパー及びその部分品,輸出,202503,'2025/03,,KG,,1368427,4154789,,3677315,11253701
8708.10-000,バンパー及びその部分品,輸出,202504,'2025/04,,KG,,1402531,4154248,,5079846,15407949
8708.10-000,バンパー及びその部分品,輸出,202505,'2025/05,,KG,,1136198,3256743,,6216044,18664692
8708.10-000,バンパー及びその部分品,輸出,202506,'2025/06,,KG,,1253104,3700340,,7469148,22365032
8708.10-000,バンパー及びその部分品,輸出,202507,'2025/07,,KG,,1322502,3907908,,8791650,26272940
8708.10-000,バンパー及びその部分品,輸出,202508,'2025/08,,KG,,1001056,3015057,,9792706,29287997
8708.10-000,バンパー及びその部分品,輸出,202509,'2025/09,,KG,,1263148,3826475,,11055854,33114472
8708.10-000,バンパー及びその部分品,輸出,202510,'2025/10,,KG,,1228260,3697465,,12284114,36811937
8708.10-000,バンパー及びその部分品,輸出,202511,'2025/11,,KG,,1200882,3912399,,13484996,40724336
8708.10-000,バンパー及びその部分品,輸出,202512,'2025/12,,KG,,1365901,4397701,,14850897,45122037
8708.10-000,バンパー及びその部分品,輸出,202601,'2026/01,,KG,,928171,3104588,,928171,3104588
8708.10-000,バンパー及びその部分品,輸出,202602,'2026/02,,KG,,1099439,3648191,,2027610,6752779
8708.10-000,バンパー及びその部分品,輸出,202603,'2026/03,,KG,,1285125,4180610,,3312735,10933389
8708.10-000,バンパー及びその部分品,輸出,202604,'2026/04,,KG,,1315752,4325377,,4628487,15258766
8708.10-000,バンパー及びその部分品,輸出,202605,'2026/05,,KG,,990628,3189424,,5619115,18448190
8708.10-000,バンパー及びその部分品,輸出,202606,'2026/06,,KG,,1242079,4050997,,6861194,22499187
8708.10-000,バンパー及びその部分品,輸出,202607,'2026/07,,KG,,1292139,4394864,,8153333,26894051
8708.21-000,シートベルト,輸出,202201,'2022/01,,KG,,109187,182264,,109187,182264
8708.21-000,シートベルト,輸出,202202,'2022/02,,KG,,147747,260982,,256934,443246
8708.21-000,シートベルト,輸出,202203,'2022/03,,KG,,149212,291457,,406146,734703
8708.21-000,シートベルト,輸出,202204,'2022/04,,KG,,126497,291002,,532643,1025705
8708.21-000,シートベルト,輸出,202205,'2022/05,,KG,,133459,276344,,666102,1302049
8708.21-000,シートベルト,輸出,202206,'2022/06,,KG,,86128,208144,,752230,1510193
8708.21-000,シートベルト,輸出,202207,'2022/07,,KG,,119554,239311,,871784,1749504
8708.21-000,シートベルト,輸出,202208,'2022/08,,KG,,99095,212361,,970879,1961865
8708.21-000,シートベルト,輸出,202209,'2022/09,,KG,,118261,231004,,1089140,2192869
8708.21-000,シートベルト,輸出,202210,'2022/10,,KG,,126372,281829,,1215512,2474698
8708.21-000,シートベルト,輸出,202211,'2022/11,,KG,,116285,244147,,1331797,2718845
8708.21-000,シートベルト,輸出,202212,'2022/12,,KG,,142164,297352,,1473961,3016197
8708.21-000,シートベルト,輸出,202301,'2023/01,,KG,,101417,201696,,101417,201696
8708.21-000,シートベルト,輸出,202302,'2023/02,,KG,,112683,217912,,214100,419608
8708.21-000,シートベルト,輸出,202303,'2023/03,,KG,,198357,251746,,412457,671354
8708.21-000,シートベルト,輸出,202304,'2023/04,,KG,,280760,261475,,693217,932829
8708.21-000,シートベルト,輸出,202305,'2023/05,,KG,,183639,231876,,876856,1164705
8708.21-000,シートベルト,輸出,202306,'2023/06,,KG,,142217,198773,,1019073,1363478
8708.21-000,シートベルト,輸出,202307,'2023/07,,KG,,132836,249753,,1151909,1613231
8708.21-000,シートベルト,輸出,202308,'2023/08,,KG,,152834,204155,,1304743,1817386
8708.21-000,シートベルト,輸出,202309,'2023/09,,KG,,118157,216127,,1422900,2033513
8708.21-000,シートベルト,輸出,202310,'2023/10,,KG,,179178,273091,,1602078,2306604
8708.21-000,シートベルト,輸出,202311,'2023/11,,KG,,118907,234158,,1720985,2540762
8708.21-000,シートベルト,輸出,202312,'2023/12,,KG,,92152,208565,,1813137,2749327
8708.21-000,シートベルト,輸出,202401,'2024/01,,KG,,68810,158663,,68810,158663
8708.21-000,シートベルト,輸出,202402,'2024/02,,KG,,86607,186073,,155417,344736
8708.21-000,シートベルト,輸出,202403,'2024/03,,KG,,103301,242592,,258718,587328
8708.21-000,シートベルト,輸出,202404,'2024/04,,KG,,103130,237659,,361848,824987
8708.21-000,シートベルト,輸出,202405,'2024/05,,KG,,74149,178660,,435997,1003647
8708.21-000,シートベルト,輸出,202406,'2024/06,,KG,,123076,275087,,559073,1278734
8708.21-000,シートベルト,輸出,202407,'2024/07,,KG,,110619,287975,,669692,1566709
8708.21-000,シートベルト,輸出,202408,'2024/08,,KG,,86314,233602,,756006,1800311
8708.21-000,シートベルト,輸出,202409,'2024/09,,KG,,94513,275204,,850519,2075515
8708.21-000,シートベルト,輸出,202410,'2024/10,,KG,,104146,296727,,954665,2372242
8708.21-000,シートベルト,輸出,202411,'2024/11,,KG,,90496,251026,,1045161,2623268
8708.21-000,シートベルト,輸出,202412,'2024/12,,KG,,112744,313385,,1157905,2936653
8708.21-000,シートベルト,輸出,202501,'2025/01,,KG,,88624,231603,,88624,231603
8708.21-000,シートベルト,輸出,202502,'2025/02,,KG,,99061,268927,,187685,500530
8708.21-000,シートベルト,輸出,202503,'2025/03,,KG,,95504,243838,,283189,744368
8708.21-000,シートベルト,輸出,202504,'2025/04,,KG,,97302,248208,,380491,992576
8708.21-000,シートベルト,輸出,202505,'2025/05,,KG,,79536,207824,,460027,1200400
8708.21-000,シートベルト,輸出,202506,'2025/06,,KG,,107730,264843,,567757,1465243
8708.21-000,シートベルト,輸出,202507,'2025/07,,KG,,108593,276537,,676350,1741780
8708.21-000,シートベルト,輸出,202508,'2025/08,,KG,,98381,225466,,774731,1967246
8708.21-000,シートベルト,輸出,202509,'2025/09,,KG,,102234,249590,,876965,2216836
8708.21-000,シートベルト,輸出,202510,'2025/10,,KG,,108639,278882,,985604,2495718
8708.21-000,シートベルト,輸出,202511,'2025/11,,KG,,105273,292656,,1090877,2788374
8708.21-000,シートベルト,輸出,202512,'2025/12,,KG,,127193,328873,,1218070,3117247
8708.21-000,シートベルト,輸出,202601,'2026/01,,KG,,79955,178307,,79955,178307
8708.21-000,シートベルト,輸出,202602,'2026/02,,KG,,98264,241583,,178219,419890
8708.21-000,シートベルト,輸出,202603,'2026/03,,KG,,120689,294006,,298908,713896
8708.21-000,シートベルト,輸出,202604,'2026/04,,KG,,127070,326702,,425978,1040598
8708.21-000,シートベルト,輸出,202605,'2026/05,,KG,,91044,232379,,517022,1272977
8708.21-000,シートベルト,輸出,202606,'2026/06,,KG,,127452,332343,,644474,1605320
8708.21-000,シートベルト,輸出,202607,'2026/07,,KG,,124658,304393,,769132,1909713
8708.22-000,フロントガラス等の安全ガラス部品,輸出,202201,'2022/01,,KG,,268731,383397,,268731,383397
8708.22-000,フロントガラス等の安全ガラス部品,輸出,202202,'2022/02,,KG,,476144,782976,,744875,1166373
8708.22-000,フロントガラス等の安全ガラス部品,輸出,202203,'2022/03,,KG,,589432,931763,,1334307,2098136
8708.22-000,フロントガラス等の安全ガラス部品,輸出,202204,'2022/04,,KG,,515180,930723,,1849487,3028859
8708.22-000,フロントガラス等の安全ガラス部品,輸出,202205,'2022/05,,KG,,322832,656579,,2172319,3685438
8708.22-000,フロントガラス等の安全ガラス部品,輸出,202206,'2022/06,,KG,,455030,923233,,2627349,4608671
8708.22-000,フロントガラス等の安全ガラス部品,輸出,202207,'2022/07,,KG,,447303,855901,,3074652,5464572
8708.22-000,フロントガラス等の安全ガラス部品,輸出,202208,'2022/08,,KG,,401841,726002,,3476493,6190574
8708.22-000,フロントガラス等の安全ガラス部品,輸出,202209,'2022/09,,KG,,366701,790405,,3843194,6980979
8708.22-000,フロントガラス等の安全ガラス部品,輸出,202210,'2022/10,,KG,,514786,992484,,4357980,7973463
8708.22-000,フロントガラス等の安全ガラス部品,輸出,202211,'2022/11,,KG,,428414,855290,,4786394,8828753
8708.22-000,フロントガラス等の安全ガラス部品,輸出,202212,'2022/12,,KG,,439532,811886,,5225926,9640639
8708.22-000,フロントガラス等の安全ガラス部品,輸出,202301,'2023/01,,KG,,295037,550985,,295037,550985
8708.22-000,フロントガラス等の安全ガラス部品,輸出,202302,'2023/02,,KG,,363160,660306,,658197,1211291
8708.22-000,フロントガラス等の安全ガラス部品,輸出,202303,'2023/03,,KG,,403152,802944,,1061349,2014235
8708.22-000,フロントガラス等の安全ガラス部品,輸出,202304,'2023/04,,KG,,414314,940303,,1475663,2954538
8708.22-000,フロントガラス等の安全ガラス部品,輸出,202305,'2023/05,,KG,,280219,571821,,1755882,3526359
8708.22-000,フロントガラス等の安全ガラス部品,輸出,202306,'2023/06,,KG,,401172,826973,,2157054,4353332
8708.22-000,フロントガラス等の安全ガラス部品,輸出,202307,'2023/07,,KG,,508518,939457,,2665572,5292789
8708.22-000,フロントガラス等の安全ガラス部品,輸出,202308,'2023/08,,KG,,353065,621803,,3018637,5914592
8708.22-000,フロントガラス等の安全ガラス部品,輸出,202309,'2023/09,,KG,,370562,892616,,3389199,6807208
8708.22-000,フロントガラス等の安全ガラス部品,輸出,202310,'2023/10,,KG,,465885,957398,,3855084,7764606
8708.22-000,フロントガラス等の安全ガラス部品,輸出,202311,'2023/11,,KG,,423710,889746,,4278794,8654352
8708.22-000,フロントガラス等の安全ガラス部品,輸出,202312,'2023/12,,KG,,487012,1063209,,4765806,9717561
8708.22-000,フロントガラス等の安全ガラス部品,輸出,202401,'2024/01,,KG,,377143,698210,,377143,698210
8708.22-000,フロントガラス等の安全ガラス部品,輸出,202402,'2024/02,,KG,,466833,1050382,,843976,1748592
8708.22-000,フロントガラス等の安全ガラス部品,輸出,202403,'2024/03,,KG,,520281,1106107,,1364257,2854699
8708.22-000,フロントガラス等の安全ガラス部品,輸出,202404,'2024/04,,KG,,505302,1233908,,1869559,4088607
8708.22-000,フロントガラス等の安全ガラス部品,輸出,202405,'2024/05,,KG,,447833,904494,,2317392,4993101
8708.22-000,フロントガラス等の安全ガラス部品,輸出,202406,'2024/06,,KG,,517354,1207990,,2834746,6201091
8708.22-000,フロントガラス等の安全ガラス部品,輸出,202407,'2024/07,,KG,,563688,1297549,,3398434,7498640
8708.22-000,フロントガラス等の安全ガラス部品,輸出,202408,'2024/08,,KG,,429724,996574,,3828158,8495214
8708.22-000,フロントガラス等の安全ガラス部品,輸出,202409,'2024/09,,KG,,423973,940532,,4252131,9435746
8708.22-000,フロントガラス等の安全ガラス部品,輸出,202410,'2024/10,,KG,,516643,1157149,,4768774,10592895
8708.22-000,フロントガラス等の安全ガラス部品,輸出,202411,'2024/11,,KG,,432882,1052839,,5201656,11645734
8708.22-000,フロントガラス等の安全ガラス部品,輸出,202412,'2024/12,,KG,,492141,1114162,,5693797,12759896
8708.22-000,フロントガラス等の安全ガラス部品,輸出,202501,'2025/01,,KG,,319112,719565,,319112,719565
8708.22-000,フロントガラス等の安全ガラス部品,輸出,202502,'2025/02,,KG,,439551,1043863,,758663,1763428
8708.22-000,フロントガラス等の安全ガラス部品,輸出,202503,'2025/03,,KG,,408859,857432,,1167522,2620860
8708.22-000,フロントガラス等の安全ガラス部品,輸出,202504,'2025/04,,KG,,432411,924618,,1599933,3545478
8708.22-000,フロントガラス等の安全ガラス部品,輸出,202505,'2025/05,,KG,,402315,808958,,2002248,4354436
8708.22-000,フロントガラス等の安全ガラス部品,輸出,202506,'2025/06,,KG,,491670,1065914,,2493918,5420350
8708.22-000,フロントガラス等の安全ガラス部品,輸出,202507,'2025/07,,KG,,560785,1240339,,3054703,6660689
8708.22-000,フロントガラス等の安全ガラス部品,輸出,202508,'2025/08,,KG,,429462,979583,,3484165,7640272
8708.22-000,フロントガラス等の安全ガラス部品,輸出,202509,'2025/09,,KG,,477181,1051846,,3961346,8692118
8708.22-000,フロントガラス等の安全ガラス部品,輸出,202510,'2025/10,,KG,,490088,1133782,,4451434,9825900
8708.22-000,フロントガラス等の安全ガラス部品,輸出,202511,'2025/11,,KG,,433278,1042276,,4884712,10868176
8708.22-000,フロントガラス等の安全ガラス部品,輸出,202512,'2025/12,,KG,,538874,1209092,,5423586,12077268
8708.22-000,フロントガラス等の安全ガラス部品,輸出,202601,'2026/01,,KG,,350792,908884,,350792,908884
8708.22-000,フロントガラス等の安全ガラス部品,輸出,202602,'2026/02,,KG,,568271,1176207,,919063,2085091
8708.22-000,フロントガラス等の安全ガラス部品,輸出,202603,'2026/03,,KG,,574457,1278894,,1493520,3363985
8708.22-000,フロントガラス等の安全ガラス部品,輸出,202604,'2026/04,,KG,,549500,1288032,,2043020,4652017
8708.22-000,フロントガラス等の安全ガラス部品,輸出,202605,'2026/05,,KG,,425797,978363,,2468817,5630380
8708.22-000,フロントガラス等の安全ガラス部品,輸出,202606,'2026/06,,KG,,488337,1188769,,2957154,6819149
8708.22-000,フロントガラス等の安全ガラス部品,輸出,202607,'2026/07,,KG,,593393,1504581,,3550547,8323730
8708.29-000,その他の車体部分品・附属品,輸出,202201,'2022/01,,KG,,19245743,22957732,,19245743,22957732
8708.29-000,その他の車体部分品・附属品,輸出,202202,'2022/02,,KG,,22799863,26282931,,42045606,49240663
8708.29-000,その他の車体部分品・附属品,輸出,202203,'2022/03,,KG,,22688759,30217371,,64734365,79458034
8708.29-000,その他の車体部分品・附属品,輸出,202204,'2022/04,,KG,,21746364,28865213,,86480729,108323247
8708.29-000,その他の車体部分品・附属品,輸出,202205,'2022/05,,KG,,15899343,22185432,,102380072,130508679
8708.29-000,その他の車体部分品・附属品,輸出,202206,'2022/06,,KG,,18463835,26569038,,120843907,157077717
8708.29-000,その他の車体部分品・附属品,輸出,202207,'2022/07,,KG,,20100956,27120271,,140944863,184197988
8708.29-000,その他の車体部分品・附属品,輸出,202208,'2022/08,,KG,,18462002,26273955,,159406865,210471943
8708.29-000,その他の車体部分品・附属品,輸出,202209,'2022/09,,KG,,20253651,28649196,,179660516,239121139
8708.29-000,その他の車体部分品・附属品,輸出,202210,'2022/10,,KG,,23188327,33577869,,202848843,272699008
8708.29-000,その他の車体部分品・附属品,輸出,202211,'2022/11,,KG,,20367519,29837695,,223216362,302536703
8708.29-000,その他の車体部分品・附属品,輸出,202212,'2022/12,,KG,,23275833,31903323,,246492195,334440026
8708.29-000,その他の車体部分品・附属品,輸出,202301,'2023/01,,KG,,17183520,22995031,,17183520,22995031
8708.29-000,その他の車体部分品・附属品,輸出,202302,'2023/02,,KG,,18373492,25757535,,35557012,48752566
8708.29-000,その他の車体部分品・附属品,輸出,202303,'2023/03,,KG,,19243670,28910880,,54800682,77663446
8708.29-000,その他の車体部分品・附属品,輸出,202304,'2023/04,,KG,,20079001,29559496,,74879683,107222942
8708.29-000,その他の車体部分品・附属品,輸出,202305,'2023/05,,KG,,15812395,23407144,,90692078,130630086
8708.29-000,その他の車体部分品・附属品,輸出,202306,'2023/06,,KG,,19099326,28094369,,109791404,158724455
8708.29-000,その他の車体部分品・附属品,輸出,202307,'2023/07,,KG,,21156280,31708410,,130947684,190432865
8708.29-000,その他の車体部分品・附属品,輸出,202308,'2023/08,,KG,,17576958,27507303,,148524642,217940168
8708.29-000,その他の車体部分品・附属品,輸出,202309,'2023/09,,KG,,22270694,33729507,,170795336,251669675
8708.29-000,その他の車体部分品・附属品,輸出,202310,'2023/10,,KG,,22620505,35625284,,193415841,287294959
8708.29-000,その他の車体部分品・附属品,輸出,202311,'2023/11,,KG,,19472171,29932408,,212888012,317227367
8708.29-000,その他の車体部分品・附属品,輸出,202312,'2023/12,,KG,,22386441,34786589,,235274453,352013956
8708.29-000,その他の車体部分品・附属品,輸出,202401,'2024/01,,KG,,15645983,24342670,,15645983,24342670
8708.29-000,その他の車体部分品・附属品,輸出,202402,'2024/02,,KG,,17986725,28713845,,33632708,53056515
8708.29-000,その他の車体部分品・附属品,輸出,202403,'2024/03,,KG,,20406773,32222557,,54039481,85279072
8708.29-000,その他の車体部分品・附属品,輸出,202404,'2024/04,,KG,,20739229,31848317,,74778710,117127389
8708.29-000,その他の車体部分品・附属品,輸出,202405,'2024/05,,KG,,18347614,27458290,,93126324,144585679
8708.29-000,その他の車体部分品・附属品,輸出,202406,'2024/06,,KG,,20664614,32210947,,113790938,176796626
8708.29-000,その他の車体部分品・附属品,輸出,202407,'2024/07,,KG,,23476769,35524691,,137267707,212321317
8708.29-000,その他の車体部分品・附属品,輸出,202408,'2024/08,,KG,,20116671,29643753,,157384378,241965070
8708.29-000,その他の車体部分品・附属品,輸出,202409,'2024/09,,KG,,20821290,30544567,,178205668,272509637
8708.29-000,その他の車体部分品・附属品,輸出,202410,'2024/10,,KG,,22799831,33698806,,201005499,306208443
8708.29-000,その他の車体部分品・附属品,輸出,202411,'2024/11,,KG,,21065788,31191355,,222071287,337399798
8708.29-000,その他の車体部分品・附属品,輸出,202412,'2024/12,,KG,,23919846,36627113,,245991133,374026911
8708.29-000,その他の車体部分品・附属品,輸出,202501,'2025/01,,KG,,16177937,24835544,,16177937,24835544
8708.29-000,その他の車体部分品・附属品,輸出,202502,'2025/02,,KG,,20165939,31074666,,36343876,55910210
8708.29-000,その他の車体部分品・附属品,輸出,202503,'2025/03,,KG,,21245673,31377282,,57589549,87287492
8708.29-000,その他の車体部分品・附属品,輸出,202504,'2025/04,,KG,,20978327,30290928,,78567876,117578420
8708.29-000,その他の車体部分品・附属品,輸出,202505,'2025/05,,KG,,16880678,24128063,,95448554,141706483
8708.29-000,その他の車体部分品・附属品,輸出,202506,'2025/06,,KG,,19782116,28011242,,115230670,169717725
8708.29-000,その他の車体部分品・附属品,輸出,202507,'2025/07,,KG,,21223841,29894991,,136454511,199612716
8708.29-000,その他の車体部分品・附属品,輸出,202508,'2025/08,,KG,,16496202,23885581,,152950713,223498297
8708.29-000,その他の車体部分品・附属品,輸出,202509,'2025/09,,KG,,19179983,28957623,,172130696,252455920
8708.29-000,その他の車体部分品・附属品,輸出,202510,'2025/10,,KG,,19382367,28595473,,191513063,281051393
8708.29-000,その他の車体部分品・附属品,輸出,202511,'2025/11,,KG,,16977268,26182985,,208490331,307234378
8708.29-000,その他の車体部分品・附属品,輸出,202512,'2025/12,,KG,,21007789,31552187,,229498120,338786565
8708.29-000,その他の車体部分品・附属品,輸出,202601,'2026/01,,KG,,14924390,22938437,,14924390,22938437
8708.29-000,その他の車体部分品・附属品,輸出,202602,'2026/02,,KG,,17083599,26831675,,32007989,49770112
8708.29-000,その他の車体部分品・附属品,輸出,202603,'2026/03,,KG,,20743960,31595924,,52751949,81366036
8708.29-000,その他の車体部分品・附属品,輸出,202604,'2026/04,,KG,,20152000,31442099,,72903949,112808135
8708.29-000,その他の車体部分品・附属品,輸出,202605,'2026/05,,KG,,16395059,24228801,,89299008,137036936
8708.29-000,その他の車体部分品・附属品,輸出,202606,'2026/06,,KG,,19534493,29829175,,108833501,166866111
8708.29-000,その他の車体部分品・附属品,輸出,202607,'2026/07,,KG,,20144253,32274030,,128977754,199140141
8708.30-000,ブレーキ、サーボブレーキ及び部分品,輸出,202201,'2022/01,,KG,,7412630,14171199,,7412630,14171199
8708.30-000,ブレーキ、サーボブレーキ及び部分品,輸出,202202,'2022/02,,KG,,8986675,16244938,,16399305,30416137
8708.30-000,ブレーキ、サーボブレーキ及び部分品,輸出,202203,'2022/03,,KG,,9467204,18316716,,25866509,48732853
8708.30-000,ブレーキ、サーボブレーキ及び部分品,輸出,202204,'2022/04,,KG,,9168672,16679018,,35035181,65411871
8708.30-000,ブレーキ、サーボブレーキ及び部分品,輸出,202205,'2022/05,,KG,,7277054,13965700,,42312235,79377571
8708.30-000,ブレーキ、サーボブレーキ及び部分品,輸出,202206,'2022/06,,KG,,9209653,18118275,,51521888,97495846
8708.30-000,ブレーキ、サーボブレーキ及び部分品,輸出,202207,'2022/07,,KG,,9342642,17553336,,60864530,115049182
8708.30-000,ブレーキ、サーボブレーキ及び部分品,輸出,202208,'2022/08,,KG,,8019527,15525763,,68884057,130574945
8708.30-000,ブレーキ、サーボブレーキ及び部分品,輸出,202209,'2022/09,,KG,,8718669,17165141,,77602726,147740086
8708.30-000,ブレーキ、サーボブレーキ及び部分品,輸出,202210,'2022/10,,KG,,9566782,19402110,,87169508,167142196
8708.30-000,ブレーキ、サーボブレーキ及び部分品,輸出,202211,'2022/11,,KG,,8458614,17266939,,95628122,184409135
8708.30-000,ブレーキ、サーボブレーキ及び部分品,輸出,202212,'2022/12,,KG,,9733750,20801419,,105361872,205210554
8708.30-000,ブレーキ、サーボブレーキ及び部分品,輸出,202301,'2023/01,,KG,,6918995,13488172,,6918995,13488172
8708.30-000,ブレーキ、サーボブレーキ及び部分品,輸出,202302,'2023/02,,KG,,7584595,15127501,,14503590,28615673
8708.30-000,ブレーキ、サーボブレーキ及び部分品,輸出,202303,'2023/03,,KG,,8325914,16143358,,22829504,44759031
8708.30-000,ブレーキ、サーボブレーキ及び部分品,輸出,202304,'2023/04,,KG,,8776613,17014878,,31606117,61773909
8708.30-000,ブレーキ、サーボブレーキ及び部分品,輸出,202305,'2023/05,,KG,,7555572,15134206,,39161689,76908115
8708.30-000,ブレーキ、サーボブレーキ及び部分品,輸出,202306,'2023/06,,KG,,8903173,18551833,,48064862,95459948
8708.30-000,ブレーキ、サーボブレーキ及び部分品,輸出,202307,'2023/07,,KG,,9492075,19887093,,57556937,115347041
8708.30-000,ブレーキ、サーボブレーキ及び部分品,輸出,202308,'2023/08,,KG,,8247973,17803704,,65804910,133150745
8708.30-000,ブレーキ、サーボブレーキ及び部分品,輸出,202309,'2023/09,,KG,,10028278,21856706,,75833188,155007451
8708.30-000,ブレーキ、サーボブレーキ及び部分品,輸出,202310,'2023/10,,KG,,10651532,23892524,,86484720,178899975
8708.30-000,ブレーキ、サーボブレーキ及び部分品,輸出,202311,'2023/11,,KG,,9145779,20099191,,95630499,198999166
8708.30-000,ブレーキ、サーボブレーキ及び部分品,輸出,202312,'2023/12,,KG,,10125584,21767247,,105756083,220766413
8708.30-000,ブレーキ、サーボブレーキ及び部分品,輸出,202401,'2024/01,,KG,,7140661,15964638,,7140661,15964638
8708.30-000,ブレーキ、サーボブレーキ及び部分品,輸出,202402,'2024/02,,KG,,8530279,19396084,,15670940,35360722
8708.30-000,ブレーキ、サーボブレーキ及び部分品,輸出,202403,'2024/03,,KG,,9323364,21349274,,24994304,56709996
8708.30-000,ブレーキ、サーボブレーキ及び部分品,輸出,202404,'2024/04,,KG,,9066764,20540400,,34061068,77250396
8708.30-000,ブレーキ、サーボブレーキ及び部分品,輸出,202405,'2024/05,,KG,,7578991,17296066,,41640059,94546462
8708.30-000,ブレーキ、サーボブレーキ及び部分品,輸出,202406,'2024/06,,KG,,9152621,20564138,,50792680,115110600
8708.30-000,ブレーキ、サーボブレーキ及び部分品,輸出,202407,'2024/07,,KG,,10020466,23734442,,60813146,138845042
8708.30-000,ブレーキ、サーボブレーキ及び部分品,輸出,202408,'2024/08,,KG,,8157066,18675538,,68970212,157520580
8708.30-000,ブレーキ、サーボブレーキ及び部分品,輸出,202409,'2024/09,,KG,,9083043,21004744,,78053255,178525324
8708.30-000,ブレーキ、サーボブレーキ及び部分品,輸出,202410,'2024/10,,KG,,9317621,21978347,,87370876,200503671
8708.30-000,ブレーキ、サーボブレーキ及び部分品,輸出,202411,'2024/11,,KG,,7982881,19073191,,95353757,219576862
8708.30-000,ブレーキ、サーボブレーキ及び部分品,輸出,202412,'2024/12,,KG,,9516373,22571985,,104870130,242148847
8708.30-000,ブレーキ、サーボブレーキ及び部分品,輸出,202501,'2025/01,,KG,,6569946,16002884,,6569946,16002884
8708.30-000,ブレーキ、サーボブレーキ及び部分品,輸出,202502,'2025/02,,KG,,8336937,20001464,,14906883,36004348
8708.30-000,ブレーキ、サーボブレーキ及び部分品,輸出,202503,'2025/03,,KG,,8727019,19811188,,23633902,55815536
8708.30-000,ブレーキ、サーボブレーキ及び部分品,輸出,202504,'2025/04,,KG,,9033771,19869055,,32667673,75684591
8708.30-000,ブレーキ、サーボブレーキ及び部分品,輸出,202505,'2025/05,,KG,,7703755,16724227,,40371428,92408818
8708.30-000,ブレーキ、サーボブレーキ及び部分品,輸出,202506,'2025/06,,KG,,9401162,20288502,,49772590,112697320
8708.30-000,ブレーキ、サーボブレーキ及び部分品,輸出,202507,'2025/07,,KG,,9690564,21776197,,59463154,134473517
8708.30-000,ブレーキ、サーボブレーキ及び部分品,輸出,202508,'2025/08,,KG,,7952437,18947486,,67415591,153421003
8708.30-000,ブレーキ、サーボブレーキ及び部分品,輸出,202509,'2025/09,,KG,,9152564,21074365,,76568155,174495368
8708.30-000,ブレーキ、サーボブレーキ及び部分品,輸出,202510,'2025/10,,KG,,9075488,22679514,,85643643,197174882
8708.30-000,ブレーキ、サーボブレーキ及び部分品,輸出,202511,'2025/11,,KG,,8820498,20924543,,94464141,218099425
8708.30-000,ブレーキ、サーボブレーキ及び部分品,輸出,202512,'2025/12,,KG,,9850942,23826374,,104315083,241925799
8708.30-000,ブレーキ、サーボブレーキ及び部分品,輸出,202601,'2026/01,,KG,,7550031,17648831,,7550031,17648831
8708.30-000,ブレーキ、サーボブレーキ及び部分品,輸出,202602,'2026/02,,KG,,8809757,22217413,,16359788,39866244
8708.30-000,ブレーキ、サーボブレーキ及び部分品,輸出,202603,'2026/03,,KG,,9895999,25668351,,26255787,65534595
8708.30-000,ブレーキ、サーボブレーキ及び部分品,輸出,202604,'2026/04,,KG,,9889172,24703879,,36144959,90238474
8708.30-000,ブレーキ、サーボブレーキ及び部分品,輸出,202605,'2026/05,,KG,,8511719,21523709,,44656678,111762183
8708.30-000,ブレーキ、サーボブレーキ及び部分品,輸出,202606,'2026/06,,KG,,10262880,24569744,,54919558,136331927
8708.30-000,ブレーキ、サーボブレーキ及び部分品,輸出,202607,'2026/07,,KG,,10567944,26544590,,65487502,162876517
8708.40-000,ギヤボックス及びその部分品,輸出,202201,'2022/01,,KG,,74070689,138163998,,74070689,138163998
8708.40-000,ギヤボックス及びその部分品,輸出,202202,'2022/02,,KG,,80062857,150027047,,154133546,288191045
8708.40-000,ギヤボックス及びその部分品,輸出,202203,'2022/03,,KG,,96806995,180678535,,250940541,468869580
8708.40-000,ギヤボックス及びその部分品,輸出,202204,'2022/04,,KG,,90947179,177365899,,341887720,646235479
8708.40-000,ギヤボックス及びその部分品,輸出,202205,'2022/05,,KG,,72908798,146181459,,414796518,792416938
8708.40-000,ギヤボックス及びその部分品,輸出,202206,'2022/06,,KG,,76010512,154668104,,490807030,947085042
8708.40-000,ギヤボックス及びその部分品,輸出,202207,'2022/07,,KG,,78258070,165875143,,569065100,1112960185
8708.40-000,ギヤボックス及びその部分品,輸出,202208,'2022/08,,KG,,72021683,163414129,,641086783,1276374314
8708.40-000,ギヤボックス及びその部分品,輸出,202209,'2022/09,,KG,,78288639,175163199,,719375422,1451537513
8708.40-000,ギヤボックス及びその部分品,輸出,202210,'2022/10,,KG,,82707191,184472167,,802082613,1636009680
8708.40-000,ギヤボックス及びその部分品,輸出,202211,'2022/11,,KG,,67184348,145723654,,869266961,1781733334
8708.40-000,ギヤボックス及びその部分品,輸出,202212,'2022/12,,KG,,71466979,147775726,,940733940,1929509060
8708.40-000,ギヤボックス及びその部分品,輸出,202301,'2023/01,,KG,,50204377,101951858,,50204377,101951858
8708.40-000,ギヤボックス及びその部分品,輸出,202302,'2023/02,,KG,,61112183,120497955,,111316560,222449813
8708.40-000,ギヤボックス及びその部分品,輸出,202303,'2023/03,,KG,,72773323,146508746,,184089883,368958559
8708.40-000,ギヤボックス及びその部分品,輸出,202304,'2023/04,,KG,,78400788,155672623,,262490671,524631182
8708.40-000,ギヤボックス及びその部分品,輸出,202305,'2023/05,,KG,,68802458,138302544,,331293129,662933726
8708.40-000,ギヤボックス及びその部分品,輸出,202306,'2023/06,,KG,,79236018,164288233,,410529147,827221959
8708.40-000,ギヤボックス及びその部分品,輸出,202307,'2023/07,,KG,,83525804,176173771,,494054951,1003395730
8708.40-000,ギヤボックス及びその部分品,輸出,202308,'2023/08,,KG,,73428975,154355392,,567483926,1157751122
8708.40-000,ギヤボックス及びその部分品,輸出,202309,'2023/09,,KG,,89895052,193124438,,657378978,1350875560
8708.40-000,ギヤボックス及びその部分品,輸出,202310,'2023/10,,KG,,87076806,190163033,,744455784,1541038593
8708.40-000,ギヤボックス及びその部分品,輸出,202311,'2023/11,,KG,,78326831,171261500,,822782615,1712300093
8708.40-000,ギヤボックス及びその部分品,輸出,202312,'2023/12,,KG,,85367439,183607061,,908150054,1895907154
8708.40-000,ギヤボックス及びその部分品,輸出,202401,'2024/01,,KG,,65693012,137445544,,65693012,137445544
8708.40-000,ギヤボックス及びその部分品,輸出,202402,'2024/02,,KG,,74483563,158080896,,140176575,295526440
8708.40-000,ギヤボックス及びその部分品,輸出,202403,'2024/03,,KG,,75418430,161283022,,215595005,456809462
8708.40-000,ギヤボックス及びその部分品,輸出,202404,'2024/04,,KG,,74580450,160284831,,290175455,617094293
8708.40-000,ギヤボックス及びその部分品,輸出,202405,'2024/05,,KG,,68207893,147184137,,358383348,764278430
8708.40-000,ギヤボックス及びその部分品,輸出,202406,'2024/06,,KG,,72955509,160899385,,431338857,925177815
8708.40-000,ギヤボックス及びその部分品,輸出,202407,'2024/07,,KG,,78652009,175755653,,509990866,1100933468
8708.40-000,ギヤボックス及びその部分品,輸出,202408,'2024/08,,KG,,69466483,149414525,,579457349,1250347993
8708.40-000,ギヤボックス及びその部分品,輸出,202409,'2024/09,,KG,,73024931,153786001,,652482280,1404133994
8708.40-000,ギヤボックス及びその部分品,輸出,202410,'2024/10,,KG,,73534444,156528712,,726016724,1560662706
8708.40-000,ギヤボックス及びその部分品,輸出,202411,'2024/11,,KG,,69761355,152140738,,795778079,1712803444
8708.40-000,ギヤボックス及びその部分品,輸出,202412,'2024/12,,KG,,79386418,169060742,,875164497,1881864186
8708.40-000,ギヤボックス及びその部分品,輸出,202501,'2025/01,,KG,,51923254,111743347,,51923254,111743347
8708.40-000,ギヤボックス及びその部分品,輸出,202502,'2025/02,,KG,,72637736,157068718,,124560990,268812065
8708.40-000,ギヤボックス及びその部分品,輸出,202503,'2025/03,,KG,,71626003,149863510,,196186993,418675575
8708.40-000,ギヤボックス及びその部分品,輸出,202504,'2025/04,,KG,,74299482,155542334,,270486475,574217909
8708.40-000,ギヤボックス及びその部分品,輸出,202505,'2025/05,,KG,,64165196,130283267,,334651671,704501176
8708.40-000,ギヤボックス及びその部分品,輸出,202506,'2025/06,,KG,,71815333,148044773,,406467004,852545949
8708.40-000,ギヤボックス及びその部分品,輸出,202507,'2025/07,,KG,,76748531,157042246,,483215535,1009588195
8708.40-000,ギヤボックス及びその部分品,輸出,202508,'2025/08,,KG,,61422849,127004750,,544638384,1136592945
8708.40-000,ギヤボックス及びその部分品,輸出,202509,'2025/09,,KG,,67398160,138941645,,612036544,1275534590
8708.40-000,ギヤボックス及びその部分品,輸出,202510,'2025/10,,KG,,69647938,144963024,,681684482,1420497614
8708.40-000,ギヤボックス及びその部分品,輸出,202511,'2025/11,,KG,,62595982,132898876,,744280464,1553396490
8708.40-000,ギヤボックス及びその部分品,輸出,202512,'2025/12,,KG,,66343580,144598501,,810624044,1697994991
8708.40-000,ギヤボックス及びその部分品,輸出,202601,'2026/01,,KG,,56129752,119851682,,56129752,119851682
8708.40-000,ギヤボックス及びその部分品,輸出,202602,'2026/02,,KG,,61860717,133551226,,117990469,253402908
8708.40-000,ギヤボックス及びその部分品,輸出,202603,'2026/03,,KG,,69090984,149685972,,187081453,403088880
8708.40-000,ギヤボックス及びその部分品,輸出,202604,'2026/04,,KG,,70842359,153628842,,257923812,556717722
8708.40-000,ギヤボックス及びその部分品,輸出,202605,'2026/05,,KG,,58636232,125933514,,316560044,682651236
8708.40-000,ギヤボックス及びその部分品,輸出,202606,'2026/06,,KG,,63617586,135469931,,380177630,818121167
8708.40-000,ギヤボックス及びその部分品,輸出,202607,'2026/07,,KG,,66102594,143216729,,446280224,961337896
8708.50-000,駆動軸（ディファレンシャル付き）,輸出,202201,'2022/01,,KG,,18265791,20077922,,18265791,20077922
8708.50-000,駆動軸（ディファレンシャル付き）,輸出,202202,'2022/02,,KG,,20785411,22999141,,39051202,43077063
8708.50-000,駆動軸（ディファレンシャル付き）,輸出,202203,'2022/03,,KG,,24416311,30088560,,63467513,73165623
8708.50-000,駆動軸（ディファレンシャル付き）,輸出,202204,'2022/04,,KG,,23548625,29215763,,87016138,102381386
8708.50-000,駆動軸（ディファレンシャル付き）,輸出,202205,'2022/05,,KG,,17954104,21275471,,104970242,123656857
8708.50-000,駆動軸（ディファレンシャル付き）,輸出,202206,'2022/06,,KG,,21453699,25247037,,126423941,148903894
8708.50-000,駆動軸（ディファレンシャル付き）,輸出,202207,'2022/07,,KG,,22756442,27793023,,149180383,176696917
8708.50-000,駆動軸（ディファレンシャル付き）,輸出,202208,'2022/08,,KG,,20051676,25905994,,169232059,202602911
8708.50-000,駆動軸（ディファレンシャル付き）,輸出,202209,'2022/09,,KG,,21390037,27880173,,190622096,230483084
8708.50-000,駆動軸（ディファレンシャル付き）,輸出,202210,'2022/10,,KG,,23141782,30140196,,213763878,260623280
8708.50-000,駆動軸（ディファレンシャル付き）,輸出,202211,'2022/11,,KG,,20422180,27852050,,234186058,288475330
8708.50-000,駆動軸（ディファレンシャル付き）,輸出,202212,'2022/12,,KG,,23070876,29369343,,257256934,317844673
8708.50-000,駆動軸（ディファレンシャル付き）,輸出,202301,'2023/01,,KG,,16421428,20044493,,16421428,20044493
8708.50-000,駆動軸（ディファレンシャル付き）,輸出,202302,'2023/02,,KG,,18921865,23199361,,35343293,43243854
8708.50-000,駆動軸（ディファレンシャル付き）,輸出,202303,'2023/03,,KG,,20421077,26251959,,55764370,69495813
8708.50-000,駆動軸（ディファレンシャル付き）,輸出,202304,'2023/04,,KG,,20932317,26457803,,76696687,95953616
8708.50-000,駆動軸（ディファレンシャル付き）,輸出,202305,'2023/05,,KG,,18059426,22587737,,94756113,118541353
8708.50-000,駆動軸（ディファレンシャル付き）,輸出,202306,'2023/06,,KG,,21434493,27575806,,116190606,146117159
8708.50-000,駆動軸（ディファレンシャル付き）,輸出,202307,'2023/07,,KG,,23098657,30907086,,139289263,177024245
8708.50-000,駆動軸（ディファレンシャル付き）,輸出,202308,'2023/08,,KG,,19905086,27801933,,159194349,204826178
8708.50-000,駆動軸（ディファレンシャル付き）,輸出,202309,'2023/09,,KG,,22718181,31350281,,181912530,236176459
8708.50-000,駆動軸（ディファレンシャル付き）,輸出,202310,'2023/10,,KG,,23653222,33838087,,205565752,270014546
8708.50-000,駆動軸（ディファレンシャル付き）,輸出,202311,'2023/11,,KG,,20262673,28023612,,225828425,298038158
8708.50-000,駆動軸（ディファレンシャル付き）,輸出,202312,'2023/12,,KG,,23556915,32294651,,249385340,330332809
8708.50-000,駆動軸（ディファレンシャル付き）,輸出,202401,'2024/01,,KG,,16311167,21932200,,16311167,21932200
8708.50-000,駆動軸（ディファレンシャル付き）,輸出,202402,'2024/02,,KG,,18578493,26230312,,34889660,48162512
8708.50-000,駆動軸（ディファレンシャル付き）,輸出,202403,'2024/03,,KG,,20561054,30210282,,55450714,78372794
8708.50-000,駆動軸（ディファレンシャル付き）,輸出,202404,'2024/04,,KG,,20664827,30658885,,76115541,109031679
8708.50-000,駆動軸（ディファレンシャル付き）,輸出,202405,'2024/05,,KG,,18429367,27020786,,94544908,136052465
8708.50-000,駆動軸（ディファレンシャル付き）,輸出,202406,'2024/06,,KG,,20930725,31936854,,115475633,167989319
8708.50-000,駆動軸（ディファレンシャル付き）,輸出,202407,'2024/07,,KG,,22082047,34352621,,137557680,202341940
8708.50-000,駆動軸（ディファレンシャル付き）,輸出,202408,'2024/08,,KG,,18781701,26568531,,156339381,228910471
8708.50-000,駆動軸（ディファレンシャル付き）,輸出,202409,'2024/09,,KG,,19980390,28105298,,176319771,257015769
8708.50-000,駆動軸（ディファレンシャル付き）,輸出,202410,'2024/10,,KG,,21802660,30882460,,198122431,287898229
8708.50-000,駆動軸（ディファレンシャル付き）,輸出,202411,'2024/11,,KG,,20130628,28178917,,218253059,316077146
8708.50-000,駆動軸（ディファレンシャル付き）,輸出,202412,'2024/12,,KG,,22401426,33232468,,240654485,349309614
8708.50-000,駆動軸（ディファレンシャル付き）,輸出,202501,'2025/01,,KG,,16370563,24238601,,16370563,24238601
8708.50-000,駆動軸（ディファレンシャル付き）,輸出,202502,'2025/02,,KG,,20081455,31137971,,36452018,55376572
8708.50-000,駆動軸（ディファレンシャル付き）,輸出,202503,'2025/03,,KG,,20520660,28435152,,56972678,83811724
8708.50-000,駆動軸（ディファレンシャル付き）,輸出,202504,'2025/04,,KG,,20647053,28455146,,77619731,112266870
8708.50-000,駆動軸（ディファレンシャル付き）,輸出,202505,'2025/05,,KG,,18019805,22500720,,95639536,134767590
8708.50-000,駆動軸（ディファレンシャル付き）,輸出,202506,'2025/06,,KG,,21005303,27568839,,116644839,162336429
8708.50-000,駆動軸（ディファレンシャル付き）,輸出,202507,'2025/07,,KG,,20701778,28011090,,137346617,190347519
8708.50-000,駆動軸（ディファレンシャル付き）,輸出,202508,'2025/08,,KG,,17301455,23615226,,154648072,213962745
8708.50-000,駆動軸（ディファレンシャル付き）,輸出,202509,'2025/09,,KG,,19203893,26186927,,173851965,240149672
8708.50-000,駆動軸（ディファレンシャル付き）,輸出,202510,'2025/10,,KG,,19882526,27060494,,193734491,267210166
8708.50-000,駆動軸（ディファレンシャル付き）,輸出,202511,'2025/11,,KG,,19304450,25117697,,213038941,292327863
8708.50-000,駆動軸（ディファレンシャル付き）,輸出,202512,'2025/12,,KG,,20828831,27691296,,233867772,320019159
8708.50-000,駆動軸（ディファレンシャル付き）,輸出,202601,'2026/01,,KG,,15539090,19819579,,15539090,19819579
8708.50-000,駆動軸（ディファレンシャル付き）,輸出,202602,'2026/02,,KG,,18923580,25931737,,34462670,45751316
8708.50-000,駆動軸（ディファレンシャル付き）,輸出,202603,'2026/03,,KG,,20606862,30065586,,55069532,75816902
8708.50-000,駆動軸（ディファレンシャル付き）,輸出,202604,'2026/04,,KG,,20925550,30886673,,75995082,106703575
8708.50-000,駆動軸（ディファレンシャル付き）,輸出,202605,'2026/05,,KG,,17309748,24942772,,93304830,131646347
8708.50-000,駆動軸（ディファレンシャル付き）,輸出,202606,'2026/06,,KG,,20600522,28798272,,113905352,160444619
8708.50-000,駆動軸（ディファレンシャル付き）,輸出,202607,'2026/07,,KG,,21989947,30709049,,135895299,191153668
8708.70-000,車輪（ホイール）及びその部分品,輸出,202201,'2022/01,,KG,,4387006,2508944,,4387006,2508944
8708.70-000,車輪（ホイール）及びその部分品,輸出,202202,'2022/02,,KG,,5567637,2871462,,9954643,5380406
8708.70-000,車輪（ホイール）及びその部分品,輸出,202203,'2022/03,,KG,,5831655,3624511,,15786298,9004917
8708.70-000,車輪（ホイール）及びその部分品,輸出,202204,'2022/04,,KG,,5546328,3649961,,21332626,12654878
8708.70-000,車輪（ホイール）及びその部分品,輸出,202205,'2022/05,,KG,,5478830,3434989,,26811456,16089867
8708.70-000,車輪（ホイール）及びその部分品,輸出,202206,'2022/06,,KG,,7272715,4014427,,34084171,20104294
8708.70-000,車輪（ホイール）及びその部分品,輸出,202207,'2022/07,,KG,,6611960,3505792,,40696131,23610086
8708.70-000,車輪（ホイール）及びその部分品,輸出,202208,'2022/08,,KG,,5606652,3390861,,46302783,27000947
8708.70-000,車輪（ホイール）及びその部分品,輸出,202209,'2022/09,,KG,,5530003,3402607,,51832786,30403554
8708.70-000,車輪（ホイール）及びその部分品,輸出,202210,'2022/10,,KG,,7111073,4182610,,58943859,34586164
8708.70-000,車輪（ホイール）及びその部分品,輸出,202211,'2022/11,,KG,,6179175,3642959,,65123034,38229123
8708.70-000,車輪（ホイール）及びその部分品,輸出,202212,'2022/12,,KG,,6475055,4120775,,71598089,42349898
8708.70-000,車輪（ホイール）及びその部分品,輸出,202301,'2023/01,,KG,,4581156,2436389,,4581156,2436389
8708.70-000,車輪（ホイール）及びその部分品,輸出,202302,'2023/02,,KG,,5316636,3237066,,9897792,5673455
8708.70-000,車輪（ホイール）及びその部分品,輸出,202303,'2023/03,,KG,,5889355,3435990,,15787147,9109445
8708.70-000,車輪（ホイール）及びその部分品,輸出,202304,'2023/04,,KG,,6180581,3640117,,21967728,12749562
8708.70-000,車輪（ホイール）及びその部分品,輸出,202305,'2023/05,,KG,,5696613,3080057,,27664341,15829619
8708.70-000,車輪（ホイール）及びその部分品,輸出,202306,'2023/06,,KG,,6397900,3630693,,34062241,19460312
8708.70-000,車輪（ホイール）及びその部分品,輸出,202307,'2023/07,,KG,,6245153,3817457,,40307394,23277769
8708.70-000,車輪（ホイール）及びその部分品,輸出,202308,'2023/08,,KG,,4665123,2765051,,44972517,26042820
8708.70-000,車輪（ホイール）及びその部分品,輸出,202309,'2023/09,,KG,,5592635,3458385,,50565152,29501205
8708.70-000,車輪（ホイール）及びその部分品,輸出,202310,'2023/10,,KG,,6160493,3561522,,56725645,33062727
8708.70-000,車輪（ホイール）及びその部分品,輸出,202311,'2023/11,,KG,,5883707,3437779,,62609352,36500506
8708.70-000,車輪（ホイール）及びその部分品,輸出,202312,'2023/12,,KG,,7247343,4065998,,69856695,40566504
8708.70-000,車輪（ホイール）及びその部分品,輸出,202401,'2024/01,,KG,,4279133,2363508,,4279133,2363508
8708.70-000,車輪（ホイール）及びその部分品,輸出,202402,'2024/02,,KG,,5429290,3145735,,9708423,5509243
8708.70-000,車輪（ホイール）及びその部分品,輸出,202403,'2024/03,,KG,,6604121,3769191,,16312544,9278434
8708.70-000,車輪（ホイール）及びその部分品,輸出,202404,'2024/04,,KG,,6224485,3636483,,22537029,12914917
8708.70-000,車輪（ホイール）及びその部分品,輸出,202405,'2024/05,,KG,,5725562,3399733,,28262591,16314650
8708.70-000,車輪（ホイール）及びその部分品,輸出,202406,'2024/06,,KG,,5811606,3999223,,34074197,20313873
8708.70-000,車輪（ホイール）及びその部分品,輸出,202407,'2024/07,,KG,,5754546,3734592,,39828743,24048465
8708.70-000,車輪（ホイール）及びその部分品,輸出,202408,'2024/08,,KG,,4470808,2981700,,44299551,27030165
8708.70-000,車輪（ホイール）及びその部分品,輸出,202409,'2024/09,,KG,,5401793,3546776,,49701344,30576941
8708.70-000,車輪（ホイール）及びその部分品,輸出,202410,'2024/10,,KG,,5628668,3406292,,55330012,33983233
8708.70-000,車輪（ホイール）及びその部分品,輸出,202411,'2024/11,,KG,,4661535,2979863,,59991547,36963096
8708.70-000,車輪（ホイール）及びその部分品,輸出,202412,'2024/12,,KG,,5592915,3614121,,65584462,40577217
8708.70-000,車輪（ホイール）及びその部分品,輸出,202501,'2025/01,,KG,,3762471,2463842,,3762471,2463842
8708.70-000,車輪（ホイール）及びその部分品,輸出,202502,'2025/02,,KG,,4319142,3027757,,8081613,5491599
8708.70-000,車輪（ホイール）及びその部分品,輸出,202503,'2025/03,,KG,,5568889,3378439,,13650502,8870038
8708.70-000,車輪（ホイール）及びその部分品,輸出,202504,'2025/04,,KG,,5279500,3327948,,18930002,12197986
8708.70-000,車輪（ホイール）及びその部分品,輸出,202505,'2025/05,,KG,,5067827,2914091,,23997829,15112077
8708.70-000,車輪（ホイール）及びその部分品,輸出,202506,'2025/06,,KG,,5614652,3279369,,29612481,18391446
8708.70-000,車輪（ホイール）及びその部分品,輸出,202507,'2025/07,,KG,,5666800,3652577,,35279281,22044023
8708.70-000,車輪（ホイール）及びその部分品,輸出,202508,'2025/08,,KG,,4404704,2689653,,39683985,24733676
8708.70-000,車輪（ホイール）及びその部分品,輸出,202509,'2025/09,,KG,,4835347,3344277,,44519332,28077953
8708.70-000,車輪（ホイール）及びその部分品,輸出,202510,'2025/10,,KG,,5873599,3690257,,50392931,31768210
8708.70-000,車輪（ホイール）及びその部分品,輸出,202511,'2025/11,,KG,,5229623,3420509,,55622554,35188719
8708.70-000,車輪（ホイール）及びその部分品,輸出,202512,'2025/12,,KG,,5987192,3743258,,61609746,38931977
8708.70-000,車輪（ホイール）及びその部分品,輸出,202601,'2026/01,,KG,,3983487,2723201,,3983487,2723201
8708.70-000,車輪（ホイール）及びその部分品,輸出,202602,'2026/02,,KG,,4679342,3078827,,8662829,5802028
8708.70-000,車輪（ホイール）及びその部分品,輸出,202603,'2026/03,,KG,,5108516,3479355,,13771345,9281383
8708.70-000,車輪（ホイール）及びその部分品,輸出,202604,'2026/04,,KG,,4658963,3502066,,18430308,12783449
8708.70-000,車輪（ホイール）及びその部分品,輸出,202605,'2026/05,,KG,,4330490,3120338,,22760798,15903787
8708.70-000,車輪（ホイール）及びその部分品,輸出,202606,'2026/06,,KG,,5070568,3689147,,27831366,19592934
8708.70-000,車輪（ホイール）及びその部分品,輸出,202607,'2026/07,,KG,,4954880,3911569,,32786246,23504503
8708.80-000,サスペンションシステム及び部分品,輸出,202201,'2022/01,,KG,,8471475,8611956,,8471475,8611956
8708.80-000,サスペンションシステム及び部分品,輸出,202202,'2022/02,,KG,,9571417,9723422,,18042892,18335378
8708.80-000,サスペンションシステム及び部分品,輸出,202203,'2022/03,,KG,,10642507,11780965,,28685399,30116343
8708.80-000,サスペンションシステム及び部分品,輸出,202204,'2022/04,,KG,,10291141,11375160,,38976540,41491503
8708.80-000,サスペンションシステム及び部分品,輸出,202205,'2022/05,,KG,,8307903,8786511,,47284443,50278014
8708.80-000,サスペンションシステム及び部分品,輸出,202206,'2022/06,,KG,,10614788,11762145,,57899231,62040159
8708.80-000,サスペンションシステム及び部分品,輸出,202207,'2022/07,,KG,,10105139,11546490,,68004370,73586649
8708.80-000,サスペンションシステム及び部分品,輸出,202208,'2022/08,,KG,,8990440,10544817,,76994810,84131466
8708.80-000,サスペンションシステム及び部分品,輸出,202209,'2022/09,,KG,,9376897,10933529,,86371707,95064995
8708.80-000,サスペンションシステム及び部分品,輸出,202210,'2022/10,,KG,,9756318,12063891,,96128025,107128886
8708.80-000,サスペンションシステム及び部分品,輸出,202211,'2022/11,,KG,,8915601,10964932,,105043626,118093818
8708.80-000,サスペンションシステム及び部分品,輸出,202212,'2022/12,,KG,,10300517,12396466,,115344143,130490284
8708.80-000,サスペンションシステム及び部分品,輸出,202301,'2023/01,,KG,,7597106,8425828,,7597106,8425828
8708.80-000,サスペンションシステム及び部分品,輸出,202302,'2023/02,,KG,,9536740,10566006,,17133846,18991834
8708.80-000,サスペンションシステム及び部分品,輸出,202303,'2023/03,,KG,,9604481,11358865,,26738327,30350699
8708.80-000,サスペンションシステム及び部分品,輸出,202304,'2023/04,,KG,,9105972,11868069,,35844299,42218768
8708.80-000,サスペンションシステム及び部分品,輸出,202305,'2023/05,,KG,,7492434,9815953,,43336733,52034721
8708.80-000,サスペンションシステム及び部分品,輸出,202306,'2023/06,,KG,,9064950,11893571,,52401683,63928292
8708.80-000,サスペンションシステム及び部分品,輸出,202307,'2023/07,,KG,,9961863,13222922,,62363546,77151214
8708.80-000,サスペンションシステム及び部分品,輸出,202308,'2023/08,,KG,,8279657,11381762,,70643203,88532976
8708.80-000,サスペンションシステム及び部分品,輸出,202309,'2023/09,,KG,,9805319,12871595,,80448522,101404571
8708.80-000,サスペンションシステム及び部分品,輸出,202310,'2023/10,,KG,,10268260,13995097,,90716782,115399668
8708.80-000,サスペンションシステム及び部分品,輸出,202311,'2023/11,,KG,,9419641,11979257,,100136423,127378925
8708.80-000,サスペンションシステム及び部分品,輸出,202312,'2023/12,,KG,,10998707,14109046,,111135130,141487971
8708.80-000,サスペンションシステム及び部分品,輸出,202401,'2024/01,,KG,,8263715,10377530,,8263715,10377530
8708.80-000,サスペンションシステム及び部分品,輸出,202402,'2024/02,,KG,,10251487,12980418,,18515202,23357948
8708.80-000,サスペンションシステム及び部分品,輸出,202403,'2024/03,,KG,,12272473,15570796,,30787675,38928744
8708.80-000,サスペンションシステム及び部分品,輸出,202404,'2024/04,,KG,,9866372,13059518,,40654047,51988262
8708.80-000,サスペンションシステム及び部分品,輸出,202405,'2024/05,,KG,,9167623,11960242,,49821670,63948504
8708.80-000,サスペンションシステム及び部分品,輸出,202406,'2024/06,,KG,,9884269,13686752,,59705939,77635256
8708.80-000,サスペンションシステム及び部分品,輸出,202407,'2024/07,,KG,,11063676,15084397,,70769615,92719653
8708.80-000,サスペンションシステム及び部分品,輸出,202408,'2024/08,,KG,,9939374,12474853,,80708989,105194506
8708.80-000,サスペンションシステム及び部分品,輸出,202409,'2024/09,,KG,,10441775,12883917,,91150764,118078423
8708.80-000,サスペンションシステム及び部分品,輸出,202410,'2024/10,,KG,,10683309,13313807,,101834073,131392230
8708.80-000,サスペンションシステム及び部分品,輸出,202411,'2024/11,,KG,,9813286,12290524,,111647359,143682754
8708.80-000,サスペンションシステム及び部分品,輸出,202412,'2024/12,,KG,,11775150,14965018,,123422509,158647772
8708.80-000,サスペンションシステム及び部分品,輸出,202501,'2025/01,,KG,,7860023,10279990,,7860023,10279990
8708.80-000,サスペンションシステム及び部分品,輸出,202502,'2025/02,,KG,,9784037,12984325,,17644060,23264315
8708.80-000,サスペンションシステム及び部分品,輸出,202503,'2025/03,,KG,,10886405,13600488,,28530465,36864803
8708.80-000,サスペンションシステム及び部分品,輸出,202504,'2025/04,,KG,,10194983,12751234,,38725448,49616037
8708.80-000,サスペンションシステム及び部分品,輸出,202505,'2025/05,,KG,,8883008,11321577,,47608456,60937614
8708.80-000,サスペンションシステム及び部分品,輸出,202506,'2025/06,,KG,,10676874,13525540,,58285330,74463154
8708.80-000,サスペンションシステム及び部分品,輸出,202507,'2025/07,,KG,,10788318,13973117,,69073648,88436271
8708.80-000,サスペンションシステム及び部分品,輸出,202508,'2025/08,,KG,,9260794,11845759,,78334442,100282030
8708.80-000,サスペンションシステム及び部分品,輸出,202509,'2025/09,,KG,,11056975,14359975,,89391417,114642005
8708.80-000,サスペンションシステム及び部分品,輸出,202510,'2025/10,,KG,,10862785,13935621,,100254202,128577626
8708.80-000,サスペンションシステム及び部分品,輸出,202511,'2025/11,,KG,,9640382,13032371,,109894584,141609997
8708.80-000,サスペンションシステム及び部分品,輸出,202512,'2025/12,,KG,,11206515,14988218,,121101099,156598215
8708.80-000,サスペンションシステム及び部分品,輸出,202601,'2026/01,,KG,,8588821,11362244,,8588821,11362244
8708.80-000,サスペンションシステム及び部分品,輸出,202602,'2026/02,,KG,,10086331,13447525,,18675152,24809769
8708.80-000,サスペンションシステム及び部分品,輸出,202603,'2026/03,,KG,,10339248,13693047,,29014400,38502816
8708.80-000,サスペンションシステム及び部分品,輸出,202604,'2026/04,,KG,,10423646,14376527,,39438046,52879343
8708.80-000,サスペンションシステム及び部分品,輸出,202605,'2026/05,,KG,,8829682,12423881,,48267728,65303224
8708.80-000,サスペンションシステム及び部分品,輸出,202606,'2026/06,,KG,,11327145,14966439,,59594873,80269663
8708.80-000,サスペンションシステム及び部分品,輸出,202607,'2026/07,,KG,,11361743,15551225,,70956616,95820888
8708.91-000,ラジエーター及びその部分品,輸出,202201,'2022/01,,KG,,772460,1982416,,772460,1982416
8708.91-000,ラジエーター及びその部分品,輸出,202202,'2022/02,,KG,,919177,2418018,,1691637,4400434
8708.91-000,ラジエーター及びその部分品,輸出,202203,'2022/03,,KG,,970644,2582672,,2662281,6983106
8708.91-000,ラジエーター及びその部分品,輸出,202204,'2022/04,,KG,,940094,2453603,,3602375,9436709
8708.91-000,ラジエーター及びその部分品,輸出,202205,'2022/05,,KG,,655388,1741055,,4257763,11177764
8708.91-000,ラジエーター及びその部分品,輸出,202206,'2022/06,,KG,,763242,2086556,,5021005,13264320
8708.91-000,ラジエーター及びその部分品,輸出,202207,'2022/07,,KG,,801686,2442905,,5822691,15707225
8708.91-000,ラジエーター及びその部分品,輸出,202208,'2022/08,,KG,,699536,2214742,,6522227,17921967
8708.91-000,ラジエーター及びその部分品,輸出,202209,'2022/09,,KG,,860223,2427049,,7382450,20349016
8708.91-000,ラジエーター及びその部分品,輸出,202210,'2022/10,,KG,,992732,2825297,,8375182,23174313
8708.91-000,ラジエーター及びその部分品,輸出,202211,'2022/11,,KG,,904366,2595118,,9279548,25769431
8708.91-000,ラジエーター及びその部分品,輸出,202212,'2022/12,,KG,,1037114,2781730,,10316662,28551161
8708.91-000,ラジエーター及びその部分品,輸出,202301,'2023/01,,KG,,793774,2029624,,793774,2029624
8708.91-000,ラジエーター及びその部分品,輸出,202302,'2023/02,,KG,,779029,2080490,,1572803,4110114
8708.91-000,ラジエーター及びその部分品,輸出,202303,'2023/03,,KG,,849486,2430618,,2422289,6540732
8708.91-000,ラジエーター及びその部分品,輸出,202304,'2023/04,,KG,,884351,2513967,,3306640,9054699
8708.91-000,ラジエーター及びその部分品,輸出,202305,'2023/05,,KG,,774964,2194374,,4081604,11249073
8708.91-000,ラジエーター及びその部分品,輸出,202306,'2023/06,,KG,,836715,2436109,,4918319,13685182
8708.91-000,ラジエーター及びその部分品,輸出,202307,'2023/07,,KG,,966787,2931194,,5885106,16616376
8708.91-000,ラジエーター及びその部分品,輸出,202308,'2023/08,,KG,,936683,2626746,,6821789,19243122
8708.91-000,ラジエーター及びその部分品,輸出,202309,'2023/09,,KG,,1035170,3077503,,7856959,22320625
8708.91-000,ラジエーター及びその部分品,輸出,202310,'2023/10,,KG,,1015608,3072247,,8872567,25392872
8708.91-000,ラジエーター及びその部分品,輸出,202311,'2023/11,,KG,,974484,2802822,,9847051,28195694
8708.91-000,ラジエーター及びその部分品,輸出,202312,'2023/12,,KG,,1029099,2892943,,10876150,31088637
8708.91-000,ラジエーター及びその部分品,輸出,202401,'2024/01,,KG,,828472,2301970,,828472,2301970
8708.91-000,ラジエーター及びその部分品,輸出,202402,'2024/02,,KG,,915580,2777831,,1744052,5079801
8708.91-000,ラジエーター及びその部分品,輸出,202403,'2024/03,,KG,,1041995,3280153,,2786047,8359954
8708.91-000,ラジエーター及びその部分品,輸出,202404,'2024/04,,KG,,1021872,3188182,,3807919,11548136
8708.91-000,ラジエーター及びその部分品,輸出,202405,'2024/05,,KG,,830719,2483513,,4638638,14031649
8708.91-000,ラジエーター及びその部分品,輸出,202406,'2024/06,,KG,,966809,3004459,,5605447,17036108
8708.91-000,ラジエーター及びその部分品,輸出,202407,'2024/07,,KG,,1001800,3123640,,6607247,20159748
8708.91-000,ラジエーター及びその部分品,輸出,202408,'2024/08,,KG,,995788,2977962,,7603035,23137710
8708.91-000,ラジエーター及びその部分品,輸出,202409,'2024/09,,KG,,993284,2850045,,8596319,25987755
8708.91-000,ラジエーター及びその部分品,輸出,202410,'2024/10,,KG,,1098531,3146680,,9694850,29134435
8708.91-000,ラジエーター及びその部分品,輸出,202411,'2024/11,,KG,,857981,2591490,,10552831,31725925
8708.91-000,ラジエーター及びその部分品,輸出,202412,'2024/12,,KG,,1106609,3418092,,11659440,35144017
8708.91-000,ラジエーター及びその部分品,輸出,202501,'2025/01,,KG,,828521,2422925,,828521,2422925
8708.91-000,ラジエーター及びその部分品,輸出,202502,'2025/02,,KG,,1037879,3091567,,1866400,5514492
8708.91-000,ラジエーター及びその部分品,輸出,202503,'2025/03,,KG,,971710,2713359,,2838110,8227851
8708.91-000,ラジエーター及びその部分品,輸出,202504,'2025/04,,KG,,1068876,2875974,,3906986,11103825
8708.91-000,ラジエーター及びその部分品,輸出,202505,'2025/05,,KG,,822368,2204506,,4729354,13308331
8708.91-000,ラジエーター及びその部分品,輸出,202506,'2025/06,,KG,,926635,2549249,,5655989,15857580
8708.91-000,ラジエーター及びその部分品,輸出,202507,'2025/07,,KG,,1129145,3055143,,6785134,18912723
8708.91-000,ラジエーター及びその部分品,輸出,202508,'2025/08,,KG,,803767,2200091,,7588901,21112814
8708.91-000,ラジエーター及びその部分品,輸出,202509,'2025/09,,KG,,993297,2655263,,8582198,23768077
8708.91-000,ラジエーター及びその部分品,輸出,202510,'2025/10,,KG,,1019552,2729709,,9601750,26497786
8708.91-000,ラジエーター及びその部分品,輸出,202511,'2025/11,,KG,,846127,2346882,,10447877,28844668
8708.91-000,ラジエーター及びその部分品,輸出,202512,'2025/12,,KG,,1117525,3069807,,11565402,31914475
8708.91-000,ラジエーター及びその部分品,輸出,202601,'2026/01,,KG,,871635,2335253,,871635,2335253
8708.91-000,ラジエーター及びその部分品,輸出,202602,'2026/02,,KG,,925528,2601102,,1797163,4936355
8708.91-000,ラジエーター及びその部分品,輸出,202603,'2026/03,,KG,,1007930,2773342,,2805093,7709697
8708.91-000,ラジエーター及びその部分品,輸出,202604,'2026/04,,KG,,1006741,3016820,,3811834,10726517
8708.91-000,ラジエーター及びその部分品,輸出,202605,'2026/05,,KG,,898239,2538944,,4710073,13265461
8708.91-000,ラジエーター及びその部分品,輸出,202606,'2026/06,,KG,,988600,2833399,,5698673,16098860
8708.91-000,ラジエーター及びその部分品,輸出,202607,'2026/07,,KG,,1095822,3324530,,6794495,19423390
8708.92-000,消音器（マフラー）及び排気管,輸出,202201,'2022/01,,KG,,1002521,2088960,,1002521,2088960
8708.92-000,消音器（マフラー）及び排気管,輸出,202202,'2022/02,,KG,,1228293,2755283,,2230814,4844243
8708.92-000,消音器（マフラー）及び排気管,輸出,202203,'2022/03,,KG,,1616574,3517300,,3847388,8361543
8708.92-000,消音器（マフラー）及び排気管,輸出,202204,'2022/04,,KG,,1639598,3616175,,5486986,11977718
8708.92-000,消音器（マフラー）及び排気管,輸出,202205,'2022/05,,KG,,1155943,2731896,,6642929,14709614
8708.92-000,消音器（マフラー）及び排気管,輸出,202206,'2022/06,,KG,,1259190,3131348,,7902119,17840962
8708.92-000,消音器（マフラー）及び排気管,輸出,202207,'2022/07,,KG,,1226008,3156398,,9128127,20997360
8708.92-000,消音器（マフラー）及び排気管,輸出,202208,'2022/08,,KG,,1226768,3012341,,10354895,24009701
8708.92-000,消音器（マフラー）及び排気管,輸出,202209,'2022/09,,KG,,1209560,3224490,,11564455,27234191
8708.92-000,消音器（マフラー）及び排気管,輸出,202210,'2022/10,,KG,,1401007,3805095,,12965462,31039286
8708.92-000,消音器（マフラー）及び排気管,輸出,202211,'2022/11,,KG,,1232934,3549628,,14198396,34588914
8708.92-000,消音器（マフラー）及び排気管,輸出,202212,'2022/12,,KG,,1682081,4107779,,15880477,38696693
8708.92-000,消音器（マフラー）及び排気管,輸出,202301,'2023/01,,KG,,1098979,2604003,,1098979,2604003
8708.92-000,消音器（マフラー）及び排気管,輸出,202302,'2023/02,,KG,,1005943,2817655,,2104922,5421658
8708.92-000,消音器（マフラー）及び排気管,輸出,202303,'2023/03,,KG,,1139131,3115016,,3244053,8536674
8708.92-000,消音器（マフラー）及び排気管,輸出,202304,'2023/04,,KG,,1280620,3392551,,4524673,11929225
8708.92-000,消音器（マフラー）及び排気管,輸出,202305,'2023/05,,KG,,1171034,2697313,,5695707,14626538
8708.92-000,消音器（マフラー）及び排気管,輸出,202306,'2023/06,,KG,,1255741,3270753,,6951448,17897291
8708.92-000,消音器（マフラー）及び排気管,輸出,202307,'2023/07,,KG,,1567376,3650922,,8518824,21548213
8708.92-000,消音器（マフラー）及び排気管,輸出,202308,'2023/08,,KG,,1233879,2814390,,9752703,24362603
8708.92-000,消音器（マフラー）及び排気管,輸出,202309,'2023/09,,KG,,1402163,3412394,,11154866,27774997
8708.92-000,消音器（マフラー）及び排気管,輸出,202310,'2023/10,,KG,,1482557,3379976,,12637423,31154973
8708.92-000,消音器（マフラー）及び排気管,輸出,202311,'2023/11,,KG,,1157071,2675474,,13794494,33830447
8708.92-000,消音器（マフラー）及び排気管,輸出,202312,'2023/12,,KG,,1464264,3234812,,15258758,37065259
8708.92-000,消音器（マフラー）及び排気管,輸出,202401,'2024/01,,KG,,1109129,2260398,,1109129,2260398
8708.92-000,消音器（マフラー）及び排気管,輸出,202402,'2024/02,,KG,,1075046,2390990,,2184175,4651388
8708.92-000,消音器（マフラー）及び排気管,輸出,202403,'2024/03,,KG,,1127086,2697055,,3311261,7348443
8708.92-000,消音器（マフラー）及び排気管,輸出,202404,'2024/04,,KG,,1306139,2904346,,4617400,10252789
8708.92-000,消音器（マフラー）及び排気管,輸出,202405,'2024/05,,KG,,1039217,2549396,,5656617,12802185
8708.92-000,消音器（マフラー）及び排気管,輸出,202406,'2024/06,,KG,,1301689,3224402,,6958306,16026587
8708.92-000,消音器（マフラー）及び排気管,輸出,202407,'2024/07,,KG,,1420051,3477782,,8378357,19504369
8708.92-000,消音器（マフラー）及び排気管,輸出,202408,'2024/08,,KG,,1061832,2572557,,9440189,22076926
8708.92-000,消音器（マフラー）及び排気管,輸出,202409,'2024/09,,KG,,1290359,2818383,,10730548,24895309
8708.92-000,消音器（マフラー）及び排気管,輸出,202410,'2024/10,,KG,,1321312,2924380,,12051860,27819689
8708.92-000,消音器（マフラー）及び排気管,輸出,202411,'2024/11,,KG,,1165001,2556975,,13216861,30376664
8708.92-000,消音器（マフラー）及び排気管,輸出,202412,'2024/12,,KG,,1409712,3223783,,14626573,33600447
8708.92-000,消音器（マフラー）及び排気管,輸出,202501,'2025/01,,KG,,968932,2187613,,968932,2187613
8708.92-000,消音器（マフラー）及び排気管,輸出,202502,'2025/02,,KG,,1182773,2568666,,2151705,4756279
8708.92-000,消音器（マフラー）及び排気管,輸出,202503,'2025/03,,KG,,1185888,2563872,,3337593,7320151
8708.92-000,消音器（マフラー）及び排気管,輸出,202504,'2025/04,,KG,,1277617,2652885,,4615210,9973036
8708.92-000,消音器（マフラー）及び排気管,輸出,202505,'2025/05,,KG,,1041135,2245250,,5656345,12218286
8708.92-000,消音器（マフラー）及び排気管,輸出,202506,'2025/06,,KG,,1149688,2640100,,6806033,14858386
8708.92-000,消音器（マフラー）及び排気管,輸出,202507,'2025/07,,KG,,1325396,2932165,,8131429,17790551
8708.92-000,消音器（マフラー）及び排気管,輸出,202508,'2025/08,,KG,,1060023,2479033,,9191452,20269584
8708.92-000,消音器（マフラー）及び排気管,輸出,202509,'2025/09,,KG,,1064397,2665762,,10255849,22935346
8708.92-000,消音器（マフラー）及び排気管,輸出,202510,'2025/10,,KG,,1139166,2779397,,11395015,25714743
8708.92-000,消音器（マフラー）及び排気管,輸出,202511,'2025/11,,KG,,1053543,2447449,,12448558,28162192
8708.92-000,消音器（マフラー）及び排気管,輸出,202512,'2025/12,,KG,,1319811,3044918,,13768369,31207110
8708.92-000,消音器（マフラー）及び排気管,輸出,202601,'2026/01,,KG,,962847,2312247,,962847,2312247
8708.92-000,消音器（マフラー）及び排気管,輸出,202602,'2026/02,,KG,,1021390,2528384,,1984237,4840631
8708.92-000,消音器（マフラー）及び排気管,輸出,202603,'2026/03,,KG,,1169130,2969458,,3153367,7810089
8708.92-000,消音器（マフラー）及び排気管,輸出,202604,'2026/04,,KG,,1187123,2984845,,4340490,10794934
8708.92-000,消音器（マフラー）及び排気管,輸出,202605,'2026/05,,KG,,1053872,2532998,,5394362,13327932
8708.92-000,消音器（マフラー）及び排気管,輸出,202606,'2026/06,,KG,,1203312,2859191,,6597674,16187123
8708.92-000,消音器（マフラー）及び排気管,輸出,202607,'2026/07,,KG,,1329066,3403486,,7926740,19590609
8708.93-000,クラッチ及びその部分品,輸出,202201,'2022/01,,KG,,6213242,8594685,,6213242,8594685
8708.93-000,クラッチ及びその部分品,輸出,202202,'2022/02,,KG,,7288465,10184863,,13501707,18779548
8708.93-000,クラッチ及びその部分品,輸出,202203,'2022/03,,KG,,7904330,11344378,,21406037,30123926
8708.93-000,クラッチ及びその部分品,輸出,202204,'2022/04,,KG,,7540814,11020485,,28946851,41144411
8708.93-000,クラッチ及びその部分品,輸出,202205,'2022/05,,KG,,6592201,9916170,,35539052,51060581
8708.93-000,クラッチ及びその部分品,輸出,202206,'2022/06,,KG,,6940462,10264686,,42479514,61325267
8708.93-000,クラッチ及びその部分品,輸出,202207,'2022/07,,KG,,6822883,10628818,,49302397,71954085
8708.93-000,クラッチ及びその部分品,輸出,202208,'2022/08,,KG,,6505034,10586954,,55807431,82541039
8708.93-000,クラッチ及びその部分品,輸出,202209,'2022/09,,KG,,7375152,11115439,,63182583,93656478
8708.93-000,クラッチ及びその部分品,輸出,202210,'2022/10,,KG,,7999388,12427060,,71181971,106083538
8708.93-000,クラッチ及びその部分品,輸出,202211,'2022/11,,KG,,6588535,10646655,,77770506,116730193
8708.93-000,クラッチ及びその部分品,輸出,202212,'2022/12,,KG,,7225453,11397085,,84995959,128127278
8708.93-000,クラッチ及びその部分品,輸出,202301,'2023/01,,KG,,5205557,7867015,,5205557,7867015
8708.93-000,クラッチ及びその部分品,輸出,202302,'2023/02,,KG,,5473143,8304511,,10678700,16171526
8708.93-000,クラッチ及びその部分品,輸出,202303,'2023/03,,KG,,6053081,9451728,,16731781,25623254
8708.93-000,クラッチ及びその部分品,輸出,202304,'2023/04,,KG,,6160418,9370682,,22892199,34993936
8708.93-000,クラッチ及びその部分品,輸出,202305,'2023/05,,KG,,5659984,8779915,,28552183,43773851
8708.93-000,クラッチ及びその部分品,輸出,202306,'2023/06,,KG,,6538151,9919774,,35090334,53693625
8708.93-000,クラッチ及びその部分品,輸出,202307,'2023/07,,KG,,7079400,11146738,,42169734,64840363
8708.93-000,クラッチ及びその部分品,輸出,202308,'2023/08,,KG,,5461005,8876893,,47630739,73717256
8708.93-000,クラッチ及びその部分品,輸出,202309,'2023/09,,KG,,6115610,9169187,,53746349,82886443
8708.93-000,クラッチ及びその部分品,輸出,202310,'2023/10,,KG,,6059704,9552530,,59806053,92438973
8708.93-000,クラッチ及びその部分品,輸出,202311,'2023/11,,KG,,5517156,8273724,,65323209,100712697
8708.93-000,クラッチ及びその部分品,輸出,202312,'2023/12,,KG,,5956600,9643438,,71279809,110356135
8708.93-000,クラッチ及びその部分品,輸出,202401,'2024/01,,KG,,4877974,7743895,,4877974,7743895
8708.93-000,クラッチ及びその部分品,輸出,202402,'2024/02,,KG,,5477716,8508463,,10355690,16252358
8708.93-000,クラッチ及びその部分品,輸出,202403,'2024/03,,KG,,5600332,9012235,,15956022,25264593
8708.93-000,クラッチ及びその部分品,輸出,202404,'2024/04,,KG,,5668844,8781687,,21624866,34046280
8708.93-000,クラッチ及びその部分品,輸出,202405,'2024/05,,KG,,5095770,7744897,,26720636,41791177
8708.93-000,クラッチ及びその部分品,輸出,202406,'2024/06,,KG,,5349900,8761234,,32070536,50552411
8708.93-000,クラッチ及びその部分品,輸出,202407,'2024/07,,KG,,5755978,9561206,,37826514,60113617
8708.93-000,クラッチ及びその部分品,輸出,202408,'2024/08,,KG,,4926930,7861439,,42753444,67975056
8708.93-000,クラッチ及びその部分品,輸出,202409,'2024/09,,KG,,5543267,8857764,,48296711,76832820
8708.93-000,クラッチ及びその部分品,輸出,202410,'2024/10,,KG,,5561148,8690845,,53857859,85523665
8708.93-000,クラッチ及びその部分品,輸出,202411,'2024/11,,KG,,5148359,8434713,,59006218,93958378
8708.93-000,クラッチ及びその部分品,輸出,202412,'2024/12,,KG,,5397247,8991849,,64403465,102950227
8708.93-000,クラッチ及びその部分品,輸出,202501,'2025/01,,KG,,4355454,7040337,,4355454,7040337
8708.93-000,クラッチ及びその部分品,輸出,202502,'2025/02,,KG,,5225609,8453184,,9581063,15493521
8708.93-000,クラッチ及びその部分品,輸出,202503,'2025/03,,KG,,5527740,8573519,,15108803,24067040
8708.93-000,クラッチ及びその部分品,輸出,202504,'2025/04,,KG,,5007514,7874519,,20116317,31941559
8708.93-000,クラッチ及びその部分品,輸出,202505,'2025/05,,KG,,4560052,7072556,,24676369,39014115
8708.93-000,クラッチ及びその部分品,輸出,202506,'2025/06,,KG,,5586642,8659269,,30263011,47673384
8708.93-000,クラッチ及びその部分品,輸出,202507,'2025/07,,KG,,5502180,8553566,,35765191,56226950
8708.93-000,クラッチ及びその部分品,輸出,202508,'2025/08,,KG,,4547855,7297138,,40313046,63524088
8708.93-000,クラッチ及びその部分品,輸出,202509,'2025/09,,KG,,5259509,8471501,,45572555,71995589
8708.93-000,クラッチ及びその部分品,輸出,202510,'2025/10,,KG,,5398930,8598546,,50971485,80594135
8708.93-000,クラッチ及びその部分品,輸出,202511,'2025/11,,KG,,5195807,8645406,,56167292,89239541
8708.93-000,クラッチ及びその部分品,輸出,202512,'2025/12,,KG,,5754022,9692198,,61921314,98931739
8708.93-000,クラッチ及びその部分品,輸出,202601,'2026/01,,KG,,4586026,7418122,,4586026,7418122
8708.93-000,クラッチ及びその部分品,輸出,202602,'2026/02,,KG,,5492192,9138834,,10078218,16556956
8708.93-000,クラッチ及びその部分品,輸出,202603,'2026/03,,KG,,4784919,8294053,,14863137,24851009
8708.93-000,クラッチ及びその部分品,輸出,202604,'2026/04,,KG,,5253871,9167800,,20117008,34018809
8708.93-000,クラッチ及びその部分品,輸出,202605,'2026/05,,KG,,4686513,8144509,,24803521,42163318
8708.93-000,クラッチ及びその部分品,輸出,202606,'2026/06,,KG,,6021024,9652647,,30824545,51815965
8708.93-000,クラッチ及びその部分品,輸出,202607,'2026/07,,KG,,5702205,9528803,,36526750,61344768
8708.94-000,ステアリングホイール・コラム・ボックス,輸出,202201,'2022/01,,KG,,4774540,8957751,,4774540,8957751
8708.94-000,ステアリングホイール・コラム・ボックス,輸出,202202,'2022/02,,KG,,5438467,10252526,,10213007,19210277
8708.94-000,ステアリングホイール・コラム・ボックス,輸出,202203,'2022/03,,KG,,6025318,10905285,,16238325,30115562
8708.94-000,ステアリングホイール・コラム・ボックス,輸出,202204,'2022/04,,KG,,5323818,9388415,,21562143,39503977
8708.94-000,ステアリングホイール・コラム・ボックス,輸出,202205,'2022/05,,KG,,4349530,8190495,,25911673,47694472
8708.94-000,ステアリングホイール・コラム・ボックス,輸出,202206,'2022/06,,KG,,4972707,9379097,,30884380,57073569
8708.94-000,ステアリングホイール・コラム・ボックス,輸出,202207,'2022/07,,KG,,4748679,9536289,,35633059,66609858
8708.94-000,ステアリングホイール・コラム・ボックス,輸出,202208,'2022/08,,KG,,4497451,8824718,,40130510,75434576
8708.94-000,ステアリングホイール・コラム・ボックス,輸出,202209,'2022/09,,KG,,5357058,10917265,,45487568,86351841
8708.94-000,ステアリングホイール・コラム・ボックス,輸出,202210,'2022/10,,KG,,5202040,10714854,,50689608,97066695
8708.94-000,ステアリングホイール・コラム・ボックス,輸出,202211,'2022/11,,KG,,4673912,9762664,,55363520,106829359
8708.94-000,ステアリングホイール・コラム・ボックス,輸出,202212,'2022/12,,KG,,5465821,10875276,,60829341,117704635
8708.94-000,ステアリングホイール・コラム・ボックス,輸出,202301,'2023/01,,KG,,4032395,7944351,,4032395,7944351
8708.94-000,ステアリングホイール・コラム・ボックス,輸出,202302,'2023/02,,KG,,4647248,8798602,,8679643,16742953
8708.94-000,ステアリングホイール・コラム・ボックス,輸出,202303,'2023/03,,KG,,4728468,9258375,,13408111,26001328
8708.94-000,ステアリングホイール・コラム・ボックス,輸出,202304,'2023/04,,KG,,5206879,9676253,,18614990,35677581
8708.94-000,ステアリングホイール・コラム・ボックス,輸出,202305,'2023/05,,KG,,4084282,7947906,,22699272,43625487
8708.94-000,ステアリングホイール・コラム・ボックス,輸出,202306,'2023/06,,KG,,5058303,9965608,,27757575,53591095
8708.94-000,ステアリングホイール・コラム・ボックス,輸出,202307,'2023/07,,KG,,5409233,10785096,,33166808,64376191
8708.94-000,ステアリングホイール・コラム・ボックス,輸出,202308,'2023/08,,KG,,4919667,9849831,,38086475,74226022
8708.94-000,ステアリングホイール・コラム・ボックス,輸出,202309,'2023/09,,KG,,5615713,11474130,,43702188,85700152
8708.94-000,ステアリングホイール・コラム・ボックス,輸出,202310,'2023/10,,KG,,5741694,11421283,,49443882,97121435
8708.94-000,ステアリングホイール・コラム・ボックス,輸出,202311,'2023/11,,KG,,5340093,10346179,,54783975,107467614
8708.94-000,ステアリングホイール・コラム・ボックス,輸出,202312,'2023/12,,KG,,6069174,11868234,,60853149,119335848
8708.94-000,ステアリングホイール・コラム・ボックス,輸出,202401,'2024/01,,KG,,4094141,8025630,,4094141,8025630
8708.94-000,ステアリングホイール・コラム・ボックス,輸出,202402,'2024/02,,KG,,5175263,10140020,,9269404,18165650
8708.94-000,ステアリングホイール・コラム・ボックス,輸出,202403,'2024/03,,KG,,5477810,11040852,,14747214,29206502
8708.94-000,ステアリングホイール・コラム・ボックス,輸出,202404,'2024/04,,KG,,5240391,10509774,,19987605,39716276
8708.94-000,ステアリングホイール・コラム・ボックス,輸出,202405,'2024/05,,KG,,4519439,9299252,,24507044,49015528
8708.94-000,ステアリングホイール・コラム・ボックス,輸出,202406,'2024/06,,KG,,5171880,11275315,,29678924,60290843
8708.94-000,ステアリングホイール・コラム・ボックス,輸出,202407,'2024/07,,KG,,5656955,12716987,,35335879,73007830
8708.94-000,ステアリングホイール・コラム・ボックス,輸出,202408,'2024/08,,KG,,5105866,10438301,,40441745,83446131
8708.94-000,ステアリングホイール・コラム・ボックス,輸出,202409,'2024/09,,KG,,5397152,10807907,,45838897,94254038
8708.94-000,ステアリングホイール・コラム・ボックス,輸出,202410,'2024/10,,KG,,5607101,11034863,,51445998,105288901
8708.94-000,ステアリングホイール・コラム・ボックス,輸出,202411,'2024/11,,KG,,4663542,9647096,,56109540,114935997
8708.94-000,ステアリングホイール・コラム・ボックス,輸出,202412,'2024/12,,KG,,6291962,12871765,,62401502,127807762
8708.94-000,ステアリングホイール・コラム・ボックス,輸出,202501,'2025/01,,KG,,4343263,8964826,,4343263,8964826
8708.94-000,ステアリングホイール・コラム・ボックス,輸出,202502,'2025/02,,KG,,5318940,11008791,,9662203,19973617
8708.94-000,ステアリングホイール・コラム・ボックス,輸出,202503,'2025/03,,KG,,5518725,11393700,,15180928,31367317
8708.94-000,ステアリングホイール・コラム・ボックス,輸出,202504,'2025/04,,KG,,5373448,10650148,,20554376,42017465
8708.94-000,ステアリングホイール・コラム・ボックス,輸出,202505,'2025/05,,KG,,4568089,8787951,,25122465,50805416
8708.94-000,ステアリングホイール・コラム・ボックス,輸出,202506,'2025/06,,KG,,5186115,10275963,,30308580,61081379
8708.94-000,ステアリングホイール・コラム・ボックス,輸出,202507,'2025/07,,KG,,5564558,11311825,,35873138,72393204
8708.94-000,ステアリングホイール・コラム・ボックス,輸出,202508,'2025/08,,KG,,4522185,9022761,,40395323,81415965
8708.94-000,ステアリングホイール・コラム・ボックス,輸出,202509,'2025/09,,KG,,5522814,11049839,,45918137,92465804
8708.94-000,ステアリングホイール・コラム・ボックス,輸出,202510,'2025/10,,KG,,5228865,10300786,,51147002,102766590
8708.94-000,ステアリングホイール・コラム・ボックス,輸出,202511,'2025/11,,KG,,4796700,9679026,,55943702,112445616
8708.94-000,ステアリングホイール・コラム・ボックス,輸出,202512,'2025/12,,KG,,5952826,11812813,,61896528,124258429
8708.94-000,ステアリングホイール・コラム・ボックス,輸出,202601,'2026/01,,KG,,4538912,9297330,,4538912,9297330
8708.94-000,ステアリングホイール・コラム・ボックス,輸出,202602,'2026/02,,KG,,4964007,10113242,,9502919,19410572
8708.94-000,ステアリングホイール・コラム・ボックス,輸出,202603,'2026/03,,KG,,5822685,12027691,,15325604,31438263
8708.94-000,ステアリングホイール・コラム・ボックス,輸出,202604,'2026/04,,KG,,5835759,12302544,,21161363,43740807
8708.94-000,ステアリングホイール・コラム・ボックス,輸出,202605,'2026/05,,KG,,5042877,10234200,,26204240,53975007
8708.94-000,ステアリングホイール・コラム・ボックス,輸出,202606,'2026/06,,KG,,5521936,11730546,,31726176,65705553
8708.94-000,ステアリングホイール・コラム・ボックス,輸出,202607,'2026/07,,KG,,5694496,12207678,,37420672,77913231
8708.95-000,安全エアバッグ及びその部分品,輸出,202201,'2022/01,,KG,,1476971,2898963,,1476971,2898963
8708.95-000,安全エアバッグ及びその部分品,輸出,202202,'2022/02,,KG,,1748209,3798280,,3225180,6697243
8708.95-000,安全エアバッグ及びその部分品,輸出,202203,'2022/03,,KG,,2277788,4388889,,5502968,11086132
8708.95-000,安全エアバッグ及びその部分品,輸出,202204,'2022/04,,KG,,1978161,3817821,,7481129,14903953
8708.95-000,安全エアバッグ及びその部分品,輸出,202205,'2022/05,,KG,,1523559,3237914,,9004688,18141867
8708.95-000,安全エアバッグ及びその部分品,輸出,202206,'2022/06,,KG,,1826549,3856288,,10831237,21998155
8708.95-000,安全エアバッグ及びその部分品,輸出,202207,'2022/07,,KG,,1746602,3693761,,12577839,25691916
8708.95-000,安全エアバッグ及びその部分品,輸出,202208,'2022/08,,KG,,1563888,3438888,,14141727,29130804
8708.95-000,安全エアバッグ及びその部分品,輸出,202209,'2022/09,,KG,,1689792,3808801,,15831519,32939605
8708.95-000,安全エアバッグ及びその部分品,輸出,202210,'2022/10,,KG,,1971897,4691882,,17803416,37631487
8708.95-000,安全エアバッグ及びその部分品,輸出,202211,'2022/11,,KG,,1742672,3743288,,19546088,41374775
8708.95-000,安全エアバッグ及びその部分品,輸出,202212,'2022/12,,KG,,1910360,4066755,,21456448,45441530
8708.95-000,安全エアバッグ及びその部分品,輸出,202301,'2023/01,,KG,,1339788,2885399,,1339788,2885399
8708.95-000,安全エアバッグ及びその部分品,輸出,202302,'2023/02,,KG,,1510733,3314114,,2850521,6199513
8708.95-000,安全エアバッグ及びその部分品,輸出,202303,'2023/03,,KG,,1782208,3968478,,4632729,10167991
8708.95-000,安全エアバッグ及びその部分品,輸出,202304,'2023/04,,KG,,1526055,3085869,,6158784,13253860
8708.95-000,安全エアバッグ及びその部分品,輸出,202305,'2023/05,,KG,,1265332,2866355,,7424116,16120215
8708.95-000,安全エアバッグ及びその部分品,輸出,202306,'2023/06,,KG,,1561708,3458855,,8985824,19579070
8708.95-000,安全エアバッグ及びその部分品,輸出,202307,'2023/07,,KG,,1476461,3462316,,10462285,23041386
8708.95-000,安全エアバッグ及びその部分品,輸出,202308,'2023/08,,KG,,1493299,3245988,,11955584,26287374
8708.95-000,安全エアバッグ及びその部分品,輸出,202309,'2023/09,,KG,,1692699,3748852,,13648283,30036226
8708.95-000,安全エアバッグ及びその部分品,輸出,202310,'2023/10,,KG,,1844287,4131769,,15492570,34167995
8708.95-000,安全エアバッグ及びその部分品,輸出,202311,'2023/11,,KG,,1509509,3577698,,17002079,37745693
8708.95-000,安全エアバッグ及びその部分品,輸出,202312,'2023/12,,KG,,1774292,3989544,,18776371,41735237
8708.95-000,安全エアバッグ及びその部分品,輸出,202401,'2024/01,,KG,,1395615,2891888,,1395615,2891888
8708.95-000,安全エアバッグ及びその部分品,輸出,202402,'2024/02,,KG,,1593139,3407108,,2988754,6298996
8708.95-000,安全エアバッグ及びその部分品,輸出,202403,'2024/03,,KG,,1752755,3810776,,4741509,10109772
8708.95-000,安全エアバッグ及びその部分品,輸出,202404,'2024/04,,KG,,1546698,3367983,,6288207,13477755
8708.95-000,安全エアバッグ及びその部分品,輸出,202405,'2024/05,,KG,,1453167,3084918,,7741374,16562673
8708.95-000,安全エアバッグ及びその部分品,輸出,202406,'2024/06,,KG,,1536537,3199942,,9277911,19762615
8708.95-000,安全エアバッグ及びその部分品,輸出,202407,'2024/07,,KG,,1545878,3600697,,10823789,23363312
8708.95-000,安全エアバッグ及びその部分品,輸出,202408,'2024/08,,KG,,1545954,3290269,,12369743,26653581
8708.95-000,安全エアバッグ及びその部分品,輸出,202409,'2024/09,,KG,,1736914,3536471,,14106657,30190052
8708.95-000,安全エアバッグ及びその部分品,輸出,202410,'2024/10,,KG,,1554344,3364153,,15661001,33554205
8708.95-000,安全エアバッグ及びその部分品,輸出,202411,'2024/11,,KG,,1410266,2973465,,17071267,36527670
8708.95-000,安全エアバッグ及びその部分品,輸出,202412,'2024/12,,KG,,1696376,3608387,,18767643,40136057
8708.95-000,安全エアバッグ及びその部分品,輸出,202501,'2025/01,,KG,,1301112,2731635,,1301112,2731635
8708.95-000,安全エアバッグ及びその部分品,輸出,202502,'2025/02,,KG,,1491067,3153970,,2792179,5885605
8708.95-000,安全エアバッグ及びその部分品,輸出,202503,'2025/03,,KG,,1848015,3874450,,4640194,9760055
8708.95-000,安全エアバッグ及びその部分品,輸出,202504,'2025/04,,KG,,1654803,3617282,,6294997,13377337
8708.95-000,安全エアバッグ及びその部分品,輸出,202505,'2025/05,,KG,,1465285,3045639,,7760282,16422976
8708.95-000,安全エアバッグ及びその部分品,輸出,202506,'2025/06,,KG,,1546069,3235734,,9306351,19658710
8708.95-000,安全エアバッグ及びその部分品,輸出,202507,'2025/07,,KG,,1642175,3694363,,10948526,23353073
8708.95-000,安全エアバッグ及びその部分品,輸出,202508,'2025/08,,KG,,1411877,2866570,,12360403,26219643
8708.95-000,安全エアバッグ及びその部分品,輸出,202509,'2025/09,,KG,,1687421,3450090,,14047824,29669733
8708.95-000,安全エアバッグ及びその部分品,輸出,202510,'2025/10,,KG,,1816120,3711087,,15863944,33380820
8708.95-000,安全エアバッグ及びその部分品,輸出,202511,'2025/11,,KG,,1650739,3531791,,17514683,36912611
8708.95-000,安全エアバッグ及びその部分品,輸出,202512,'2025/12,,KG,,1710939,3697575,,19225622,40610186
8708.95-000,安全エアバッグ及びその部分品,輸出,202601,'2026/01,,KG,,1490219,3117241,,1490219,3117241
8708.95-000,安全エアバッグ及びその部分品,輸出,202602,'2026/02,,KG,,1462315,3200509,,2952534,6317750
8708.95-000,安全エアバッグ及びその部分品,輸出,202603,'2026/03,,KG,,1723782,3788278,,4676316,10106028
8708.95-000,安全エアバッグ及びその部分品,輸出,202604,'2026/04,,KG,,1716473,3776188,,6392789,13882216
8708.95-000,安全エアバッグ及びその部分品,輸出,202605,'2026/05,,KG,,1475729,3241985,,7868518,17124201
8708.95-000,安全エアバッグ及びその部分品,輸出,202606,'2026/06,,KG,,1705151,3669601,,9573669,20793802
8708.95-000,安全エアバッグ及びその部分品,輸出,202607,'2026/07,,KG,,1640035,3530831,,11213704,24324633
8708.99-100,その他の部分品（特定部品）,輸出,202201,'2022/01,,KG,,210542,344848,,210542,344848
8708.99-100,その他の部分品（特定部品）,輸出,202202,'2022/02,,KG,,310314,555514,,520856,900362
8708.99-100,その他の部分品（特定部品）,輸出,202203,'2022/03,,KG,,268139,476895,,788995,1377257
8708.99-100,その他の部分品（特定部品）,輸出,202204,'2022/04,,KG,,256991,465042,,1045986,1842299
8708.99-100,その他の部分品（特定部品）,輸出,202205,'2022/05,,KG,,262477,444187,,1308463,2286486
8708.99-100,その他の部分品（特定部品）,輸出,202206,'2022/06,,KG,,363679,685493,,1672142,2971979
8708.99-100,その他の部分品（特定部品）,輸出,202207,'2022/07,,KG,,245525,438551,,1917667,3410530
8708.99-100,その他の部分品（特定部品）,輸出,202208,'2022/08,,KG,,219268,448253,,2136935,3858783
8708.99-100,その他の部分品（特定部品）,輸出,202209,'2022/09,,KG,,223798,504459,,2360733,4363242
8708.99-100,その他の部分品（特定部品）,輸出,202210,'2022/10,,KG,,274023,579284,,2634756,4942526
8708.99-100,その他の部分品（特定部品）,輸出,202211,'2022/11,,KG,,374970,650876,,3009726,5593402
8708.99-100,その他の部分品（特定部品）,輸出,202212,'2022/12,,KG,,278209,484136,,3287935,6077538
8708.99-100,その他の部分品（特定部品）,輸出,202301,'2023/01,,KG,,188582,339586,,188582,339586
8708.99-100,その他の部分品（特定部品）,輸出,202302,'2023/02,,KG,,231481,413213,,420063,752799
8708.99-100,その他の部分品（特定部品）,輸出,202303,'2023/03,,KG,,266168,486953,,686231,1239752
8708.99-100,その他の部分品（特定部品）,輸出,202304,'2023/04,,KG,,236163,491016,,922394,1730768
8708.99-100,その他の部分品（特定部品）,輸出,202305,'2023/05,,KG,,265022,518945,,1187416,2249713
8708.99-100,その他の部分品（特定部品）,輸出,202306,'2023/06,,KG,,210802,583979,,1398218,2833692
8708.99-100,その他の部分品（特定部品）,輸出,202307,'2023/07,,KG,,192620,423188,,1590838,3256880
8708.99-100,その他の部分品（特定部品）,輸出,202308,'2023/08,,KG,,185545,395463,,1776383,3652343
8708.99-100,その他の部分品（特定部品）,輸出,202309,'2023/09,,KG,,198035,459887,,1974418,4112230
8708.99-100,その他の部分品（特定部品）,輸出,202310,'2023/10,,KG,,259208,673074,,2233626,4785304
8708.99-100,その他の部分品（特定部品）,輸出,202311,'2023/11,,KG,,213889,476795,,2447515,5262099
8708.99-100,その他の部分品（特定部品）,輸出,202312,'2023/12,,KG,,235680,475871,,2683195,5737970
8708.99-100,その他の部分品（特定部品）,輸出,202401,'2024/01,,KG,,118863,267366,,118863,267366
8708.99-100,その他の部分品（特定部品）,輸出,202402,'2024/02,,KG,,181277,482050,,300140,749416
8708.99-100,その他の部分品（特定部品）,輸出,202403,'2024/03,,KG,,259350,566735,,559490,1316151
8708.99-100,その他の部分品（特定部品）,輸出,202404,'2024/04,,KG,,204909,557614,,764399,1873765
8708.99-100,その他の部分品（特定部品）,輸出,202405,'2024/05,,KG,,143450,397742,,907849,2271507
8708.99-100,その他の部分品（特定部品）,輸出,202406,'2024/06,,KG,,190628,382453,,1098477,2653960
8708.99-100,その他の部分品（特定部品）,輸出,202407,'2024/07,,KG,,127471,334276,,1225948,2988236
8708.99-100,その他の部分品（特定部品）,輸出,202408,'2024/08,,KG,,143819,330641,,1369767,3318877
8708.99-100,その他の部分品（特定部品）,輸出,202409,'2024/09,,KG,,159841,428241,,1529608,3747118
8708.99-100,その他の部分品（特定部品）,輸出,202410,'2024/10,,KG,,224815,464618,,1754423,4211736
8708.99-100,その他の部分品（特定部品）,輸出,202411,'2024/11,,KG,,182576,384168,,1936999,4595904
8708.99-100,その他の部分品（特定部品）,輸出,202412,'2024/12,,KG,,214972,386626,,2151971,4982530
8708.99-100,その他の部分品（特定部品）,輸出,202501,'2025/01,,KG,,126635,278523,,126635,278523
8708.99-100,その他の部分品（特定部品）,輸出,202502,'2025/02,,KG,,153921,365941,,280556,644464
8708.99-100,その他の部分品（特定部品）,輸出,202503,'2025/03,,KG,,193120,462900,,473676,1107364
8708.99-100,その他の部分品（特定部品）,輸出,202504,'2025/04,,KG,,133161,344835,,606837,1452199
8708.99-100,その他の部分品（特定部品）,輸出,202505,'2025/05,,KG,,141291,361616,,748128,1813815
8708.99-100,その他の部分品（特定部品）,輸出,202506,'2025/06,,KG,,176246,333077,,924374,2146892
8708.99-100,その他の部分品（特定部品）,輸出,202507,'2025/07,,KG,,147477,343155,,1071851,2490047
8708.99-100,その他の部分品（特定部品）,輸出,202508,'2025/08,,KG,,176940,416947,,1248791,2906994
8708.99-100,その他の部分品（特定部品）,輸出,202509,'2025/09,,KG,,187312,451897,,1436103,3358891
8708.99-100,その他の部分品（特定部品）,輸出,202510,'2025/10,,KG,,179219,433826,,1615322,3792717
8708.99-100,その他の部分品（特定部品）,輸出,202511,'2025/11,,KG,,220625,540131,,1835947,4332848
8708.99-100,その他の部分品（特定部品）,輸出,202512,'2025/12,,KG,,211358,525324,,2047305,4858172
8708.99-100,その他の部分品（特定部品）,輸出,202601,'2026/01,,KG,,153206,352415,,153206,352415
8708.99-100,その他の部分品（特定部品）,輸出,202602,'2026/02,,KG,,189800,480548,,343006,832963
8708.99-100,その他の部分品（特定部品）,輸出,202603,'2026/03,,KG,,159183,462063,,502189,1295026
8708.99-100,その他の部分品（特定部品）,輸出,202604,'2026/04,,KG,,174717,452349,,676906,1747375
8708.99-100,その他の部分品（特定部品）,輸出,202605,'2026/05,,KG,,127689,337041,,804595,2084416
8708.99-100,その他の部分品（特定部品）,輸出,202606,'2026/06,,KG,,173813,445276,,978408,2529692
8708.99-100,その他の部分品（特定部品）,輸出,202607,'2026/07,,KG,,157083,401160,,1135491,2930852
8708.99-900,その他の部分品（その他）,輸出,202201,'2022/01,,KG,,23799119,25125270,,23799119,25125270
8708.99-900,その他の部分品（その他）,輸出,202202,'2022/02,,KG,,27795559,30216982,,51594678,55342252
8708.99-900,その他の部分品（その他）,輸出,202203,'2022/03,,KG,,34346998,38198709,,85941676,93540961
8708.99-900,その他の部分品（その他）,輸出,202204,'2022/04,,KG,,32974172,36291651,,118915848,129832612
8708.99-900,その他の部分品（その他）,輸出,202205,'2022/05,,KG,,28821245,30085492,,147737093,159918104
8708.99-900,その他の部分品（その他）,輸出,202206,'2022/06,,KG,,33147497,35845211,,180884590,195763315
8708.99-900,その他の部分品（その他）,輸出,202207,'2022/07,,KG,,32261732,34533696,,213146322,230297011
8708.99-900,その他の部分品（その他）,輸出,202208,'2022/08,,KG,,29305215,32368466,,242451537,262665477
8708.99-900,その他の部分品（その他）,輸出,202209,'2022/09,,KG,,30755935,36056572,,273207472,298722049
8708.99-900,その他の部分品（その他）,輸出,202210,'2022/10,,KG,,32741451,39882680,,305948923,338604729
8708.99-900,その他の部分品（その他）,輸出,202211,'2022/11,,KG,,29925285,34689521,,335874208,373294250
8708.99-900,その他の部分品（その他）,輸出,202212,'2022/12,,KG,,35056706,38920027,,370930914,412214277
8708.99-900,その他の部分品（その他）,輸出,202301,'2023/01,,KG,,24444279,26597171,,24444279,26597171
8708.99-900,その他の部分品（その他）,輸出,202302,'2023/02,,KG,,28276960,30750434,,52721239,57347605
8708.99-900,その他の部分品（その他）,輸出,202303,'2023/03,,KG,,31756242,33319533,,84477481,90667138
8708.99-900,その他の部分品（その他）,輸出,202304,'2023/04,,KG,,29808684,34235163,,114286165,124902301
8708.99-900,その他の部分品（その他）,輸出,202305,'2023/05,,KG,,27831105,29569338,,142117270,154471639
8708.99-900,その他の部分品（その他）,輸出,202306,'2023/06,,KG,,33892093,36283076,,176009363,190754715
8708.99-900,その他の部分品（その他）,輸出,202307,'2023/07,,KG,,34208089,39853779,,210217452,230608494
8708.99-900,その他の部分品（その他）,輸出,202308,'2023/08,,KG,,30333736,35105653,,240551188,265714147
8708.99-900,その他の部分品（その他）,輸出,202309,'2023/09,,KG,,33643149,41062522,,274194337,306776669
8708.99-900,その他の部分品（その他）,輸出,202310,'2023/10,,KG,,34038318,43572440,,308232655,350349109
8708.99-900,その他の部分品（その他）,輸出,202311,'2023/11,,KG,,32631851,38189566,,340864506,388538675
8708.99-900,その他の部分品（その他）,輸出,202312,'2023/12,,KG,,34860345,43115581,,375724851,431654256
8708.99-900,その他の部分品（その他）,輸出,202401,'2024/01,,KG,,26059301,31131395,,26059301,31131395
8708.99-900,その他の部分品（その他）,輸出,202402,'2024/02,,KG,,30011548,36835114,,56070849,67966509
8708.99-900,その他の部分品（その他）,輸出,202403,'2024/03,,KG,,33167297,40359096,,89238146,108325605
8708.99-900,その他の部分品（その他）,輸出,202404,'2024/04,,KG,,30891709,38646136,,120129855,146971741
8708.99-900,その他の部分品（その他）,輸出,202405,'2024/05,,KG,,29904343,36025284,,150034198,182997025
8708.99-900,その他の部分品（その他）,輸出,202406,'2024/06,,KG,,29676058,37727671,,179710256,220724696
8708.99-900,その他の部分品（その他）,輸出,202407,'2024/07,,KG,,31330751,42239373,,211041007,262964069
8708.99-900,その他の部分品（その他）,輸出,202408,'2024/08,,KG,,28731967,35574234,,239772974,298538303
8708.99-900,その他の部分品（その他）,輸出,202409,'2024/09,,KG,,31239561,38702043,,271012535,337240346
8708.99-900,その他の部分品（その他）,輸出,202410,'2024/10,,KG,,32514114,40276428,,303526649,377516774
8708.99-900,その他の部分品（その他）,輸出,202411,'2024/11,,KG,,29201039,36495978,,332727688,414012752
8708.99-900,その他の部分品（その他）,輸出,202412,'2024/12,,KG,,33802451,43204966,,366530139,457217718
8708.99-900,その他の部分品（その他）,輸出,202501,'2025/01,,KG,,25423629,31058224,,25423629,31058224
8708.99-900,その他の部分品（その他）,輸出,202502,'2025/02,,KG,,29276229,37894829,,54699858,68953053
8708.99-900,その他の部分品（その他）,輸出,202503,'2025/03,,KG,,32181559,38278973,,86881417,107232026
8708.99-900,その他の部分品（その他）,輸出,202504,'2025/04,,KG,,31461173,37051670,,118342590,144283696
8708.99-900,その他の部分品（その他）,輸出,202505,'2025/05,,KG,,30054057,31551411,,148396647,175835107
8708.99-900,その他の部分品（その他）,輸出,202506,'2025/06,,KG,,32037844,35807748,,180434491,211642855
8708.99-900,その他の部分品（その他）,輸出,202507,'2025/07,,KG,,32306612,37576543,,212741103,249219398
8708.99-900,その他の部分品（その他）,輸出,202508,'2025/08,,KG,,30040219,33894069,,242781322,283113467
8708.99-900,その他の部分品（その他）,輸出,202509,'2025/09,,KG,,32087405,39834605,,274868727,322948072
8708.99-900,その他の部分品（その他）,輸出,202510,'2025/10,,KG,,33075828,39044419,,307944555,361992491
8708.99-900,その他の部分品（その他）,輸出,202511,'2025/11,,KG,,30426916,37864320,,338371471,399856811
8708.99-900,その他の部分品（その他）,輸出,202512,'2025/12,,KG,,32564837,40513338,,370936308,440370149
8708.99-900,その他の部分品（その他）,輸出,202601,'2026/01,,KG,,24597344,30219738,,24597344,30219738
8708.99-900,その他の部分品（その他）,輸出,202602,'2026/02,,KG,,28017067,35982850,,52614411,66202588
8708.99-900,その他の部分品（その他）,輸出,202603,'2026/03,,KG,,25283808,38260757,,77898219,104463345
8708.99-900,その他の部分品（その他）,輸出,202604,'2026/04,,KG,,25123036,37759196,,103021255,142222541
8708.99-900,その他の部分品（その他）,輸出,202605,'2026/05,,KG,,23215651,32577176,,126236906,174799717
8708.99-900,その他の部分品（その他）,輸出,202606,'2026/06,,KG,,25999005,36221599,,152235911,211021316
8708.99-900,その他の部分品（その他）,輸出,202607,'2026/07,,KG,,29399368,40610660,,181635279,251631976
8708.10-000,バンパー及びその部分品,輸入,202201,'2022/01,,KG,,939501,1238310,,939501,1238310
8708.10-000,バンパー及びその部分品,輸入,202202,'2022/02,,KG,,788976,1074378,,1728477,2312688
8708.10-000,バンパー及びその部分品,輸入,202203,'2022/03,,KG,,865040,1315158,,2593517,3627846
8708.10-000,バンパー及びその部分品,輸入,202204,'2022/04,,KG,,707464,1170425,,3300981,4798271
8708.10-000,バンパー及びその部分品,輸入,202205,'2022/05,,KG,,740629,1305259,,4041610,6103530
8708.10-000,バンパー及びその部分品,輸入,202206,'2022/06,,KG,,854820,1444716,,4896430,7548246
8708.10-000,バンパー及びその部分品,輸入,202207,'2022/07,,KG,,926016,1503785,,5822446,9052031
8708.10-000,バンパー及びその部分品,輸入,202208,'2022/08,,KG,,1158710,1659330,,6981156,10711361
8708.10-000,バンパー及びその部分品,輸入,202209,'2022/09,,KG,,984212,1510957,,7965368,12222318
8708.10-000,バンパー及びその部分品,輸入,202210,'2022/10,,KG,,1130574,1659823,,9095942,13882141
8708.10-000,バンパー及びその部分品,輸入,202211,'2022/11,,KG,,967662,1387105,,10063604,15269246
8708.10-000,バンパー及びその部分品,輸入,202212,'2022/12,,KG,,973357,1604113,,11036961,16873359
8708.10-000,バンパー及びその部分品,輸入,202301,'2023/01,,KG,,1083358,1434131,,1083358,1434131
8708.10-000,バンパー及びその部分品,輸入,202302,'2023/02,,KG,,922840,1436824,,2006198,2870955
8708.10-000,バンパー及びその部分品,輸入,202303,'2023/03,,KG,,1327185,1690042,,3333383,4560997
8708.10-000,バンパー及びその部分品,輸入,202304,'2023/04,,KG,,924008,1519191,,4257391,6080188
8708.10-000,バンパー及びその部分品,輸入,202305,'2023/05,,KG,,1352640,1738782,,5610031,7818970
8708.10-000,バンパー及びその部分品,輸入,202306,'2023/06,,KG,,1427166,1857285,,7037197,9676255
8708.10-000,バンパー及びその部分品,輸入,202307,'2023/07,,KG,,1264750,1706610,,8301947,11382865
8708.10-000,バンパー及びその部分品,輸入,202308,'2023/08,,KG,,1073236,1586822,,9375183,12969687
8708.10-000,バンパー及びその部分品,輸入,202309,'2023/09,,KG,,1404781,1914175,,10779964,14883862
8708.10-000,バンパー及びその部分品,輸入,202310,'2023/10,,KG,,1309635,1899321,,12089599,16783183
8708.10-000,バンパー及びその部分品,輸入,202311,'2023/11,,KG,,1415789,2029891,,13505388,18813074
8708.10-000,バンパー及びその部分品,輸入,202312,'2023/12,,KG,,1076314,1726087,,14581702,20539161
8708.10-000,バンパー及びその部分品,輸入,202401,'2024/01,,KG,,1378137,1850708,,1378137,1850708
8708.10-000,バンパー及びその部分品,輸入,202402,'2024/02,,KG,,1324678,1868655,,2702815,3719363
8708.10-000,バンパー及びその部分品,輸入,202403,'2024/03,,KG,,1077101,1782225,,3779916,5501588
8708.10-000,バンパー及びその部分品,輸入,202404,'2024/04,,KG,,1050265,1693193,,4830181,7194781
8708.10-000,バンパー及びその部分品,輸入,202405,'2024/05,,KG,,1246875,2093289,,6077056,9288070
8708.10-000,バンパー及びその部分品,輸入,202406,'2024/06,,KG,,1034817,1606165,,7111873,10894235
8708.10-000,バンパー及びその部分品,輸入,202407,'2024/07,,KG,,1084059,1800282,,8195932,12694517
8708.10-000,バンパー及びその部分品,輸入,202408,'2024/08,,KG,,1012618,1670049,,9208550,14364566
8708.10-000,バンパー及びその部分品,輸入,202409,'2024/09,,KG,,1146472,1699181,,10355022,16063747
8708.10-000,バンパー及びその部分品,輸入,202410,'2024/10,,KG,,1177520,1840100,,11532542,17903847
8708.10-000,バンパー及びその部分品,輸入,202411,'2024/11,,KG,,1166734,1869174,,12699276,19773021
8708.10-000,バンパー及びその部分品,輸入,202412,'2024/12,,KG,,1132448,1917492,,13831724,21690513
8708.10-000,バンパー及びその部分品,輸入,202501,'2025/01,,KG,,1414502,2221068,,1414502,2221068
8708.10-000,バンパー及びその部分品,輸入,202502,'2025/02,,KG,,935808,1748787,,2350310,3969855
8708.10-000,バンパー及びその部分品,輸入,202503,'2025/03,,KG,,1208387,1684604,,3558697,5654459
8708.10-000,バンパー及びその部分品,輸入,202504,'2025/04,,KG,,998890,1918184,,4557587,7572643
8708.10-000,バンパー及びその部分品,輸入,202505,'2025/05,,KG,,969441,1841769,,5527028,9414412
8708.10-000,バンパー及びその部分品,輸入,202506,'2025/06,,KG,,1215370,1911401,,6742398,11325813
8708.10-000,バンパー及びその部分品,輸入,202507,'2025/07,,KG,,1028854,1830572,,7771252,13156385
8708.10-000,バンパー及びその部分品,輸入,202508,'2025/08,,KG,,810768,1525319,,8582020,14681704
8708.10-000,バンパー及びその部分品,輸入,202509,'2025/09,,KG,,1171584,2002202,,9753604,16683906
8708.10-000,バンパー及びその部分品,輸入,202510,'2025/10,,KG,,1067231,1802459,,10820835,18486365
8708.10-000,バンパー及びその部分品,輸入,202511,'2025/11,,KG,,1010316,2023825,,11831151,20510190
8708.10-000,バンパー及びその部分品,輸入,202512,'2025/12,,KG,,946254,1774047,,12777405,22284237
8708.10-000,バンパー及びその部分品,輸入,202601,'2026/01,,KG,,1241224,2311944,,1241224,2311944
8708.10-000,バンパー及びその部分品,輸入,202602,'2026/02,,KG,,1224005,2093040,,2465229,4404984
8708.10-000,バンパー及びその部分品,輸入,202603,'2026/03,,KG,,1058817,1607336,,3524046,6012320
8708.10-000,バンパー及びその部分品,輸入,202604,'2026/04,,KG,,1015347,1989328,,4539393,8001648
8708.10-000,バンパー及びその部分品,輸入,202605,'2026/05,,KG,,901364,1920021,,5440757,9921669
8708.10-000,バンパー及びその部分品,輸入,202606,'2026/06,,KG,,1152879,2161077,,6593636,12082746
8708.10-000,バンパー及びその部分品,輸入,202607,'2026/07,,KG,,1226277,2017057,,7819913,14099803
8708.21-000,シートベルト,輸入,202201,'2022/01,,KG,,1112534,1695530,,1112534,1695530
8708.21-000,シートベルト,輸入,202202,'2022/02,,KG,,1255699,1988829,,2368233,3684359
8708.21-000,シートベルト,輸入,202203,'2022/03,,KG,,1251076,2079943,,3619309,5764302
8708.21-000,シートベルト,輸入,202204,'2022/04,,KG,,984796,1689030,,4604105,7453332
8708.21-000,シートベルト,輸入,202205,'2022/05,,KG,,885775,1478476,,5489880,8931808
8708.21-000,シートベルト,輸入,202206,'2022/06,,KG,,846817,1430929,,6336697,10362737
8708.21-000,シートベルト,輸入,202207,'2022/07,,KG,,1023744,1816048,,7360441,12178785
8708.21-000,シートベルト,輸入,202208,'2022/08,,KG,,1129793,1999347,,8490234,14178132
8708.21-000,シートベルト,輸入,202209,'2022/09,,KG,,1414101,2539691,,9904335,16717823
8708.21-000,シートベルト,輸入,202210,'2022/10,,KG,,1434159,2621148,,11338494,19338971
8708.21-000,シートベルト,輸入,202211,'2022/11,,KG,,1443080,2787999,,12781574,22126970
8708.21-000,シートベルト,輸入,202212,'2022/12,,KG,,1292793,2421454,,14074367,24548424
8708.21-000,シートベルト,輸入,202301,'2023/01,,KG,,1346742,2284909,,1346742,2284909
8708.21-000,シートベルト,輸入,202302,'2023/02,,KG,,1510508,2624803,,2857250,4909712
8708.21-000,シートベルト,輸入,202303,'2023/03,,KG,,1659137,2839539,,4516387,7749251
8708.21-000,シートベルト,輸入,202304,'2023/04,,KG,,1487722,2592701,,6004109,10341952
8708.21-000,シートベルト,輸入,202305,'2023/05,,KG,,1496745,2623021,,7500854,12964973
8708.21-000,シートベルト,輸入,202306,'2023/06,,KG,,1794048,3257014,,9294902,16221987
8708.21-000,シートベルト,輸入,202307,'2023/07,,KG,,1659870,3050041,,10954772,19272028
8708.21-000,シートベルト,輸入,202308,'2023/08,,KG,,1526657,2817655,,12481429,22089683
8708.21-000,シートベルト,輸入,202309,'2023/09,,KG,,1497187,2914958,,13978616,25004641
8708.21-000,シートベルト,輸入,202310,'2023/10,,KG,,1715952,3206502,,15694568,28211143
8708.21-000,シートベルト,輸入,202311,'2023/11,,KG,,1998838,3764183,,17693406,31975326
8708.21-000,シートベルト,輸入,202312,'2023/12,,KG,,1684936,3190182,,19378342,35165508
8708.21-000,シートベルト,輸入,202401,'2024/01,,KG,,1754587,3297362,,1754587,3297362
8708.21-000,シートベルト,輸入,202402,'2024/02,,KG,,1771560,3306866,,3526147,6604228
8708.21-000,シートベルト,輸入,202403,'2024/03,,KG,,1514452,2868723,,5040599,9472951
8708.21-000,シートベルト,輸入,202404,'2024/04,,KG,,1739969,3185861,,6780568,12658812
8708.21-000,シートベルト,輸入,202405,'2024/05,,KG,,1316127,2596195,,8096695,15255007
8708.21-000,シートベルト,輸入,202406,'2024/06,,KG,,1704051,3279070,,9800746,18534077
8708.21-000,シートベルト,輸入,202407,'2024/07,,KG,,1963819,3824362,,11764565,22358439
8708.21-000,シートベルト,輸入,202408,'2024/08,,KG,,1481211,2777368,,13245776,25135807
8708.21-000,シートベルト,輸入,202409,'2024/09,,KG,,1830766,3488385,,15076542,28624192
8708.21-000,シートベルト,輸入,202410,'2024/10,,KG,,2146146,4036381,,17222688,32660573
8708.21-000,シートベルト,輸入,202411,'2024/11,,KG,,1738268,3404782,,18960956,36065355
8708.21-000,シートベルト,輸入,202412,'2024/12,,KG,,1549865,3081292,,20510821,39146647
8708.21-000,シートベルト,輸入,202501,'2025/01,,KG,,1814547,3740685,,1814547,3740685
8708.21-000,シートベルト,輸入,202502,'2025/02,,KG,,1827430,3555051,,3641977,7295736
8708.21-000,シートベルト,輸入,202503,'2025/03,,KG,,1966248,3815080,,5608225,11110816
8708.21-000,シートベルト,輸入,202504,'2025/04,,KG,,1416655,2688899,,7024880,13799715
8708.21-000,シートベルト,輸入,202505,'2025/05,,KG,,1299909,2481584,,8324789,16281299
8708.21-000,シートベルト,輸入,202506,'2025/06,,KG,,2146045,4008239,,10470834,20289538
8708.21-000,シートベルト,輸入,202507,'2025/07,,KG,,1737726,3267785,,12208560,23557323
8708.21-000,シートベルト,輸入,202508,'2025/08,,KG,,1352703,2516154,,13561263,26073477
8708.21-000,シートベルト,輸入,202509,'2025/09,,KG,,1729362,3312549,,15290625,29386026
8708.21-000,シートベルト,輸入,202510,'2025/10,,KG,,1935937,3710643,,17226562,33096669
8708.21-000,シートベルト,輸入,202511,'2025/11,,KG,,1545560,3087089,,18772122,36183758
8708.21-000,シートベルト,輸入,202512,'2025/12,,KG,,1844390,3770273,,20616512,39954031
8708.21-000,シートベルト,輸入,202601,'2026/01,,KG,,2125088,4397831,,2125088,4397831
8708.21-000,シートベルト,輸入,202602,'2026/02,,KG,,2524058,5114825,,4649146,9512656
8708.21-000,シートベルト,輸入,202603,'2026/03,,KG,,2480739,4993331,,7129885,14505987
8708.21-000,シートベルト,輸入,202604,'2026/04,,KG,,1978400,3982597,,9108285,18488584
8708.21-000,シートベルト,輸入,202605,'2026/05,,KG,,1284541,2655925,,10392826,21144509
8708.21-000,シートベルト,輸入,202606,'2026/06,,KG,,1728387,3602763,,12121213,24747272
8708.21-000,シートベルト,輸入,202607,'2026/07,,KG,,1691646,3491101,,13812859,28238373
8708.22-000,フロントガラス等の安全ガラス部品,輸入,202201,'2022/01,,KG,,213461,207482,,213461,207482
8708.22-000,フロントガラス等の安全ガラス部品,輸入,202202,'2022/02,,KG,,195378,162868,,408839,370350
8708.22-000,フロントガラス等の安全ガラス部品,輸入,202203,'2022/03,,KG,,222382,196584,,631221,566934
8708.22-000,フロントガラス等の安全ガラス部品,輸入,202204,'2022/04,,KG,,161110,178419,,792331,745353
8708.22-000,フロントガラス等の安全ガラス部品,輸入,202205,'2022/05,,KG,,155077,224473,,947408,969826
8708.22-000,フロントガラス等の安全ガラス部品,輸入,202206,'2022/06,,KG,,250539,297103,,1197947,1266929
8708.22-000,フロントガラス等の安全ガラス部品,輸入,202207,'2022/07,,KG,,207473,270318,,1405420,1537247
8708.22-000,フロントガラス等の安全ガラス部品,輸入,202208,'2022/08,,KG,,267356,361970,,1672776,1899217
8708.22-000,フロントガラス等の安全ガラス部品,輸入,202209,'2022/09,,KG,,273256,273409,,1946032,2172626
8708.22-000,フロントガラス等の安全ガラス部品,輸入,202210,'2022/10,,KG,,220815,293143,,2166847,2465769
8708.22-000,フロントガラス等の安全ガラス部品,輸入,202211,'2022/11,,KG,,193827,247434,,2360674,2713203
8708.22-000,フロントガラス等の安全ガラス部品,輸入,202212,'2022/12,,KG,,136208,232858,,2496882,2946061
8708.22-000,フロントガラス等の安全ガラス部品,輸入,202301,'2023/01,,KG,,258489,297878,,258489,297878
8708.22-000,フロントガラス等の安全ガラス部品,輸入,202302,'2023/02,,KG,,203817,239836,,462306,537714
8708.22-000,フロントガラス等の安全ガラス部品,輸入,202303,'2023/03,,KG,,210112,259320,,672418,797034
8708.22-000,フロントガラス等の安全ガラス部品,輸入,202304,'2023/04,,KG,,246155,306540,,918573,1103574
8708.22-000,フロントガラス等の安全ガラス部品,輸入,202305,'2023/05,,KG,,314889,386921,,1233462,1490495
8708.22-000,フロントガラス等の安全ガラス部品,輸入,202306,'2023/06,,KG,,239815,262793,,1473277,1753288
8708.22-000,フロントガラス等の安全ガラス部品,輸入,202307,'2023/07,,KG,,281983,361514,,1755260,2114802
8708.22-000,フロントガラス等の安全ガラス部品,輸入,202308,'2023/08,,KG,,261283,313746,,2016543,2428548
8708.22-000,フロントガラス等の安全ガラス部品,輸入,202309,'2023/09,,KG,,255795,334272,,2272338,2762820
8708.22-000,フロントガラス等の安全ガラス部品,輸入,202310,'2023/10,,KG,,246803,293936,,2519141,3056756
8708.22-000,フロントガラス等の安全ガラス部品,輸入,202311,'2023/11,,KG,,244779,347767,,2763920,3404523
8708.22-000,フロントガラス等の安全ガラス部品,輸入,202312,'2023/12,,KG,,189658,327870,,2953578,3732393
8708.22-000,フロントガラス等の安全ガラス部品,輸入,202401,'2024/01,,KG,,226360,298235,,226360,298235
8708.22-000,フロントガラス等の安全ガラス部品,輸入,202402,'2024/02,,KG,,266864,365375,,493224,663610
8708.22-000,フロントガラス等の安全ガラス部品,輸入,202403,'2024/03,,KG,,310253,352435,,803477,1016045
8708.22-000,フロントガラス等の安全ガラス部品,輸入,202404,'2024/04,,KG,,340598,378930,,1144075,1394975
8708.22-000,フロントガラス等の安全ガラス部品,輸入,202405,'2024/05,,KG,,510931,522061,,1655006,1917036
8708.22-000,フロントガラス等の安全ガラス部品,輸入,202406,'2024/06,,KG,,660996,538690,,2316002,2455726
8708.22-000,フロントガラス等の安全ガラス部品,輸入,202407,'2024/07,,KG,,602789,603610,,2918791,3059336
8708.22-000,フロントガラス等の安全ガラス部品,輸入,202408,'2024/08,,KG,,422052,416759,,3340843,3476095
8708.22-000,フロントガラス等の安全ガラス部品,輸入,202409,'2024/09,,KG,,610951,558286,,3951794,4034381
8708.22-000,フロントガラス等の安全ガラス部品,輸入,202410,'2024/10,,KG,,507678,579777,,4459472,4614158
8708.22-000,フロントガラス等の安全ガラス部品,輸入,202411,'2024/11,,KG,,464374,466757,,4923846,5080915
8708.22-000,フロントガラス等の安全ガラス部品,輸入,202412,'2024/12,,KG,,454057,454138,,5377903,5535053
8708.22-000,フロントガラス等の安全ガラス部品,輸入,202501,'2025/01,,KG,,544014,576600,,544014,576600
8708.22-000,フロントガラス等の安全ガラス部品,輸入,202502,'2025/02,,KG,,612388,551227,,1156402,1127827
8708.22-000,フロントガラス等の安全ガラス部品,輸入,202503,'2025/03,,KG,,580688,544603,,1737090,1672430
8708.22-000,フロントガラス等の安全ガラス部品,輸入,202504,'2025/04,,KG,,435142,526046,,2172232,2198476
8708.22-000,フロントガラス等の安全ガラス部品,輸入,202505,'2025/05,,KG,,623303,627860,,2795535,2826336
8708.22-000,フロントガラス等の安全ガラス部品,輸入,202506,'2025/06,,KG,,419465,424481,,3215000,3250817
8708.22-000,フロントガラス等の安全ガラス部品,輸入,202507,'2025/07,,KG,,506364,513231,,3721364,3764048
8708.22-000,フロントガラス等の安全ガラス部品,輸入,202508,'2025/08,,KG,,475625,444376,,4196989,4208424
8708.22-000,フロントガラス等の安全ガラス部品,輸入,202509,'2025/09,,KG,,514467,501128,,4711456,4709552
8708.22-000,フロントガラス等の安全ガラス部品,輸入,202510,'2025/10,,KG,,534785,552178,,5246241,5261730
8708.22-000,フロントガラス等の安全ガラス部品,輸入,202511,'2025/11,,KG,,421677,456746,,5667918,5718476
8708.22-000,フロントガラス等の安全ガラス部品,輸入,202512,'2025/12,,KG,,524284,478302,,6192202,6196778
8708.22-000,フロントガラス等の安全ガラス部品,輸入,202601,'2026/01,,KG,,527894,569809,,527894,569809
8708.22-000,フロントガラス等の安全ガラス部品,輸入,202602,'2026/02,,KG,,478490,674483,,1006384,1244292
8708.22-000,フロントガラス等の安全ガラス部品,輸入,202603,'2026/03,,KG,,641416,821869,,1647800,2066161
8708.22-000,フロントガラス等の安全ガラス部品,輸入,202604,'2026/04,,KG,,596976,675839,,2244776,2742000
8708.22-000,フロントガラス等の安全ガラス部品,輸入,202605,'2026/05,,KG,,492616,634839,,2737392,3376839
8708.22-000,フロントガラス等の安全ガラス部品,輸入,202606,'2026/06,,KG,,617010,702234,,3354402,4079073
8708.22-000,フロントガラス等の安全ガラス部品,輸入,202607,'2026/07,,KG,,700420,745732,,4054822,4824805
8708.29-000,その他の車体部分品・附属品,輸入,202201,'2022/01,,KG,,8231884,11758394,,8231884,11758394
8708.29-000,その他の車体部分品・附属品,輸入,202202,'2022/02,,KG,,7246647,10644546,,15478531,22402940
8708.29-000,その他の車体部分品・附属品,輸入,202203,'2022/03,,KG,,7967399,12339925,,23445930,34742865
8708.29-000,その他の車体部分品・附属品,輸入,202204,'2022/04,,KG,,6338586,10311441,,29784516,45054306
8708.29-000,その他の車体部分品・附属品,輸入,202205,'2022/05,,KG,,6820363,11913983,,36604879,56968289
8708.29-000,その他の車体部分品・附属品,輸入,202206,'2022/06,,KG,,7779694,13279249,,44384573,70247538
8708.29-000,その他の車体部分品・附属品,輸入,202207,'2022/07,,KG,,7374981,12618098,,51759554,82865636
8708.29-000,その他の車体部分品・附属品,輸入,202208,'2022/08,,KG,,7398768,13629723,,59158322,96495359
8708.29-000,その他の車体部分品・附属品,輸入,202209,'2022/09,,KG,,7793821,13509772,,66952143,110005131
8708.29-000,その他の車体部分品・附属品,輸入,202210,'2022/10,,KG,,8479405,15230799,,75431548,125235930
8708.29-000,その他の車体部分品・附属品,輸入,202211,'2022/11,,KG,,8007218,14534495,,83438766,139770425
8708.29-000,その他の車体部分品・附属品,輸入,202212,'2022/12,,KG,,7447096,13172227,,90885862,152942652
8708.29-000,その他の車体部分品・附属品,輸入,202301,'2023/01,,KG,,8210356,13147534,,8210356,13147534
8708.29-000,その他の車体部分品・附属品,輸入,202302,'2023/02,,KG,,7241747,11973320,,15452103,25120854
8708.29-000,その他の車体部分品・附属品,輸入,202303,'2023/03,,KG,,8482068,14458149,,23934171,39579003
8708.29-000,その他の車体部分品・附属品,輸入,202304,'2023/04,,KG,,7343215,12378884,,31277386,51957887
8708.29-000,その他の車体部分品・附属品,輸入,202305,'2023/05,,KG,,7741094,13791875,,39018480,65749762
8708.29-000,その他の車体部分品・附属品,輸入,202306,'2023/06,,KG,,8561691,15245383,,47580171,80995145
8708.29-000,その他の車体部分品・附属品,輸入,202307,'2023/07,,KG,,8354688,15189648,,55934859,96184793
8708.29-000,その他の車体部分品・附属品,輸入,202308,'2023/08,,KG,,7875700,14720368,,63810559,110905161
8708.29-000,その他の車体部分品・附属品,輸入,202309,'2023/09,,KG,,9260973,17333695,,73071532,128238856
8708.29-000,その他の車体部分品・附属品,輸入,202310,'2023/10,,KG,,9022325,16645185,,82093857,144884041
8708.29-000,その他の車体部分品・附属品,輸入,202311,'2023/11,,KG,,9347880,17602598,,91441737,162486639
8708.29-000,その他の車体部分品・附属品,輸入,202312,'2023/12,,KG,,8484438,16513306,,99926175,178999945
8708.29-000,その他の車体部分品・附属品,輸入,202401,'2024/01,,KG,,8912692,17059204,,8912692,17059204
8708.29-000,その他の車体部分品・附属品,輸入,202402,'2024/02,,KG,,8006491,16084587,,16919183,33143791
8708.29-000,その他の車体部分品・附属品,輸入,202403,'2024/03,,KG,,7691865,15191503,,24611048,48335294
8708.29-000,その他の車体部分品・附属品,輸入,202404,'2024/04,,KG,,7750362,14923295,,32361410,63258589
8708.29-000,その他の車体部分品・附属品,輸入,202405,'2024/05,,KG,,8408540,16686560,,40769950,79945149
8708.29-000,その他の車体部分品・附属品,輸入,202406,'2024/06,,KG,,8433981,16587631,,49203931,96532780
8708.29-000,その他の車体部分品・附属品,輸入,202407,'2024/07,,KG,,8978028,18081952,,58181959,114614732
8708.29-000,その他の車体部分品・附属品,輸入,202408,'2024/08,,KG,,7818299,15262334,,66000258,129877066
8708.29-000,その他の車体部分品・附属品,輸入,202409,'2024/09,,KG,,8532324,17265597,,74532582,147142663
8708.29-000,その他の車体部分品・附属品,輸入,202410,'2024/10,,KG,,9153753,18023728,,83686335,165166391
8708.29-000,その他の車体部分品・附属品,輸入,202411,'2024/11,,KG,,8159400,16961238,,91845735,182127629
8708.29-000,その他の車体部分品・附属品,輸入,202412,'2024/12,,KG,,7822029,16337218,,99667764,198464847
8708.29-000,その他の車体部分品・附属品,輸入,202501,'2025/01,,KG,,9714179,21110179,,9714179,21110179
8708.29-000,その他の車体部分品・附属品,輸入,202502,'2025/02,,KG,,7918865,16370288,,17633044,37480467
8708.29-000,その他の車体部分品・附属品,輸入,202503,'2025/03,,KG,,8906711,17422875,,26539755,54903342
8708.29-000,その他の車体部分品・附属品,輸入,202504,'2025/04,,KG,,7918468,16426303,,34458223,71329645
8708.29-000,その他の車体部分品・附属品,輸入,202505,'2025/05,,KG,,8747132,16967238,,43205355,88296883
8708.29-000,その他の車体部分品・附属品,輸入,202506,'2025/06,,KG,,8879661,18019775,,52085016,106316658
8708.29-000,その他の車体部分品・附属品,輸入,202507,'2025/07,,KG,,8804225,17782527,,60889241,124099185
8708.29-000,その他の車体部分品・附属品,輸入,202508,'2025/08,,KG,,7230561,15376385,,68119802,139475570
8708.29-000,その他の車体部分品・附属品,輸入,202509,'2025/09,,KG,,9025177,17940312,,77144979,157415882
8708.29-000,その他の車体部分品・附属品,輸入,202510,'2025/10,,KG,,8842359,17495411,,85987338,174911293
8708.29-000,その他の車体部分品・附属品,輸入,202511,'2025/11,,KG,,8601791,17135486,,94589129,192046779
8708.29-000,その他の車体部分品・附属品,輸入,202512,'2025/12,,KG,,8607282,17238328,,103196411,209285107
8708.29-000,その他の車体部分品・附属品,輸入,202601,'2026/01,,KG,,9371581,19449031,,9371581,19449031
8708.29-000,その他の車体部分品・附属品,輸入,202602,'2026/02,,KG,,8705022,17800578,,18076603,37249609
8708.29-000,その他の車体部分品・附属品,輸入,202603,'2026/03,,KG,,8442129,17229127,,26518732,54478736
8708.29-000,その他の車体部分品・附属品,輸入,202604,'2026/04,,KG,,9150276,18964278,,35669008,73443014
8708.29-000,その他の車体部分品・附属品,輸入,202605,'2026/05,,KG,,8647241,18445534,,44316249,91888548
8708.29-000,その他の車体部分品・附属品,輸入,202606,'2026/06,,KG,,9889165,20310447,,54205414,112198995
8708.29-000,その他の車体部分品・附属品,輸入,202607,'2026/07,,KG,,9660032,20413234,,63865446,132612229
8708.30-010,,輸入,202201,'2022/01,,KG,,185709,240825,,185709,240825
8708.30-010,,輸入,202202,'2022/02,,KG,,129776,180154,,315485,420979
8708.30-010,,輸入,202203,'2022/03,,KG,,110264,132166,,425749,553145
8708.30-010,,輸入,202204,'2022/04,,KG,,181222,260697,,606971,813842
8708.30-010,,輸入,202205,'2022/05,,KG,,169364,251244,,776335,1065086
8708.30-010,,輸入,202206,'2022/06,,KG,,162131,202789,,938466,1267875
8708.30-010,,輸入,202207,'2022/07,,KG,,195914,279586,,1134380,1547461
8708.30-010,,輸入,202208,'2022/08,,KG,,169525,258927,,1303905,1806388
8708.30-010,,輸入,202209,'2022/09,,KG,,143890,190321,,1447795,1996709
8708.30-010,,輸入,202210,'2022/10,,KG,,205582,295454,,1653377,2292163
8708.30-010,,輸入,202211,'2022/11,,KG,,101114,147046,,1754491,2439209
8708.30-010,,輸入,202212,'2022/12,,KG,,213383,234174,,1967874,2673383
8708.30-010,,輸入,202301,'2023/01,,KG,,128352,145172,,128352,145172
8708.30-010,,輸入,202302,'2023/02,,KG,,83053,108365,,211405,253537
8708.30-010,,輸入,202303,'2023/03,,KG,,120673,151693,,332078,405230
8708.30-010,,輸入,202304,'2023/04,,KG,,113463,124893,,445541,530123
8708.30-010,,輸入,202305,'2023/05,,KG,,194912,188482,,640453,718605
8708.30-010,,輸入,202306,'2023/06,,KG,,172558,165435,,813011,884040
8708.30-010,,輸入,202307,'2023/07,,KG,,117817,121565,,930828,1005605
8708.30-010,,輸入,202308,'2023/08,,KG,,189923,178809,,1120751,1184414
8708.30-010,,輸入,202309,'2023/09,,KG,,173063,187523,,1293814,1371937
8708.30-010,,輸入,202310,'2023/10,,KG,,118666,145739,,1412480,1517676
8708.30-010,,輸入,202311,'2023/11,,KG,,208707,197383,,1621187,1715059
8708.30-010,,輸入,202312,'2023/12,,KG,,70889,117336,,1692076,1832395
8708.30-010,,輸入,202401,'2024/01,,KG,,100428,127002,,100428,127002
8708.30-010,,輸入,202402,'2024/02,,KG,,89447,134388,,189875,261390
8708.30-010,,輸入,202403,'2024/03,,KG,,69717,117480,,259592,378870
8708.30-010,,輸入,202404,'2024/04,,KG,,100336,158373,,359928,537243
8708.30-010,,輸入,202405,'2024/05,,KG,,123376,163412,,483304,700655
8708.30-010,,輸入,202406,'2024/06,,KG,,110477,145836,,593781,846491
8708.30-010,,輸入,202407,'2024/07,,KG,,117344,129954,,711125,976445
8708.30-010,,輸入,202408,'2024/08,,KG,,75253,129043,,786378,1105488
8708.30-010,,輸入,202409,'2024/09,,KG,,94119,160499,,880497,1265987
8708.30-010,,輸入,202410,'2024/10,,KG,,113629,124255,,994126,1390242
8708.30-010,,輸入,202411,'2024/11,,KG,,120860,146505,,1114986,1536747
8708.30-010,,輸入,202412,'2024/12,,KG,,84552,160629,,1199538,1697376
8708.30-010,,輸入,202501,'2025/01,,KG,,149183,178692,,149183,178692
8708.30-010,,輸入,202502,'2025/02,,KG,,45256,89878,,194439,268570
8708.30-010,,輸入,202503,'2025/03,,KG,,76905,118427,,271344,386997
8708.30-010,,輸入,202504,'2025/04,,KG,,106421,127419,,377765,514416
8708.30-010,,輸入,202505,'2025/05,,KG,,97135,147540,,474900,661956
8708.30-010,,輸入,202506,'2025/06,,KG,,124261,165527,,599161,827483
8708.30-010,,輸入,202507,'2025/07,,KG,,156338,169837,,755499,997320
8708.30-010,,輸入,202508,'2025/08,,KG,,135599,168516,,891098,1165836
8708.30-010,,輸入,202509,'2025/09,,KG,,76930,142669,,968028,1308505
8708.30-010,,輸入,202510,'2025/10,,KG,,104230,199668,,1072258,1508173
8708.30-010,,輸入,202511,'2025/11,,KG,,95486,153260,,1167744,1661433
8708.30-010,,輸入,202512,'2025/12,,KG,,153545,191347,,1321289,1852780
8708.30-010,,輸入,202601,'2026/01,,KG,,168681,191042,,168681,191042
8708.30-010,,輸入,202602,'2026/02,,KG,,165409,227777,,334090,418819
8708.30-010,,輸入,202603,'2026/03,,KG,,79251,169151,,413341,587970
8708.30-010,,輸入,202604,'2026/04,,KG,,70898,152567,,484239,740537
8708.30-010,,輸入,202605,'2026/05,,KG,,107011,208188,,591250,948725
8708.30-010,,輸入,202606,'2026/06,,KG,,97683,193560,,688933,1142285
8708.30-010,,輸入,202607,'2026/07,,KG,,153708,220627,,842641,1362912
8708.30-090,,輸入,202201,'2022/01,,KG,,5460639,6244810,,5460639,6244810
8708.30-090,,輸入,202202,'2022/02,,KG,,4976624,6048671,,10437263,12293481
8708.30-090,,輸入,202203,'2022/03,,KG,,5752570,6898642,,16189833,19192123
8708.30-090,,輸入,202204,'2022/04,,KG,,4072764,4580973,,20262597,23773096
8708.30-090,,輸入,202205,'2022/05,,KG,,4516963,5902669,,24779560,29675765
8708.30-090,,輸入,202206,'2022/06,,KG,,5632972,7073658,,30412532,36749423
8708.30-090,,輸入,202207,'2022/07,,KG,,5684371,7232605,,36096903,43982028
8708.30-090,,輸入,202208,'2022/08,,KG,,5771177,7586296,,41868080,51568324
8708.30-090,,輸入,202209,'2022/09,,KG,,5275534,7776969,,47143614,59345293
8708.30-090,,輸入,202210,'2022/10,,KG,,6323052,8822009,,53466666,68167302
8708.30-090,,輸入,202211,'2022/11,,KG,,5979504,8466460,,59446170,76633762
8708.30-090,,輸入,202212,'2022/12,,KG,,5701713,7574892,,65147883,84208654
8708.30-090,,輸入,202301,'2023/01,,KG,,6813628,8020914,,6813628,8020914
8708.30-090,,輸入,202302,'2023/02,,KG,,5503302,7782114,,12316930,15803028
8708.30-090,,輸入,202303,'2023/03,,KG,,6379616,8425879,,18696546,24228907
8708.30-090,,輸入,202304,'2023/04,,KG,,5471803,7268947,,24168349,31497854
8708.30-090,,輸入,202305,'2023/05,,KG,,5961300,8232295,,30129649,39730149
8708.30-090,,輸入,202306,'2023/06,,KG,,7353995,10064223,,37483644,49794372
8708.30-090,,輸入,202307,'2023/07,,KG,,6741006,9223540,,44224650,59017912
8708.30-090,,輸入,202308,'2023/08,,KG,,6453528,8935489,,50678178,67953401
8708.30-090,,輸入,202309,'2023/09,,KG,,7267668,9552762,,57945846,77506163
8708.30-090,,輸入,202310,'2023/10,,KG,,7282823,10087086,,65228669,87593249
8708.30-090,,輸入,202311,'2023/11,,KG,,7555252,9777939,,72783921,97371188
8708.30-090,,輸入,202312,'2023/12,,KG,,6080440,8379612,,78864361,105750800
8708.30-090,,輸入,202401,'2024/01,,KG,,6990083,8864772,,6990083,8864772
8708.30-090,,輸入,202402,'2024/02,,KG,,6656549,8941139,,13646632,17805911
8708.30-090,,輸入,202403,'2024/03,,KG,,6019016,8388018,,19665648,26193929
8708.30-090,,輸入,202404,'2024/04,,KG,,5898414,9067451,,25564062,35261380
8708.30-090,,輸入,202405,'2024/05,,KG,,7534747,9630003,,33098809,44891383
8708.30-090,,輸入,202406,'2024/06,,KG,,7178053,9692750,,40276862,54584133
8708.30-090,,輸入,202407,'2024/07,,KG,,7330179,10265293,,47607041,64849426
8708.30-090,,輸入,202408,'2024/08,,KG,,5790847,8129215,,53397888,72978641
8708.30-090,,輸入,202409,'2024/09,,KG,,7866715,10176528,,61264603,83155169
8708.30-090,,輸入,202410,'2024/10,,KG,,7633064,10825676,,68897667,93980845
8708.30-090,,輸入,202411,'2024/11,,KG,,7339292,9793891,,76236959,103774736
8708.30-090,,輸入,202412,'2024/12,,KG,,6921711,9184082,,83158670,112958818
8708.30-090,,輸入,202501,'2025/01,,KG,,8956069,11992441,,8956069,11992441
8708.30-090,,輸入,202502,'2025/02,,KG,,6270909,9222314,,15226978,21214755
8708.30-090,,輸入,202503,'2025/03,,KG,,7020882,9038233,,22247860,30252988
8708.30-090,,輸入,202504,'2025/04,,KG,,6715511,8661466,,28963371,38914454
8708.30-090,,輸入,202505,'2025/05,,KG,,7095569,9069276,,36058940,47983730
8708.30-090,,輸入,202506,'2025/06,,KG,,7635859,9958437,,43694799,57942167
8708.30-090,,輸入,202507,'2025/07,,KG,,7674440,9713946,,51369239,67656113
8708.30-090,,輸入,202508,'2025/08,,KG,,6551986,8656574,,57921225,76312687
8708.30-090,,輸入,202509,'2025/09,,KG,,7837036,10330123,,65758261,86642810
8708.30-090,,輸入,202510,'2025/10,,KG,,7977422,10255042,,73735683,96897852
8708.30-090,,輸入,202511,'2025/11,,KG,,8414117,10080596,,82149800,106978448
8708.30-090,,輸入,202512,'2025/12,,KG,,8225907,10529778,,90375707,117508226
8708.30-090,,輸入,202601,'2026/01,,KG,,9618692,12366453,,9618692,12366453
8708.30-090,,輸入,202602,'2026/02,,KG,,9534560,11820423,,19153252,24186876
8708.30-090,,輸入,202603,'2026/03,,KG,,8542180,10461687,,27695432,34648563
8708.30-090,,輸入,202604,'2026/04,,KG,,8427792,11154147,,36123224,45802710
8708.30-090,,輸入,202605,'2026/05,,KG,,8223954,10344297,,44347178,56147007
8708.30-090,,輸入,202606,'2026/06,,KG,,10082023,12918340,,54429201,69065347
8708.30-090,,輸入,202607,'2026/07,,KG,,9307817,11983224,,63737018,81048571
8708.40-000,ギヤボックス及びその部分品,輸入,202201,'2022/01,,KG,,4268573,8797189,,4268573,8797189
8708.40-000,ギヤボックス及びその部分品,輸入,202202,'2022/02,,KG,,3196348,6334032,,7464921,15131221
8708.40-000,ギヤボックス及びその部分品,輸入,202203,'2022/03,,KG,,4829127,9490715,,12294048,24621936
8708.40-000,ギヤボックス及びその部分品,輸入,202204,'2022/04,,KG,,3693104,8055670,,15987152,32677606
8708.40-000,ギヤボックス及びその部分品,輸入,202205,'2022/05,,KG,,3504664,7411561,,19491816,40089167
8708.40-000,ギヤボックス及びその部分品,輸入,202206,'2022/06,,KG,,3058390,7030492,,22550206,47119659
8708.40-000,ギヤボックス及びその部分品,輸入,202207,'2022/07,,KG,,3606710,8196654,,26156916,55316313
8708.40-000,ギヤボックス及びその部分品,輸入,202208,'2022/08,,KG,,4084290,9135469,,30241206,64451782
8708.40-000,ギヤボックス及びその部分品,輸入,202209,'2022/09,,KG,,4076354,10047447,,34317560,74499229
8708.40-000,ギヤボックス及びその部分品,輸入,202210,'2022/10,,KG,,4155149,9323370,,38472709,83822599
8708.40-000,ギヤボックス及びその部分品,輸入,202211,'2022/11,,KG,,4574250,10767330,,43046959,94589929
8708.40-000,ギヤボックス及びその部分品,輸入,202212,'2022/12,,KG,,3657131,8755374,,46704090,103345303
8708.40-000,ギヤボックス及びその部分品,輸入,202301,'2023/01,,KG,,4759980,10636728,,4759980,10636728
8708.40-000,ギヤボックス及びその部分品,輸入,202302,'2023/02,,KG,,4202589,9881213,,8962569,20517941
8708.40-000,ギヤボックス及びその部分品,輸入,202303,'2023/03,,KG,,4757028,11117846,,13719597,31635787
8708.40-000,ギヤボックス及びその部分品,輸入,202304,'2023/04,,KG,,4209208,9573882,,17928805,41209669
8708.40-000,ギヤボックス及びその部分品,輸入,202305,'2023/05,,KG,,4738291,11262776,,22667096,52472445
8708.40-000,ギヤボックス及びその部分品,輸入,202306,'2023/06,,KG,,4654530,11870916,,27321626,64343361
8708.40-000,ギヤボックス及びその部分品,輸入,202307,'2023/07,,KG,,4436803,10980523,,31758429,75323884
8708.40-000,ギヤボックス及びその部分品,輸入,202308,'2023/08,,KG,,4564518,11501797,,36322947,86825681
8708.40-000,ギヤボックス及びその部分品,輸入,202309,'2023/09,,KG,,4622510,12227606,,40945457,99053287
8708.40-000,ギヤボックス及びその部分品,輸入,202310,'2023/10,,KG,,5096597,12534498,,46042054,111587785
8708.40-000,ギヤボックス及びその部分品,輸入,202311,'2023/11,,KG,,4030773,10687894,,50072827,122275679
8708.40-000,ギヤボックス及びその部分品,輸入,202312,'2023/12,,KG,,3762946,9494762,,53835773,131770441
8708.40-000,ギヤボックス及びその部分品,輸入,202401,'2024/01,,KG,,3803813,9519336,,3803813,9519336
8708.40-000,ギヤボックス及びその部分品,輸入,202402,'2024/02,,KG,,4120519,10773653,,7924332,20292989
8708.40-000,ギヤボックス及びその部分品,輸入,202403,'2024/03,,KG,,3715286,9545183,,11639618,29838172
8708.40-000,ギヤボックス及びその部分品,輸入,202404,'2024/04,,KG,,3628400,9496630,,15268018,39334802
8708.40-000,ギヤボックス及びその部分品,輸入,202405,'2024/05,,KG,,3699699,10383695,,18967717,49718497
8708.40-000,ギヤボックス及びその部分品,輸入,202406,'2024/06,,KG,,3585001,9953314,,22552718,59671811
8708.40-000,ギヤボックス及びその部分品,輸入,202407,'2024/07,,KG,,3886221,10287157,,26438939,69958968
8708.40-000,ギヤボックス及びその部分品,輸入,202408,'2024/08,,KG,,3589399,9182945,,30028338,79141913
8708.40-000,ギヤボックス及びその部分品,輸入,202409,'2024/09,,KG,,5002562,12512961,,35030900,91654874
8708.40-000,ギヤボックス及びその部分品,輸入,202410,'2024/10,,KG,,4216560,10265250,,39247460,101920124
8708.40-000,ギヤボックス及びその部分品,輸入,202411,'2024/11,,KG,,3724081,9490014,,42971541,111410138
8708.40-000,ギヤボックス及びその部分品,輸入,202412,'2024/12,,KG,,3779171,9221124,,46750712,120631262
8708.40-000,ギヤボックス及びその部分品,輸入,202501,'2025/01,,KG,,3958751,10251466,,3958751,10251466
8708.40-000,ギヤボックス及びその部分品,輸入,202502,'2025/02,,KG,,3381687,9334915,,7340438,19586381
8708.40-000,ギヤボックス及びその部分品,輸入,202503,'2025/03,,KG,,3666538,8097197,,11006976,27683578
8708.40-000,ギヤボックス及びその部分品,輸入,202504,'2025/04,,KG,,3535477,8569985,,14542453,36253563
8708.40-000,ギヤボックス及びその部分品,輸入,202505,'2025/05,,KG,,3812973,8927879,,18355426,45181442
8708.40-000,ギヤボックス及びその部分品,輸入,202506,'2025/06,,KG,,4356267,10167257,,22711693,55348699
8708.40-000,ギヤボックス及びその部分品,輸入,202507,'2025/07,,KG,,4043502,9423298,,26755195,64771997
8708.40-000,ギヤボックス及びその部分品,輸入,202508,'2025/08,,KG,,3832447,9507510,,30587642,74279507
8708.40-000,ギヤボックス及びその部分品,輸入,202509,'2025/09,,KG,,5315212,12233290,,35902854,86512797
8708.40-000,ギヤボックス及びその部分品,輸入,202510,'2025/10,,KG,,4166682,10522212,,40069536,97035009
8708.40-000,ギヤボックス及びその部分品,輸入,202511,'2025/11,,KG,,4209832,10238496,,44279368,107273505
8708.40-000,ギヤボックス及びその部分品,輸入,202512,'2025/12,,KG,,3926987,9412112,,48206355,116685617
8708.40-000,ギヤボックス及びその部分品,輸入,202601,'2026/01,,KG,,4456128,11303242,,4456128,11303242
8708.40-000,ギヤボックス及びその部分品,輸入,202602,'2026/02,,KG,,4086064,10346321,,8542192,21649563
8708.40-000,ギヤボックス及びその部分品,輸入,202603,'2026/03,,KG,,4720264,11594230,,13262456,33243793
8708.40-000,ギヤボックス及びその部分品,輸入,202604,'2026/04,,KG,,4136409,10230323,,17398865,43474116
8708.40-000,ギヤボックス及びその部分品,輸入,202605,'2026/05,,KG,,4006063,10404880,,21404928,53878996
8708.40-000,ギヤボックス及びその部分品,輸入,202606,'2026/06,,KG,,4733421,11801641,,26138349,65680637
8708.40-000,ギヤボックス及びその部分品,輸入,202607,'2026/07,,KG,,4080176,10661386,,30218525,76342023
8708.50-000,駆動軸（ディファレンシャル付き）,輸入,202501,'2025/01,,KG,,4968527,4856865,,4968527,4856865
8708.50-000,駆動軸（ディファレンシャル付き）,輸入,202502,'2025/02,,KG,,3797063,3925272,,8765590,8782137
8708.50-000,駆動軸（ディファレンシャル付き）,輸入,202503,'2025/03,,KG,,4258771,3969530,,13024361,12751667
8708.50-000,駆動軸（ディファレンシャル付き）,輸入,202504,'2025/04,,KG,,4126712,4045187,,17151073,16796854
8708.50-000,駆動軸（ディファレンシャル付き）,輸入,202505,'2025/05,,KG,,4675380,5071514,,21826453,21868368
8708.50-000,駆動軸（ディファレンシャル付き）,輸入,202506,'2025/06,,KG,,4209851,3898568,,26036304,25766936
8708.50-000,駆動軸（ディファレンシャル付き）,輸入,202507,'2025/07,,KG,,4679448,4656906,,30715752,30423842
8708.50-000,駆動軸（ディファレンシャル付き）,輸入,202508,'2025/08,,KG,,4219923,4211317,,34935675,34635159
8708.50-000,駆動軸（ディファレンシャル付き）,輸入,202509,'2025/09,,KG,,4570449,4305447,,39506124,38940606
8708.50-000,駆動軸（ディファレンシャル付き）,輸入,202510,'2025/10,,KG,,4512427,4280459,,44018551,43221065
8708.50-000,駆動軸（ディファレンシャル付き）,輸入,202511,'2025/11,,KG,,5164670,4745829,,49183221,47966894
8708.50-000,駆動軸（ディファレンシャル付き）,輸入,202512,'2025/12,,KG,,4602838,4378290,,53786059,52345184
8708.50-000,駆動軸（ディファレンシャル付き）,輸入,202601,'2026/01,,KG,,5298891,5142303,,5298891,5142303
8708.50-000,駆動軸（ディファレンシャル付き）,輸入,202602,'2026/02,,KG,,4790286,4637087,,10089177,9779390
8708.50-000,駆動軸（ディファレンシャル付き）,輸入,202603,'2026/03,,KG,,4671313,4574616,,14760490,14354006
8708.50-000,駆動軸（ディファレンシャル付き）,輸入,202604,'2026/04,,KG,,4204735,4269634,,18965225,18623640
8708.50-000,駆動軸（ディファレンシャル付き）,輸入,202605,'2026/05,,KG,,4030543,4298842,,22995768,22922482
8708.50-000,駆動軸（ディファレンシャル付き）,輸入,202606,'2026/06,,KG,,5023654,5654208,,28019422,28576690
8708.50-000,駆動軸（ディファレンシャル付き）,輸入,202607,'2026/07,,KG,,4999191,5916741,,33018613,34493431
8708.50-010,,輸入,202201,'2022/01,,KG,,739310,451977,,739310,451977
8708.50-010,,輸入,202202,'2022/02,,KG,,527576,341439,,1266886,793416
8708.50-010,,輸入,202203,'2022/03,,KG,,650911,432639,,1917797,1226055
8708.50-010,,輸入,202204,'2022/04,,KG,,379062,284545,,2296859,1510600
8708.50-010,,輸入,202205,'2022/05,,KG,,486936,376884,,2783795,1887484
8708.50-010,,輸入,202206,'2022/06,,KG,,539922,423661,,3323717,2311145
8708.50-010,,輸入,202207,'2022/07,,KG,,474450,384445,,3798167,2695590
8708.50-010,,輸入,202208,'2022/08,,KG,,596220,466681,,4394387,3162271
8708.50-010,,輸入,202209,'2022/09,,KG,,455791,392922,,4850178,3555193
8708.50-010,,輸入,202210,'2022/10,,KG,,630056,565812,,5480234,4121005
8708.50-010,,輸入,202211,'2022/11,,KG,,501974,437285,,5982208,4558290
8708.50-010,,輸入,202212,'2022/12,,KG,,395522,372502,,6377730,4930792
8708.50-010,,輸入,202301,'2023/01,,KG,,444188,380479,,444188,380479
8708.50-010,,輸入,202302,'2023/02,,KG,,318575,295519,,762763,675998
8708.50-010,,輸入,202303,'2023/03,,KG,,570238,475362,,1333001,1151360
8708.50-010,,輸入,202304,'2023/04,,KG,,494881,407724,,1827882,1559084
8708.50-010,,輸入,202305,'2023/05,,KG,,402833,366054,,2230715,1925138
8708.50-010,,輸入,202306,'2023/06,,KG,,477890,430245,,2708605,2355383
8708.50-010,,輸入,202307,'2023/07,,KG,,406301,426941,,3114906,2782324
8708.50-010,,輸入,202308,'2023/08,,KG,,393288,411108,,3508194,3193432
8708.50-010,,輸入,202309,'2023/09,,KG,,485827,505652,,3994021,3699084
8708.50-010,,輸入,202310,'2023/10,,KG,,459109,464860,,4453130,4163944
8708.50-010,,輸入,202311,'2023/11,,KG,,504849,507313,,4957979,4671257
8708.50-010,,輸入,202312,'2023/12,,KG,,374601,320110,,5332580,4991367
8708.50-010,,輸入,202401,'2024/01,,KG,,421755,370604,,421755,370604
8708.50-010,,輸入,202402,'2024/02,,KG,,497539,447763,,919294,818367
8708.50-010,,輸入,202403,'2024/03,,KG,,299251,263711,,1218545,1082078
8708.50-010,,輸入,202404,'2024/04,,KG,,486035,447077,,1704580,1529155
8708.50-010,,輸入,202405,'2024/05,,KG,,451108,389585,,2155688,1918740
8708.50-010,,輸入,202406,'2024/06,,KG,,478853,445020,,2634541,2363760
8708.50-010,,輸入,202407,'2024/07,,KG,,378584,375388,,3013125,2739148
8708.50-010,,輸入,202408,'2024/08,,KG,,309940,301896,,3323065,3041044
8708.50-010,,輸入,202409,'2024/09,,KG,,469019,454191,,3792084,3495235
8708.50-010,,輸入,202410,'2024/10,,KG,,411204,362902,,4203288,3858137
8708.50-010,,輸入,202411,'2024/11,,KG,,366197,373492,,4569485,4231629
8708.50-010,,輸入,202412,'2024/12,,KG,,291105,309245,,4860590,4540874
8708.50-090,,輸入,202201,'2022/01,,KG,,3852280,2805324,,3852280,2805324
8708.50-090,,輸入,202202,'2022/02,,KG,,2932322,2269755,,6784602,5075079
8708.50-090,,輸入,202203,'2022/03,,KG,,4026889,2982262,,10811491,8057341
8708.50-090,,輸入,202204,'2022/04,,KG,,2523926,2216707,,13335417,10274048
8708.50-090,,輸入,202205,'2022/05,,KG,,3164663,2759726,,16500080,13033774
8708.50-090,,輸入,202206,'2022/06,,KG,,3623784,3061698,,20123864,16095472
8708.50-090,,輸入,202207,'2022/07,,KG,,3076391,2756353,,23200255,18851825
8708.50-090,,輸入,202208,'2022/08,,KG,,3216755,2871081,,26417010,21722906
8708.50-090,,輸入,202209,'2022/09,,KG,,3485123,2989959,,29902133,24712865
8708.50-090,,輸入,202210,'2022/10,,KG,,4265676,3799256,,34167809,28512121
8708.50-090,,輸入,202211,'2022/11,,KG,,4119461,3662329,,38287270,32174450
8708.50-090,,輸入,202212,'2022/12,,KG,,3574606,3037519,,41861876,35211969
8708.50-090,,輸入,202301,'2023/01,,KG,,4386165,3400920,,4386165,3400920
8708.50-090,,輸入,202302,'2023/02,,KG,,3401337,2788593,,7787502,6189513
8708.50-090,,輸入,202303,'2023/03,,KG,,3829480,3351531,,11616982,9541044
8708.50-090,,輸入,202304,'2023/04,,KG,,3426460,3049609,,15043442,12590653
8708.50-090,,輸入,202305,'2023/05,,KG,,3586960,3285739,,18630402,15876392
8708.50-090,,輸入,202306,'2023/06,,KG,,3598205,3289375,,22228607,19165767
8708.50-090,,輸入,202307,'2023/07,,KG,,3511680,3345451,,25740287,22511218
8708.50-090,,輸入,202308,'2023/08,,KG,,3202815,3198911,,28943102,25710129
8708.50-090,,輸入,202309,'2023/09,,KG,,3339415,3384961,,32282517,29095090
8708.50-090,,輸入,202310,'2023/10,,KG,,3998557,3824775,,36281074,32919865
8708.50-090,,輸入,202311,'2023/11,,KG,,4152143,4065374,,40433217,36985239
8708.50-090,,輸入,202312,'2023/12,,KG,,3661335,3618233,,44094552,40603472
8708.50-090,,輸入,202401,'2024/01,,KG,,3729370,3691834,,3729370,3691834
8708.50-090,,輸入,202402,'2024/02,,KG,,3712640,3726006,,7442010,7417840
8708.50-090,,輸入,202403,'2024/03,,KG,,3753380,3685747,,11195390,11103587
8708.50-090,,輸入,202404,'2024/04,,KG,,3656014,3733715,,14851404,14837302
8708.50-090,,輸入,202405,'2024/05,,KG,,4646740,4804905,,19498144,19642207
8708.50-090,,輸入,202406,'2024/06,,KG,,4069971,4272032,,23568115,23914239
8708.50-090,,輸入,202407,'2024/07,,KG,,4399764,4696455,,27967879,28610694
8708.50-090,,輸入,202408,'2024/08,,KG,,3371282,3555271,,31339161,32165965
8708.50-090,,輸入,202409,'2024/09,,KG,,3890475,4113782,,35229636,36279747
8708.50-090,,輸入,202410,'2024/10,,KG,,3978517,4083946,,39208153,40363693
8708.50-090,,輸入,202411,'2024/11,,KG,,4106793,4189920,,43314946,44553613
8708.50-090,,輸入,202412,'2024/12,,KG,,4047616,4349368,,47362562,48902981
8708.70-010,,輸入,202201,'2022/01,,KG,,705367,220652,,705367,220652
8708.70-010,,輸入,202202,'2022/02,,KG,,420612,175012,,1125979,395664
8708.70-010,,輸入,202203,'2022/03,,KG,,337544,127260,,1463523,522924
8708.70-010,,輸入,202204,'2022/04,,KG,,356259,144671,,1819782,667595
8708.70-010,,輸入,202205,'2022/05,,KG,,550458,202060,,2370240,869655
8708.70-010,,輸入,202206,'2022/06,,KG,,727352,255607,,3097592,1125262
8708.70-010,,輸入,202207,'2022/07,,KG,,384107,147231,,3481699,1272493
8708.70-010,,輸入,202208,'2022/08,,KG,,451834,180376,,3933533,1452869
8708.70-010,,輸入,202209,'2022/09,,KG,,244323,109782,,4177856,1562651
8708.70-010,,輸入,202210,'2022/10,,KG,,261656,126532,,4439512,1689183
8708.70-010,,輸入,202211,'2022/11,,KG,,256276,119704,,4695788,1808887
8708.70-010,,輸入,202212,'2022/12,,KG,,370489,166398,,5066277,1975285
8708.70-010,,輸入,202301,'2023/01,,KG,,279854,124346,,279854,124346
8708.70-010,,輸入,202302,'2023/02,,KG,,389127,137801,,668981,262147
8708.70-010,,輸入,202303,'2023/03,,KG,,579113,238240,,1248094,500387
8708.70-010,,輸入,202304,'2023/04,,KG,,530425,197139,,1778519,697526
8708.70-010,,輸入,202305,'2023/05,,KG,,712876,244158,,2491395,941684
8708.70-010,,輸入,202306,'2023/06,,KG,,663355,251049,,3154750,1192733
8708.70-010,,輸入,202307,'2023/07,,KG,,307207,123005,,3461957,1315738
8708.70-010,,輸入,202308,'2023/08,,KG,,430378,180865,,3892335,1496603
8708.70-010,,輸入,202309,'2023/09,,KG,,289151,138657,,4181486,1635260
8708.70-010,,輸入,202310,'2023/10,,KG,,378082,161632,,4559568,1796892
8708.70-010,,輸入,202311,'2023/11,,KG,,388867,170683,,4948435,1967575
8708.70-010,,輸入,202312,'2023/12,,KG,,591685,210442,,5540120,2178017
8708.70-010,,輸入,202401,'2024/01,,KG,,566299,213569,,566299,213569
8708.70-010,,輸入,202402,'2024/02,,KG,,427584,158106,,993883,371675
8708.70-010,,輸入,202403,'2024/03,,KG,,677233,245271,,1671116,616946
8708.70-010,,輸入,202404,'2024/04,,KG,,507600,212859,,2178716,829805
8708.70-010,,輸入,202405,'2024/05,,KG,,585658,246613,,2764374,1076418
8708.70-010,,輸入,202406,'2024/06,,KG,,668919,273718,,3433293,1350136
8708.70-010,,輸入,202407,'2024/07,,KG,,600478,239963,,4033771,1590099
8708.70-010,,輸入,202408,'2024/08,,KG,,486129,180202,,4519900,1770301
8708.70-010,,輸入,202409,'2024/09,,KG,,525621,184492,,5045521,1954793
8708.70-010,,輸入,202410,'2024/10,,KG,,386135,159283,,5431656,2114076
8708.70-010,,輸入,202411,'2024/11,,KG,,389690,155929,,5821346,2270005
8708.70-010,,輸入,202412,'2024/12,,KG,,451185,169426,,6272531,2439431
8708.70-010,,輸入,202501,'2025/01,,KG,,628616,232232,,628616,232232
8708.70-010,,輸入,202502,'2025/02,,KG,,317993,135924,,946609,368156
8708.70-010,,輸入,202503,'2025/03,,KG,,464067,172022,,1410676,540178
8708.70-010,,輸入,202504,'2025/04,,KG,,444399,169943,,1855075,710121
8708.70-010,,輸入,202505,'2025/05,,KG,,413294,152420,,2268369,862541
8708.70-010,,輸入,202506,'2025/06,,KG,,445865,182891,,2714234,1045432
8708.70-010,,輸入,202507,'2025/07,,KG,,381687,148756,,3095921,1194188
8708.70-010,,輸入,202508,'2025/08,,KG,,317727,126071,,3413648,1320259
8708.70-010,,輸入,202509,'2025/09,,KG,,483905,193714,,3897553,1513973
8708.70-010,,輸入,202510,'2025/10,,KG,,849919,311895,,4747472,1825868
8708.70-010,,輸入,202511,'2025/11,,KG,,796771,293762,,5544243,2119630
8708.70-010,,輸入,202512,'2025/12,,KG,,744845,256562,,6289088,2376192
8708.70-010,,輸入,202601,'2026/01,,KG,,1268764,411541,,1268764,411541
8708.70-010,,輸入,202602,'2026/02,,KG,,672380,246517,,1941144,658058
8708.70-010,,輸入,202603,'2026/03,,KG,,677127,253591,,2618271,911649
8708.70-010,,輸入,202604,'2026/04,,KG,,907054,347235,,3525325,1258884
8708.70-010,,輸入,202605,'2026/05,,KG,,654553,247889,,4179878,1506773
8708.70-010,,輸入,202606,'2026/06,,KG,,1020547,409334,,5200425,1916107
8708.70-010,,輸入,202607,'2026/07,,KG,,1061681,418054,,6262106,2334161
8708.70-090,,輸入,202201,'2022/01,,KG,,25818008,15586382,,25818008,15586382
8708.70-090,,輸入,202202,'2022/02,,KG,,20300288,12637067,,46118296,28223449
8708.70-090,,輸入,202203,'2022/03,,KG,,21625242,13948036,,67743538,42171485
8708.70-090,,輸入,202204,'2022/04,,KG,,16596768,11609210,,84340306,53780695
8708.70-090,,輸入,202205,'2022/05,,KG,,18378205,13118771,,102718511,66899466
8708.70-090,,輸入,202206,'2022/06,,KG,,18619481,13318519,,121337992,80217985
8708.70-090,,輸入,202207,'2022/07,,KG,,21937211,16228824,,143275203,96446809
8708.70-090,,輸入,202208,'2022/08,,KG,,25399119,18940977,,168674322,115387786
8708.70-090,,輸入,202209,'2022/09,,KG,,26429171,20238151,,195103493,135625937
8708.70-090,,輸入,202210,'2022/10,,KG,,30141642,23058516,,225245135,158684453
8708.70-090,,輸入,202211,'2022/11,,KG,,26734626,19901398,,251979761,178585851
8708.70-090,,輸入,202212,'2022/12,,KG,,19750035,14388460,,271729796,192974311
8708.70-090,,輸入,202301,'2023/01,,KG,,23644065,16099701,,23644065,16099701
8708.70-090,,輸入,202302,'2023/02,,KG,,18009845,12453950,,41653910,28553651
8708.70-090,,輸入,202303,'2023/03,,KG,,21680917,15334154,,63334827,43887805
8708.70-090,,輸入,202304,'2023/04,,KG,,18633987,12965153,,81968814,56852958
8708.70-090,,輸入,202305,'2023/05,,KG,,19597710,13408762,,101566524,70261720
8708.70-090,,輸入,202306,'2023/06,,KG,,22890633,15880847,,124457157,86142567
8708.70-090,,輸入,202307,'2023/07,,KG,,23031245,16124974,,147488402,102267541
8708.70-090,,輸入,202308,'2023/08,,KG,,24446069,16800084,,171934471,119067625
8708.70-090,,輸入,202309,'2023/09,,KG,,29955416,21386789,,201889887,140454414
8708.70-090,,輸入,202310,'2023/10,,KG,,30258301,21541090,,232148188,161995504
8708.70-090,,輸入,202311,'2023/11,,KG,,29277213,21427596,,261425401,183423100
8708.70-090,,輸入,202312,'2023/12,,KG,,23496867,17303351,,284922268,200726451
8708.70-090,,輸入,202401,'2024/01,,KG,,25413010,18100925,,25413010,18100925
8708.70-090,,輸入,202402,'2024/02,,KG,,22502154,16209773,,47915164,34310698
8708.70-090,,輸入,202403,'2024/03,,KG,,20201938,14821065,,68117102,49131763
8708.70-090,,輸入,202404,'2024/04,,KG,,19129960,14384322,,87247062,63516085
8708.70-090,,輸入,202405,'2024/05,,KG,,20369639,15215474,,107616701,78731559
8708.70-090,,輸入,202406,'2024/06,,KG,,20387677,15558931,,128004378,94290490
8708.70-090,,輸入,202407,'2024/07,,KG,,23978851,18123598,,151983229,112414088
8708.70-090,,輸入,202408,'2024/08,,KG,,22420184,16925409,,174403413,129339497
8708.70-090,,輸入,202409,'2024/09,,KG,,29092065,21284829,,203495478,150624326
8708.70-090,,輸入,202410,'2024/10,,KG,,29095328,21586530,,232590806,172210856
8708.70-090,,輸入,202411,'2024/11,,KG,,25880984,20191036,,258471790,192401892
8708.70-090,,輸入,202412,'2024/12,,KG,,22254569,17813361,,280726359,210215253
8708.70-090,,輸入,202501,'2025/01,,KG,,23500893,19406758,,23500893,19406758
8708.70-090,,輸入,202502,'2025/02,,KG,,19731205,15970183,,43232098,35376941
8708.70-090,,輸入,202503,'2025/03,,KG,,21984469,17636105,,65216567,53013046
8708.70-090,,輸入,202504,'2025/04,,KG,,18471965,14790527,,83688532,67803573
8708.70-090,,輸入,202505,'2025/05,,KG,,21052313,16271165,,104740845,84074738
8708.70-090,,輸入,202506,'2025/06,,KG,,22773620,17451195,,127514465,101525933
8708.70-090,,輸入,202507,'2025/07,,KG,,23185226,18068745,,150699691,119594678
8708.70-090,,輸入,202508,'2025/08,,KG,,23659621,18454349,,174359312,138049027
8708.70-090,,輸入,202509,'2025/09,,KG,,29214156,22529039,,203573468,160578066
8708.70-090,,輸入,202510,'2025/10,,KG,,29242918,23215940,,232816386,183794006
8708.70-090,,輸入,202511,'2025/11,,KG,,27395726,21669872,,260212112,205463878
8708.70-090,,輸入,202512,'2025/12,,KG,,22731466,18302196,,282943578,223766074
8708.70-090,,輸入,202601,'2026/01,,KG,,23250634,19472263,,23250634,19472263
8708.70-090,,輸入,202602,'2026/02,,KG,,20685480,17141543,,43936114,36613806
8708.70-090,,輸入,202603,'2026/03,,KG,,18765697,15482045,,62701811,52095851
8708.70-090,,輸入,202604,'2026/04,,KG,,20601821,17577716,,83303632,69673567
8708.70-090,,輸入,202605,'2026/05,,KG,,20777162,18125695,,104080794,87799262
8708.70-090,,輸入,202606,'2026/06,,KG,,26338617,22883514,,130419411,110682776
8708.70-090,,輸入,202607,'2026/07,,KG,,26964969,24612239,,157384380,135295015
8708.80-000,サスペンションシステム及び部分品,輸入,202201,'2022/01,,KG,,4437864,3390884,,4437864,3390884
8708.80-000,サスペンションシステム及び部分品,輸入,202202,'2022/02,,KG,,3878590,2960858,,8316454,6351742
8708.80-000,サスペンションシステム及び部分品,輸入,202203,'2022/03,,KG,,4791218,3619562,,13107672,9971304
8708.80-000,サスペンションシステム及び部分品,輸入,202204,'2022/04,,KG,,3401896,3090604,,16509568,13061908
8708.80-000,サスペンションシステム及び部分品,輸入,202205,'2022/05,,KG,,3751374,3407676,,20260942,16469584
8708.80-000,サスペンションシステム及び部分品,輸入,202206,'2022/06,,KG,,3722362,3583178,,23983304,20052762
8708.80-000,サスペンションシステム及び部分品,輸入,202207,'2022/07,,KG,,4362951,3834263,,28346255,23887025
8708.80-000,サスペンションシステム及び部分品,輸入,202208,'2022/08,,KG,,4332790,3769273,,32679045,27656298
8708.80-000,サスペンションシステム及び部分品,輸入,202209,'2022/09,,KG,,4959191,4272258,,37638236,31928556
8708.80-000,サスペンションシステム及び部分品,輸入,202210,'2022/10,,KG,,5104220,4499616,,42742456,36428172
8708.80-000,サスペンションシステム及び部分品,輸入,202211,'2022/11,,KG,,4785590,4457598,,47528046,40885770
8708.80-000,サスペンションシステム及び部分品,輸入,202212,'2022/12,,KG,,4183174,3818338,,51711220,44704108
8708.80-000,サスペンションシステム及び部分品,輸入,202301,'2023/01,,KG,,5246331,4462315,,5246331,4462315
8708.80-000,サスペンションシステム及び部分品,輸入,202302,'2023/02,,KG,,4298802,3613763,,9545133,8076078
8708.80-000,サスペンションシステム及び部分品,輸入,202303,'2023/03,,KG,,5002795,4214006,,14547928,12290084
8708.80-000,サスペンションシステム及び部分品,輸入,202304,'2023/04,,KG,,4391505,3849832,,18939433,16139916
8708.80-000,サスペンションシステム及び部分品,輸入,202305,'2023/05,,KG,,4781708,3915689,,23721141,20055605
8708.80-000,サスペンションシステム及び部分品,輸入,202306,'2023/06,,KG,,5418683,4605664,,29139824,24661269
8708.80-000,サスペンションシステム及び部分品,輸入,202307,'2023/07,,KG,,5374234,4642089,,34514058,29303358
8708.80-000,サスペンションシステム及び部分品,輸入,202308,'2023/08,,KG,,5178944,4597622,,39693002,33900980
8708.80-000,サスペンションシステム及び部分品,輸入,202309,'2023/09,,KG,,5631974,4891648,,45324976,38792628
8708.80-000,サスペンションシステム及び部分品,輸入,202310,'2023/10,,KG,,6216242,5328903,,51541218,44121531
8708.80-000,サスペンションシステム及び部分品,輸入,202311,'2023/11,,KG,,6141547,5278362,,57682765,49399893
8708.80-000,サスペンションシステム及び部分品,輸入,202312,'2023/12,,KG,,5158940,4366679,,62841705,53766572
8708.80-000,サスペンションシステム及び部分品,輸入,202401,'2024/01,,KG,,5924621,5063752,,5924621,5063752
8708.80-000,サスペンションシステム及び部分品,輸入,202402,'2024/02,,KG,,5527861,5499174,,11452482,10562926
8708.80-000,サスペンションシステム及び部分品,輸入,202403,'2024/03,,KG,,5234733,4934140,,16687215,15497066
8708.80-000,サスペンションシステム及び部分品,輸入,202404,'2024/04,,KG,,5135146,4899983,,21822361,20397049
8708.80-000,サスペンションシステム及び部分品,輸入,202405,'2024/05,,KG,,6124836,5831878,,27947197,26228927
8708.80-000,サスペンションシステム及び部分品,輸入,202406,'2024/06,,KG,,6140319,5950851,,34087516,32179778
8708.80-000,サスペンションシステム及び部分品,輸入,202407,'2024/07,,KG,,6051645,6107543,,40139161,38287321
8708.80-000,サスペンションシステム及び部分品,輸入,202408,'2024/08,,KG,,4739776,4571194,,44878937,42858515
8708.80-000,サスペンションシステム及び部分品,輸入,202409,'2024/09,,KG,,6351966,6070175,,51230903,48928690
8708.80-000,サスペンションシステム及び部分品,輸入,202410,'2024/10,,KG,,6359852,6257360,,57590755,55186050
8708.80-000,サスペンションシステム及び部分品,輸入,202411,'2024/11,,KG,,5422845,5646405,,63013600,60832455
8708.80-000,サスペンションシステム及び部分品,輸入,202412,'2024/12,,KG,,5745055,5579678,,68758655,66412133
8708.80-000,サスペンションシステム及び部分品,輸入,202501,'2025/01,,KG,,6461113,6767186,,6461113,6767186
8708.80-000,サスペンションシステム及び部分品,輸入,202502,'2025/02,,KG,,5435208,5880281,,11896321,12647467
8708.80-000,サスペンションシステム及び部分品,輸入,202503,'2025/03,,KG,,5313902,5974921,,17210223,18622388
8708.80-000,サスペンションシステム及び部分品,輸入,202504,'2025/04,,KG,,5306857,5716265,,22517080,24338653
8708.80-000,サスペンションシステム及び部分品,輸入,202505,'2025/05,,KG,,5986689,6422419,,28503769,30761072
8708.80-000,サスペンションシステム及び部分品,輸入,202506,'2025/06,,KG,,5701106,6109945,,34204875,36871017
8708.80-000,サスペンションシステム及び部分品,輸入,202507,'2025/07,,KG,,6074534,6437925,,40279409,43308942
8708.80-000,サスペンションシステム及び部分品,輸入,202508,'2025/08,,KG,,4679710,5599760,,44959119,48908702
8708.80-000,サスペンションシステム及び部分品,輸入,202509,'2025/09,,KG,,6436822,6650670,,51395941,55559372
8708.80-000,サスペンションシステム及び部分品,輸入,202510,'2025/10,,KG,,5915366,6469789,,57311307,62029161
8708.80-000,サスペンションシステム及び部分品,輸入,202511,'2025/11,,KG,,5969173,6996717,,63280480,69025878
8708.80-000,サスペンションシステム及び部分品,輸入,202512,'2025/12,,KG,,5467450,6484394,,68747930,75510272
8708.80-000,サスペンションシステム及び部分品,輸入,202601,'2026/01,,KG,,6252116,9514661,,6252116,9514661
8708.80-000,サスペンションシステム及び部分品,輸入,202602,'2026/02,,KG,,6315911,7285912,,12568027,16800573
8708.80-000,サスペンションシステム及び部分品,輸入,202603,'2026/03,,KG,,6156386,7223692,,18724413,24024265
8708.80-000,サスペンションシステム及び部分品,輸入,202604,'2026/04,,KG,,5962660,7342995,,24687073,31367260
8708.80-000,サスペンションシステム及び部分品,輸入,202605,'2026/05,,KG,,5900739,7714469,,30587812,39081729
8708.80-000,サスペンションシステム及び部分品,輸入,202606,'2026/06,,KG,,6882667,8122807,,37470479,47204536
8708.80-000,サスペンションシステム及び部分品,輸入,202607,'2026/07,,KG,,7085704,8483712,,44556183,55688248
8708.91-000,ラジエーター及びその部分品,輸入,202201,'2022/01,,KG,,523996,1130604,,523996,1130604
8708.91-000,ラジエーター及びその部分品,輸入,202202,'2022/02,,KG,,408639,818923,,932635,1949527
8708.91-000,ラジエーター及びその部分品,輸入,202203,'2022/03,,KG,,531185,1088152,,1463820,3037679
8708.91-000,ラジエーター及びその部分品,輸入,202204,'2022/04,,KG,,527060,1102985,,1990880,4140664
8708.91-000,ラジエーター及びその部分品,輸入,202205,'2022/05,,KG,,490039,1195722,,2480919,5336386
8708.91-000,ラジエーター及びその部分品,輸入,202206,'2022/06,,KG,,655037,1462008,,3135956,6798394
8708.91-000,ラジエーター及びその部分品,輸入,202207,'2022/07,,KG,,693030,1601125,,3828986,8399519
8708.91-000,ラジエーター及びその部分品,輸入,202208,'2022/08,,KG,,724416,1701525,,4553402,10101044
8708.91-000,ラジエーター及びその部分品,輸入,202209,'2022/09,,KG,,822507,1946161,,5375909,12047205
8708.91-000,ラジエーター及びその部分品,輸入,202210,'2022/10,,KG,,899569,2054242,,6275478,14101447
8708.91-000,ラジエーター及びその部分品,輸入,202211,'2022/11,,KG,,824104,1946783,,7099582,16048230
8708.91-000,ラジエーター及びその部分品,輸入,202212,'2022/12,,KG,,745961,1804794,,7845543,17853024
8708.91-000,ラジエーター及びその部分品,輸入,202301,'2023/01,,KG,,858201,1959491,,858201,1959491
8708.91-000,ラジエーター及びその部分品,輸入,202302,'2023/02,,KG,,806523,1772497,,1664724,3731988
8708.91-000,ラジエーター及びその部分品,輸入,202303,'2023/03,,KG,,949228,2073764,,2613952,5805752
8708.91-000,ラジエーター及びその部分品,輸入,202304,'2023/04,,KG,,1020824,2073340,,3634776,7879092
8708.91-000,ラジエーター及びその部分品,輸入,202305,'2023/05,,KG,,1039223,2166663,,4673999,10045755
8708.91-000,ラジエーター及びその部分品,輸入,202306,'2023/06,,KG,,1020720,2127553,,5694719,12173308
8708.91-000,ラジエーター及びその部分品,輸入,202307,'2023/07,,KG,,1009336,2203429,,6704055,14376737
8708.91-000,ラジエーター及びその部分品,輸入,202308,'2023/08,,KG,,987805,2031046,,7691860,16407783
8708.91-000,ラジエーター及びその部分品,輸入,202309,'2023/09,,KG,,1061145,2229667,,8753005,18637450
8708.91-000,ラジエーター及びその部分品,輸入,202310,'2023/10,,KG,,1091617,2347203,,9844622,20984653
8708.91-000,ラジエーター及びその部分品,輸入,202311,'2023/11,,KG,,1237541,2623687,,11082163,23608340
8708.91-000,ラジエーター及びその部分品,輸入,202312,'2023/12,,KG,,913521,1926880,,11995684,25535220
8708.91-000,ラジエーター及びその部分品,輸入,202401,'2024/01,,KG,,1056747,2237236,,1056747,2237236
8708.91-000,ラジエーター及びその部分品,輸入,202402,'2024/02,,KG,,1008522,2134457,,2065269,4371693
8708.91-000,ラジエーター及びその部分品,輸入,202403,'2024/03,,KG,,1015360,2125056,,3080629,6496749
8708.91-000,ラジエーター及びその部分品,輸入,202404,'2024/04,,KG,,920225,2091071,,4000854,8587820
8708.91-000,ラジエーター及びその部分品,輸入,202405,'2024/05,,KG,,970924,2100890,,4971778,10688710
8708.91-000,ラジエーター及びその部分品,輸入,202406,'2024/06,,KG,,862057,2094167,,5833835,12782877
8708.91-000,ラジエーター及びその部分品,輸入,202407,'2024/07,,KG,,844553,2145186,,6678388,14928063
8708.91-000,ラジエーター及びその部分品,輸入,202408,'2024/08,,KG,,933592,2251419,,7611980,17179482
8708.91-000,ラジエーター及びその部分品,輸入,202409,'2024/09,,KG,,1004984,2514915,,8616964,19694397
8708.91-000,ラジエーター及びその部分品,輸入,202410,'2024/10,,KG,,1028527,2375758,,9645491,22070155
8708.91-000,ラジエーター及びその部分品,輸入,202411,'2024/11,,KG,,896923,2093383,,10542414,24163538
8708.91-000,ラジエーター及びその部分品,輸入,202412,'2024/12,,KG,,899425,2198575,,11441839,26362113
8708.91-000,ラジエーター及びその部分品,輸入,202501,'2025/01,,KG,,1091992,2394590,,1091992,2394590
8708.91-000,ラジエーター及びその部分品,輸入,202502,'2025/02,,KG,,760405,1838668,,1852397,4233258
8708.91-000,ラジエーター及びその部分品,輸入,202503,'2025/03,,KG,,969639,2360618,,2822036,6593876
8708.91-000,ラジエーター及びその部分品,輸入,202504,'2025/04,,KG,,839872,1934498,,3661908,8528374
8708.91-000,ラジエーター及びその部分品,輸入,202505,'2025/05,,KG,,951428,2066312,,4613336,10594686
8708.91-000,ラジエーター及びその部分品,輸入,202506,'2025/06,,KG,,934809,2224705,,5548145,12819391
8708.91-000,ラジエーター及びその部分品,輸入,202507,'2025/07,,KG,,1108643,2696747,,6656788,15516138
8708.91-000,ラジエーター及びその部分品,輸入,202508,'2025/08,,KG,,836276,1871480,,7493064,17387618
8708.91-000,ラジエーター及びその部分品,輸入,202509,'2025/09,,KG,,1006329,2395296,,8499393,19782914
8708.91-000,ラジエーター及びその部分品,輸入,202510,'2025/10,,KG,,972402,2169585,,9471795,21952499
8708.91-000,ラジエーター及びその部分品,輸入,202511,'2025/11,,KG,,964797,2174519,,10436592,24127018
8708.91-000,ラジエーター及びその部分品,輸入,202512,'2025/12,,KG,,847659,1876004,,11284251,26003022
8708.91-000,ラジエーター及びその部分品,輸入,202601,'2026/01,,KG,,1122841,2548373,,1122841,2548373
8708.91-000,ラジエーター及びその部分品,輸入,202602,'2026/02,,KG,,966153,2316714,,2088994,4865087
8708.91-000,ラジエーター及びその部分品,輸入,202603,'2026/03,,KG,,907412,2064437,,2996406,6929524
8708.91-000,ラジエーター及びその部分品,輸入,202604,'2026/04,,KG,,901206,2063241,,3897612,8992765
8708.91-000,ラジエーター及びその部分品,輸入,202605,'2026/05,,KG,,925311,2098299,,4822923,11091064
8708.91-000,ラジエーター及びその部分品,輸入,202606,'2026/06,,KG,,877045,2173069,,5699968,13264133
8708.91-000,ラジエーター及びその部分品,輸入,202607,'2026/07,,KG,,1062961,2444451,,6762929,15708584
8708.92-000,消音器（マフラー）及び排気管,輸入,202201,'2022/01,,KG,,1010559,1489781,,1010559,1489781
8708.92-000,消音器（マフラー）及び排気管,輸入,202202,'2022/02,,KG,,1090951,1476055,,2101510,2965836
8708.92-000,消音器（マフラー）及び排気管,輸入,202203,'2022/03,,KG,,1074394,1531473,,3175904,4497309
8708.92-000,消音器（マフラー）及び排気管,輸入,202204,'2022/04,,KG,,1036197,1559070,,4212101,6056379
8708.92-000,消音器（マフラー）及び排気管,輸入,202205,'2022/05,,KG,,1017690,1607749,,5229791,7664128
8708.92-000,消音器（マフラー）及び排気管,輸入,202206,'2022/06,,KG,,1154348,1841968,,6384139,9506096
8708.92-000,消音器（マフラー）及び排気管,輸入,202207,'2022/07,,KG,,957395,1414572,,7341534,10920668
8708.92-000,消音器（マフラー）及び排気管,輸入,202208,'2022/08,,KG,,1060514,1655586,,8402048,12576254
8708.92-000,消音器（マフラー）及び排気管,輸入,202209,'2022/09,,KG,,1131299,1838599,,9533347,14414853
8708.92-000,消音器（マフラー）及び排気管,輸入,202210,'2022/10,,KG,,1366805,2108215,,10900152,16523068
8708.92-000,消音器（マフラー）及び排気管,輸入,202211,'2022/11,,KG,,1166113,1813999,,12066265,18337067
8708.92-000,消音器（マフラー）及び排気管,輸入,202212,'2022/12,,KG,,1064085,1577287,,13130350,19914354
8708.92-000,消音器（マフラー）及び排気管,輸入,202301,'2023/01,,KG,,1275374,1880644,,1275374,1880644
8708.92-000,消音器（マフラー）及び排気管,輸入,202302,'2023/02,,KG,,993372,1539305,,2268746,3419949
8708.92-000,消音器（マフラー）及び排気管,輸入,202303,'2023/03,,KG,,1261821,1856181,,3530567,5276130
8708.92-000,消音器（マフラー）及び排気管,輸入,202304,'2023/04,,KG,,941623,1330166,,4472190,6606296
8708.92-000,消音器（マフラー）及び排気管,輸入,202305,'2023/05,,KG,,1265146,1891137,,5737336,8497433
8708.92-000,消音器（マフラー）及び排気管,輸入,202306,'2023/06,,KG,,1372311,2183856,,7109647,10681289
8708.92-000,消音器（マフラー）及び排気管,輸入,202307,'2023/07,,KG,,1217577,1787111,,8327224,12468400
8708.92-000,消音器（マフラー）及び排気管,輸入,202308,'2023/08,,KG,,1140259,1813629,,9467483,14282029
8708.92-000,消音器（マフラー）及び排気管,輸入,202309,'2023/09,,KG,,1426991,2139819,,10894474,16421848
8708.92-000,消音器（マフラー）及び排気管,輸入,202310,'2023/10,,KG,,1370725,2102026,,12265199,18523874
8708.92-000,消音器（マフラー）及び排気管,輸入,202311,'2023/11,,KG,,1369100,2076254,,13634299,20600128
8708.92-000,消音器（マフラー）及び排気管,輸入,202312,'2023/12,,KG,,1165724,1757664,,14800023,22357792
8708.92-000,消音器（マフラー）及び排気管,輸入,202401,'2024/01,,KG,,1326054,1927795,,1326054,1927795
8708.92-000,消音器（マフラー）及び排気管,輸入,202402,'2024/02,,KG,,1272192,1778822,,2598246,3706617
8708.92-000,消音器（マフラー）及び排気管,輸入,202403,'2024/03,,KG,,1009731,1714150,,3607977,5420767
8708.92-000,消音器（マフラー）及び排気管,輸入,202404,'2024/04,,KG,,1146253,1900920,,4754230,7321687
8708.92-000,消音器（マフラー）及び排気管,輸入,202405,'2024/05,,KG,,1279694,2084423,,6033924,9406110
8708.92-000,消音器（マフラー）及び排気管,輸入,202406,'2024/06,,KG,,1138114,2065042,,7172038,11471152
8708.92-000,消音器（マフラー）及び排気管,輸入,202407,'2024/07,,KG,,1160039,1913992,,8332077,13385144
8708.92-000,消音器（マフラー）及び排気管,輸入,202408,'2024/08,,KG,,998844,1702565,,9330921,15087709
8708.92-000,消音器（マフラー）及び排気管,輸入,202409,'2024/09,,KG,,1187061,1722344,,10517982,16810053
8708.92-000,消音器（マフラー）及び排気管,輸入,202410,'2024/10,,KG,,1226647,1858022,,11744629,18668075
8708.92-000,消音器（マフラー）及び排気管,輸入,202411,'2024/11,,KG,,1238122,1818573,,12982751,20486648
8708.92-000,消音器（マフラー）及び排気管,輸入,202412,'2024/12,,KG,,978322,1524519,,13961073,22011167
8708.92-000,消音器（マフラー）及び排気管,輸入,202501,'2025/01,,KG,,1419275,2099943,,1419275,2099943
8708.92-000,消音器（マフラー）及び排気管,輸入,202502,'2025/02,,KG,,1033751,1657252,,2453026,3757195
8708.92-000,消音器（マフラー）及び排気管,輸入,202503,'2025/03,,KG,,1072940,1717767,,3525966,5474962
8708.92-000,消音器（マフラー）及び排気管,輸入,202504,'2025/04,,KG,,988504,1550400,,4514470,7025362
8708.92-000,消音器（マフラー）及び排気管,輸入,202505,'2025/05,,KG,,1181831,1848943,,5696301,8874305
8708.92-000,消音器（マフラー）及び排気管,輸入,202506,'2025/06,,KG,,1076902,1742712,,6773203,10617017
8708.92-000,消音器（マフラー）及び排気管,輸入,202507,'2025/07,,KG,,1208831,2101267,,7982034,12718284
8708.92-000,消音器（マフラー）及び排気管,輸入,202508,'2025/08,,KG,,949638,1550807,,8931672,14269091
8708.92-000,消音器（マフラー）及び排気管,輸入,202509,'2025/09,,KG,,1202442,2050407,,10134114,16319498
8708.92-000,消音器（マフラー）及び排気管,輸入,202510,'2025/10,,KG,,1091556,1715045,,11225670,18034543
8708.92-000,消音器（マフラー）及び排気管,輸入,202511,'2025/11,,KG,,1102076,1813802,,12327746,19848345
8708.92-000,消音器（マフラー）及び排気管,輸入,202512,'2025/12,,KG,,1040715,1716817,,13368461,21565162
8708.92-000,消音器（マフラー）及び排気管,輸入,202601,'2026/01,,KG,,1409760,2321566,,1409760,2321566
8708.92-000,消音器（マフラー）及び排気管,輸入,202602,'2026/02,,KG,,1132083,1785460,,2541843,4107026
8708.92-000,消音器（マフラー）及び排気管,輸入,202603,'2026/03,,KG,,1123861,1861514,,3665704,5968540
8708.92-000,消音器（マフラー）及び排気管,輸入,202604,'2026/04,,KG,,1025529,1750395,,4691233,7718935
8708.92-000,消音器（マフラー）及び排気管,輸入,202605,'2026/05,,KG,,947690,1693959,,5638923,9412894
8708.92-000,消音器（マフラー）及び排気管,輸入,202606,'2026/06,,KG,,1229521,2112613,,6868444,11525507
8708.92-000,消音器（マフラー）及び排気管,輸入,202607,'2026/07,,KG,,1174040,2054562,,8042484,13580069
8708.93-000,クラッチ及びその部分品,輸入,202201,'2022/01,,KG,,1626800,2113157,,1626800,2113157
8708.93-000,クラッチ及びその部分品,輸入,202202,'2022/02,,KG,,1614314,2225381,,3241114,4338538
8708.93-000,クラッチ及びその部分品,輸入,202203,'2022/03,,KG,,1812980,2517696,,5054094,6856234
8708.93-000,クラッチ及びその部分品,輸入,202204,'2022/04,,KG,,1479846,2078962,,6533940,8935196
8708.93-000,クラッチ及びその部分品,輸入,202205,'2022/05,,KG,,1962314,2460200,,8496254,11395396
8708.93-000,クラッチ及びその部分品,輸入,202206,'2022/06,,KG,,1855607,2740915,,10351861,14136311
8708.93-000,クラッチ及びその部分品,輸入,202207,'2022/07,,KG,,2082216,3519456,,12434077,17655767
8708.93-000,クラッチ及びその部分品,輸入,202208,'2022/08,,KG,,1640051,2342965,,14074128,19998732
8708.93-000,クラッチ及びその部分品,輸入,202209,'2022/09,,KG,,1766949,2504810,,15841077,22503542
8708.93-000,クラッチ及びその部分品,輸入,202210,'2022/10,,KG,,2018909,2574662,,17859986,25078204
8708.93-000,クラッチ及びその部分品,輸入,202211,'2022/11,,KG,,1625298,2209218,,19485284,27287422
8708.93-000,クラッチ及びその部分品,輸入,202212,'2022/12,,KG,,1884373,2587739,,21369657,29875161
8708.93-000,クラッチ及びその部分品,輸入,202301,'2023/01,,KG,,2096791,2768878,,2096791,2768878
8708.93-000,クラッチ及びその部分品,輸入,202302,'2023/02,,KG,,1638684,2456233,,3735475,5225111
8708.93-000,クラッチ及びその部分品,輸入,202303,'2023/03,,KG,,1838804,2564255,,5574279,7789366
8708.93-000,クラッチ及びその部分品,輸入,202304,'2023/04,,KG,,1648841,2212820,,7223120,10002186
8708.93-000,クラッチ及びその部分品,輸入,202305,'2023/05,,KG,,1559684,2245285,,8782804,12247471
8708.93-000,クラッチ及びその部分品,輸入,202306,'2023/06,,KG,,2014173,2964478,,10796977,15211949
8708.93-000,クラッチ及びその部分品,輸入,202307,'2023/07,,KG,,1837841,2861403,,12634818,18073352
8708.93-000,クラッチ及びその部分品,輸入,202308,'2023/08,,KG,,2202895,2886338,,14837713,20959690
8708.93-000,クラッチ及びその部分品,輸入,202309,'2023/09,,KG,,2129435,3411856,,16967148,24371546
8708.93-000,クラッチ及びその部分品,輸入,202310,'2023/10,,KG,,2028311,2824338,,18995459,27195884
8708.93-000,クラッチ及びその部分品,輸入,202311,'2023/11,,KG,,2252203,3620363,,21247662,30816247
8708.93-000,クラッチ及びその部分品,輸入,202312,'2023/12,,KG,,1610349,2486449,,22858011,33302696
8708.93-000,クラッチ及びその部分品,輸入,202401,'2024/01,,KG,,1786172,2753727,,1786172,2753727
8708.93-000,クラッチ及びその部分品,輸入,202402,'2024/02,,KG,,1962179,2915695,,3748351,5669422
8708.93-000,クラッチ及びその部分品,輸入,202403,'2024/03,,KG,,1816582,2989177,,5564933,8658599
8708.93-000,クラッチ及びその部分品,輸入,202404,'2024/04,,KG,,1760219,2655699,,7325152,11314298
8708.93-000,クラッチ及びその部分品,輸入,202405,'2024/05,,KG,,2161491,3346547,,9486643,14660845
8708.93-000,クラッチ及びその部分品,輸入,202406,'2024/06,,KG,,1978447,3201725,,11465090,17862570
8708.93-000,クラッチ及びその部分品,輸入,202407,'2024/07,,KG,,2054853,3249403,,13519943,21111973
8708.93-000,クラッチ及びその部分品,輸入,202408,'2024/08,,KG,,1585731,2476101,,15105674,23588074
8708.93-000,クラッチ及びその部分品,輸入,202409,'2024/09,,KG,,1722532,2632861,,16828206,26220935
8708.93-000,クラッチ及びその部分品,輸入,202410,'2024/10,,KG,,1860373,2821128,,18688579,29042063
8708.93-000,クラッチ及びその部分品,輸入,202411,'2024/11,,KG,,1529914,2576851,,20218493,31618914
8708.93-000,クラッチ及びその部分品,輸入,202412,'2024/12,,KG,,1513442,2553616,,21731935,34172530
8708.93-000,クラッチ及びその部分品,輸入,202501,'2025/01,,KG,,2078618,3356962,,2078618,3356962
8708.93-000,クラッチ及びその部分品,輸入,202502,'2025/02,,KG,,1645578,2486747,,3724196,5843709
8708.93-000,クラッチ及びその部分品,輸入,202503,'2025/03,,KG,,1655355,2480070,,5379551,8323779
8708.93-000,クラッチ及びその部分品,輸入,202504,'2025/04,,KG,,1839668,2631151,,7219219,10954930
8708.93-000,クラッチ及びその部分品,輸入,202505,'2025/05,,KG,,2086798,3053586,,9306017,14008516
8708.93-000,クラッチ及びその部分品,輸入,202506,'2025/06,,KG,,2109034,3057856,,11415051,17066372
8708.93-000,クラッチ及びその部分品,輸入,202507,'2025/07,,KG,,2230224,3167242,,13645275,20233614
8708.93-000,クラッチ及びその部分品,輸入,202508,'2025/08,,KG,,1831178,2639732,,15476453,22873346
8708.93-000,クラッチ及びその部分品,輸入,202509,'2025/09,,KG,,2103569,3236506,,17580022,26109852
8708.93-000,クラッチ及びその部分品,輸入,202510,'2025/10,,KG,,2136002,3300149,,19716024,29410001
8708.93-000,クラッチ及びその部分品,輸入,202511,'2025/11,,KG,,2136853,3149582,,21852877,32559583
8708.93-000,クラッチ及びその部分品,輸入,202512,'2025/12,,KG,,1978187,3204689,,23831064,35764272
8708.93-000,クラッチ及びその部分品,輸入,202601,'2026/01,,KG,,2341506,3668562,,2341506,3668562
8708.93-000,クラッチ及びその部分品,輸入,202602,'2026/02,,KG,,2010724,3061379,,4352230,6729941
8708.93-000,クラッチ及びその部分品,輸入,202603,'2026/03,,KG,,2042715,3291634,,6394945,10021575
8708.93-000,クラッチ及びその部分品,輸入,202604,'2026/04,,KG,,2007125,3089002,,8402070,13110577
8708.93-000,クラッチ及びその部分品,輸入,202605,'2026/05,,KG,,1672296,2590950,,10074366,15701527
8708.93-000,クラッチ及びその部分品,輸入,202606,'2026/06,,KG,,2037687,3001800,,12112053,18703327
8708.93-000,クラッチ及びその部分品,輸入,202607,'2026/07,,KG,,2202468,3547105,,14314521,22250432
8708.94-000,ステアリングホイール・コラム・ボックス,輸入,202201,'2022/01,,KG,,2304033,4471129,,2304033,4471129
8708.94-000,ステアリングホイール・コラム・ボックス,輸入,202202,'2022/02,,KG,,2529243,4532916,,4833276,9004045
8708.94-000,ステアリングホイール・コラム・ボックス,輸入,202203,'2022/03,,KG,,2510626,4737054,,7343902,13741099
8708.94-000,ステアリングホイール・コラム・ボックス,輸入,202204,'2022/04,,KG,,2091514,3646501,,9435416,17387600
8708.94-000,ステアリングホイール・コラム・ボックス,輸入,202205,'2022/05,,KG,,2187415,4016193,,11622831,21403793
8708.94-000,ステアリングホイール・コラム・ボックス,輸入,202206,'2022/06,,KG,,2113275,4235849,,13736106,25639642
8708.94-000,ステアリングホイール・コラム・ボックス,輸入,202207,'2022/07,,KG,,1892209,4377428,,15628315,30017070
8708.94-000,ステアリングホイール・コラム・ボックス,輸入,202208,'2022/08,,KG,,2053638,4241162,,17681953,34258232
8708.94-000,ステアリングホイール・コラム・ボックス,輸入,202209,'2022/09,,KG,,2185852,5229846,,19867805,39488078
8708.94-000,ステアリングホイール・コラム・ボックス,輸入,202210,'2022/10,,KG,,2279594,4870871,,22147399,44358949
8708.94-000,ステアリングホイール・コラム・ボックス,輸入,202211,'2022/11,,KG,,2175961,4884556,,24323360,49243505
8708.94-000,ステアリングホイール・コラム・ボックス,輸入,202212,'2022/12,,KG,,2003898,4201139,,26327258,53444644
8708.94-000,ステアリングホイール・コラム・ボックス,輸入,202301,'2023/01,,KG,,2281687,6016013,,2281687,6016013
8708.94-000,ステアリングホイール・コラム・ボックス,輸入,202302,'2023/02,,KG,,2274358,5687405,,4556045,11703418
8708.94-000,ステアリングホイール・コラム・ボックス,輸入,202303,'2023/03,,KG,,2650599,6501335,,7206644,18204753
8708.94-000,ステアリングホイール・コラム・ボックス,輸入,202304,'2023/04,,KG,,2042505,4791356,,9249149,22996109
8708.94-000,ステアリングホイール・コラム・ボックス,輸入,202305,'2023/05,,KG,,2350075,5602243,,11599224,28598352
8708.94-000,ステアリングホイール・コラム・ボックス,輸入,202306,'2023/06,,KG,,2367089,6207543,,13966313,34805895
8708.94-000,ステアリングホイール・コラム・ボックス,輸入,202307,'2023/07,,KG,,2140303,5382545,,16106616,40188440
8708.94-000,ステアリングホイール・コラム・ボックス,輸入,202308,'2023/08,,KG,,2173376,5397703,,18279992,45586143
8708.94-000,ステアリングホイール・コラム・ボックス,輸入,202309,'2023/09,,KG,,2529880,6967443,,20809872,52553586
8708.94-000,ステアリングホイール・コラム・ボックス,輸入,202310,'2023/10,,KG,,2552745,6760978,,23362617,59314564
8708.94-000,ステアリングホイール・コラム・ボックス,輸入,202311,'2023/11,,KG,,2527846,6784530,,25890463,66099094
8708.94-000,ステアリングホイール・コラム・ボックス,輸入,202312,'2023/12,,KG,,1991747,5396497,,27882210,71495591
8708.94-000,ステアリングホイール・コラム・ボックス,輸入,202401,'2024/01,,KG,,2544015,7349399,,2544015,7349399
8708.94-000,ステアリングホイール・コラム・ボックス,輸入,202402,'2024/02,,KG,,2516468,7271007,,5060483,14620406
8708.94-000,ステアリングホイール・コラム・ボックス,輸入,202403,'2024/03,,KG,,2314596,7108411,,7375079,21728817
8708.94-000,ステアリングホイール・コラム・ボックス,輸入,202404,'2024/04,,KG,,2043317,5661574,,9418396,27390391
8708.94-000,ステアリングホイール・コラム・ボックス,輸入,202405,'2024/05,,KG,,2402954,7194482,,11821350,34584873
8708.94-000,ステアリングホイール・コラム・ボックス,輸入,202406,'2024/06,,KG,,2539677,7381035,,14361027,41965908
8708.94-000,ステアリングホイール・コラム・ボックス,輸入,202407,'2024/07,,KG,,2749718,7854193,,17110745,49820101
8708.94-000,ステアリングホイール・コラム・ボックス,輸入,202408,'2024/08,,KG,,2452760,7002934,,19563505,56823035
8708.94-000,ステアリングホイール・コラム・ボックス,輸入,202409,'2024/09,,KG,,2495913,7066347,,22059418,63889382
8708.94-000,ステアリングホイール・コラム・ボックス,輸入,202410,'2024/10,,KG,,3215328,8813050,,25274746,72702432
8708.94-000,ステアリングホイール・コラム・ボックス,輸入,202411,'2024/11,,KG,,2786636,7886324,,28061382,80588756
8708.94-000,ステアリングホイール・コラム・ボックス,輸入,202412,'2024/12,,KG,,2578173,7699492,,30639555,88288248
8708.94-000,ステアリングホイール・コラム・ボックス,輸入,202501,'2025/01,,KG,,3079176,9257068,,3079176,9257068
8708.94-000,ステアリングホイール・コラム・ボックス,輸入,202502,'2025/02,,KG,,2505440,7129459,,5584616,16386527
8708.94-000,ステアリングホイール・コラム・ボックス,輸入,202503,'2025/03,,KG,,2993464,8039123,,8578080,24425650
8708.94-000,ステアリングホイール・コラム・ボックス,輸入,202504,'2025/04,,KG,,2586678,6601582,,11164758,31027232
8708.94-000,ステアリングホイール・コラム・ボックス,輸入,202505,'2025/05,,KG,,2997335,7933619,,14162093,38960851
8708.94-000,ステアリングホイール・コラム・ボックス,輸入,202506,'2025/06,,KG,,2741037,7710058,,16903130,46670909
8708.94-000,ステアリングホイール・コラム・ボックス,輸入,202507,'2025/07,,KG,,2942336,7818926,,19845466,54489835
8708.94-000,ステアリングホイール・コラム・ボックス,輸入,202508,'2025/08,,KG,,2388800,6642246,,22234266,61132081
8708.94-000,ステアリングホイール・コラム・ボックス,輸入,202509,'2025/09,,KG,,2871630,7815006,,25105896,68947087
8708.94-000,ステアリングホイール・コラム・ボックス,輸入,202510,'2025/10,,KG,,3211351,8463397,,28317247,77410484
8708.94-000,ステアリングホイール・コラム・ボックス,輸入,202511,'2025/11,,KG,,2884160,8266099,,31201407,85676583
8708.94-000,ステアリングホイール・コラム・ボックス,輸入,202512,'2025/12,,KG,,2629405,7463059,,33830812,93139642
8708.94-000,ステアリングホイール・コラム・ボックス,輸入,202601,'2026/01,,KG,,3104225,9918356,,3104225,9918356
8708.94-000,ステアリングホイール・コラム・ボックス,輸入,202602,'2026/02,,KG,,3070033,9346540,,6174258,19264896
8708.94-000,ステアリングホイール・コラム・ボックス,輸入,202603,'2026/03,,KG,,3020834,8659453,,9195092,27924349
8708.94-000,ステアリングホイール・コラム・ボックス,輸入,202604,'2026/04,,KG,,2757752,8000891,,11952844,35925240
8708.94-000,ステアリングホイール・コラム・ボックス,輸入,202605,'2026/05,,KG,,2740640,8278009,,14693484,44203249
8708.94-000,ステアリングホイール・コラム・ボックス,輸入,202606,'2026/06,,KG,,3107372,10082862,,17800856,54286111
8708.94-000,ステアリングホイール・コラム・ボックス,輸入,202607,'2026/07,,KG,,3130060,9696710,,20930916,63982821
8708.95-000,安全エアバッグ及びその部分品,輸入,202201,'2022/01,,KG,,3511304,6985947,,3511304,6985947
8708.95-000,安全エアバッグ及びその部分品,輸入,202202,'2022/02,,KG,,3142077,5883079,,6653381,12869026
8708.95-000,安全エアバッグ及びその部分品,輸入,202203,'2022/03,,KG,,3140044,6176288,,9793425,19045314
8708.95-000,安全エアバッグ及びその部分品,輸入,202204,'2022/04,,KG,,2413110,5111083,,12206535,24156397
8708.95-000,安全エアバッグ及びその部分品,輸入,202205,'2022/05,,KG,,2668930,5992954,,14875465,30149351
8708.95-000,安全エアバッグ及びその部分品,輸入,202206,'2022/06,,KG,,2898813,6028116,,17774278,36177467
8708.95-000,安全エアバッグ及びその部分品,輸入,202207,'2022/07,,KG,,2668224,5867752,,20442502,42045219
8708.95-000,安全エアバッグ及びその部分品,輸入,202208,'2022/08,,KG,,2620861,5588321,,23063363,47633540
8708.95-000,安全エアバッグ及びその部分品,輸入,202209,'2022/09,,KG,,2772449,6451630,,25835812,54085170
8708.95-000,安全エアバッグ及びその部分品,輸入,202210,'2022/10,,KG,,3817172,8451787,,29652984,62536957
8708.95-000,安全エアバッグ及びその部分品,輸入,202211,'2022/11,,KG,,3090190,7244825,,32743174,69781782
8708.95-000,安全エアバッグ及びその部分品,輸入,202212,'2022/12,,KG,,2876071,6480295,,35619245,76262077
8708.95-000,安全エアバッグ及びその部分品,輸入,202301,'2023/01,,KG,,3478144,7849951,,3478144,7849951
8708.95-000,安全エアバッグ及びその部分品,輸入,202302,'2023/02,,KG,,3217640,7063374,,6695784,14913325
8708.95-000,安全エアバッグ及びその部分品,輸入,202303,'2023/03,,KG,,3203633,7359304,,9899417,22272629
8708.95-000,安全エアバッグ及びその部分品,輸入,202304,'2023/04,,KG,,2912028,6293437,,12811445,28566066
8708.95-000,安全エアバッグ及びその部分品,輸入,202305,'2023/05,,KG,,3520874,7636636,,16332319,36202702
8708.95-000,安全エアバッグ及びその部分品,輸入,202306,'2023/06,,KG,,3351704,7753874,,19684023,43956576
8708.95-000,安全エアバッグ及びその部分品,輸入,202307,'2023/07,,KG,,3421932,8310450,,23105955,52267026
8708.95-000,安全エアバッグ及びその部分品,輸入,202308,'2023/08,,KG,,3125518,7514254,,26231473,59781280
8708.95-000,安全エアバッグ及びその部分品,輸入,202309,'2023/09,,KG,,3251525,8180662,,29482998,67961942
8708.95-000,安全エアバッグ及びその部分品,輸入,202310,'2023/10,,KG,,4116065,10372342,,33599063,78334284
8708.95-000,安全エアバッグ及びその部分品,輸入,202311,'2023/11,,KG,,3577841,9273847,,37176904,87608131
8708.95-000,安全エアバッグ及びその部分品,輸入,202312,'2023/12,,KG,,3165489,7545485,,40342393,95153616
8708.95-000,安全エアバッグ及びその部分品,輸入,202401,'2024/01,,KG,,3461175,8397861,,3461175,8397861
8708.95-000,安全エアバッグ及びその部分品,輸入,202402,'2024/02,,KG,,3113603,7928508,,6574778,16326369
8708.95-000,安全エアバッグ及びその部分品,輸入,202403,'2024/03,,KG,,2860467,7212997,,9435245,23539366
8708.95-000,安全エアバッグ及びその部分品,輸入,202404,'2024/04,,KG,,2738455,7041723,,12173700,30581089
8708.95-000,安全エアバッグ及びその部分品,輸入,202405,'2024/05,,KG,,3017259,7899078,,15190959,38480167
8708.95-000,安全エアバッグ及びその部分品,輸入,202406,'2024/06,,KG,,2983603,7738391,,18174562,46218558
8708.95-000,安全エアバッグ及びその部分品,輸入,202407,'2024/07,,KG,,3374635,8885324,,21549197,55103882
8708.95-000,安全エアバッグ及びその部分品,輸入,202408,'2024/08,,KG,,2873781,7281869,,24422978,62385751
8708.95-000,安全エアバッグ及びその部分品,輸入,202409,'2024/09,,KG,,3299366,8100610,,27722344,70486361
8708.95-000,安全エアバッグ及びその部分品,輸入,202410,'2024/10,,KG,,3461390,8456917,,31183734,78943278
8708.95-000,安全エアバッグ及びその部分品,輸入,202411,'2024/11,,KG,,3394162,8637623,,34577896,87580901
8708.95-000,安全エアバッグ及びその部分品,輸入,202412,'2024/12,,KG,,3014753,7539386,,37592649,95120287
8708.95-000,安全エアバッグ及びその部分品,輸入,202501,'2025/01,,KG,,3734730,9725327,,3734730,9725327
8708.95-000,安全エアバッグ及びその部分品,輸入,202502,'2025/02,,KG,,3114356,8024624,,6849086,17749951
8708.95-000,安全エアバッグ及びその部分品,輸入,202503,'2025/03,,KG,,3528520,9062918,,10377606,26812869
8708.95-000,安全エアバッグ及びその部分品,輸入,202504,'2025/04,,KG,,2944645,7398035,,13322251,34210904
8708.95-000,安全エアバッグ及びその部分品,輸入,202505,'2025/05,,KG,,3036801,7666876,,16359052,41877780
8708.95-000,安全エアバッグ及びその部分品,輸入,202506,'2025/06,,KG,,3445351,8547585,,19804403,50425365
8708.95-000,安全エアバッグ及びその部分品,輸入,202507,'2025/07,,KG,,3458042,8512122,,23262445,58937487
8708.95-000,安全エアバッグ及びその部分品,輸入,202508,'2025/08,,KG,,2624729,6674658,,25887174,65612145
8708.95-000,安全エアバッグ及びその部分品,輸入,202509,'2025/09,,KG,,3635360,8811874,,29522534,74424019
8708.95-000,安全エアバッグ及びその部分品,輸入,202510,'2025/10,,KG,,3350457,8200759,,32872991,82624778
8708.95-000,安全エアバッグ及びその部分品,輸入,202511,'2025/11,,KG,,3179531,8013730,,36052522,90638508
8708.95-000,安全エアバッグ及びその部分品,輸入,202512,'2025/12,,KG,,3132929,7990211,,39185451,98628719
8708.95-000,安全エアバッグ及びその部分品,輸入,202601,'2026/01,,KG,,3499317,8855516,,3499317,8855516
8708.95-000,安全エアバッグ及びその部分品,輸入,202602,'2026/02,,KG,,3488338,8999880,,6987655,17855396
8708.95-000,安全エアバッグ及びその部分品,輸入,202603,'2026/03,,KG,,3577158,9112132,,10564813,26967528
8708.95-000,安全エアバッグ及びその部分品,輸入,202604,'2026/04,,KG,,3216875,8377591,,13781688,35345119
8708.95-000,安全エアバッグ及びその部分品,輸入,202605,'2026/05,,KG,,2964442,7789690,,16746130,43134809
8708.95-000,安全エアバッグ及びその部分品,輸入,202606,'2026/06,,KG,,3577317,9271604,,20323447,52406413
8708.95-000,安全エアバッグ及びその部分品,輸入,202607,'2026/07,,KG,,3560135,9273170,,23883582,61679583
8708.99-010,,輸入,202201,'2022/01,,KG,,1087160,558895,,1087160,558895
8708.99-010,,輸入,202202,'2022/02,,KG,,704214,423584,,1791374,982479
8708.99-010,,輸入,202203,'2022/03,,KG,,995281,596709,,2786655,1579188
8708.99-010,,輸入,202204,'2022/04,,KG,,805226,487466,,3591881,2066654
8708.99-010,,輸入,202205,'2022/05,,KG,,895751,617491,,4487632,2684145
8708.99-010,,輸入,202206,'2022/06,,KG,,797901,555449,,5285533,3239594
8708.99-010,,輸入,202207,'2022/07,,KG,,704942,473876,,5990475,3713470
8708.99-010,,輸入,202208,'2022/08,,KG,,792644,522825,,6783119,4236295
8708.99-010,,輸入,202209,'2022/09,,KG,,671766,427916,,7454885,4664211
8708.99-010,,輸入,202210,'2022/10,,KG,,784240,536729,,8239125,5200940
8708.99-010,,輸入,202211,'2022/11,,KG,,799377,569965,,9038502,5770905
8708.99-010,,輸入,202212,'2022/12,,KG,,727101,486232,,9765603,6257137
8708.99-010,,輸入,202301,'2023/01,,KG,,1009763,592749,,1009763,592749
8708.99-010,,輸入,202302,'2023/02,,KG,,569047,445089,,1578810,1037838
8708.99-010,,輸入,202303,'2023/03,,KG,,894525,541701,,2473335,1579539
8708.99-010,,輸入,202304,'2023/04,,KG,,600667,437762,,3074002,2017301
8708.99-010,,輸入,202305,'2023/05,,KG,,710602,492723,,3784604,2510024
8708.99-010,,輸入,202306,'2023/06,,KG,,699141,463100,,4483745,2973124
8708.99-010,,輸入,202307,'2023/07,,KG,,653326,449209,,5137071,3422333
8708.99-010,,輸入,202308,'2023/08,,KG,,573032,456702,,5710103,3879035
8708.99-010,,輸入,202309,'2023/09,,KG,,679563,499390,,6389666,4378425
8708.99-010,,輸入,202310,'2023/10,,KG,,476493,312106,,6866159,4690531
8708.99-010,,輸入,202311,'2023/11,,KG,,681152,497419,,7547311,5187950
8708.99-010,,輸入,202312,'2023/12,,KG,,442039,353189,,7989350,5541139
8708.99-010,,輸入,202401,'2024/01,,KG,,713493,455058,,713493,455058
8708.99-010,,輸入,202402,'2024/02,,KG,,497750,399013,,1211243,854071
8708.99-010,,輸入,202403,'2024/03,,KG,,523142,380686,,1734385,1234757
8708.99-010,,輸入,202404,'2024/04,,KG,,586709,417294,,2321094,1652051
8708.99-010,,輸入,202405,'2024/05,,KG,,596866,531038,,2917960,2183089
8708.99-010,,輸入,202406,'2024/06,,KG,,451839,346198,,3369799,2529287
8708.99-010,,輸入,202407,'2024/07,,KG,,545952,403941,,3915751,2933228
8708.99-010,,輸入,202408,'2024/08,,KG,,422985,348678,,4338736,3281906
8708.99-010,,輸入,202409,'2024/09,,KG,,407997,316267,,4746733,3598173
8708.99-010,,輸入,202410,'2024/10,,KG,,452547,330910,,5199280,3929083
8708.99-010,,輸入,202411,'2024/11,,KG,,386396,346195,,5585676,4275278
8708.99-010,,輸入,202412,'2024/12,,KG,,456651,330692,,6042327,4605970
8708.99-010,,輸入,202501,'2025/01,,KG,,620109,441615,,620109,441615
8708.99-010,,輸入,202502,'2025/02,,KG,,373884,327268,,993993,768883
8708.99-010,,輸入,202503,'2025/03,,KG,,462111,361417,,1456104,1130300
8708.99-010,,輸入,202504,'2025/04,,KG,,519889,409711,,1975993,1540011
8708.99-010,,輸入,202505,'2025/05,,KG,,583406,412983,,2559399,1952994
8708.99-010,,輸入,202506,'2025/06,,KG,,580334,476886,,3139733,2429880
8708.99-010,,輸入,202507,'2025/07,,KG,,642155,444076,,3781888,2873956
8708.99-010,,輸入,202508,'2025/08,,KG,,506223,399867,,4288111,3273823
8708.99-010,,輸入,202509,'2025/09,,KG,,504885,415795,,4792996,3689618
8708.99-010,,輸入,202510,'2025/10,,KG,,598205,479901,,5391201,4169519
8708.99-010,,輸入,202511,'2025/11,,KG,,634668,499596,,6025869,4669115
8708.99-010,,輸入,202512,'2025/12,,KG,,671547,477639,,6697416,5146754
8708.99-010,,輸入,202601,'2026/01,,KG,,830652,608429,,830652,608429
8708.99-010,,輸入,202602,'2026/02,,KG,,612159,430297,,1442811,1038726
8708.99-010,,輸入,202603,'2026/03,,KG,,658353,542582,,2101164,1581308
8708.99-010,,輸入,202604,'2026/04,,KG,,795543,575519,,2896707,2156827
8708.99-010,,輸入,202605,'2026/05,,KG,,565632,514931,,3462339,2671758
8708.99-010,,輸入,202606,'2026/06,,KG,,631554,533129,,4093893,3204887
8708.99-010,,輸入,202607,'2026/07,,KG,,581043,484631,,4674936,3689518
8708.99-090,,輸入,202201,'2022/01,,KG,,7197815,9372083,,7197815,9372083
8708.99-090,,輸入,202202,'2022/02,,KG,,6228169,8289265,,13425984,17661348
8708.99-090,,輸入,202203,'2022/03,,KG,,6895820,9516239,,20321804,27177587
8708.99-090,,輸入,202204,'2022/04,,KG,,5746324,7861601,,26068128,35039188
8708.99-090,,輸入,202205,'2022/05,,KG,,6004186,8717868,,32072314,43757056
8708.99-090,,輸入,202206,'2022/06,,KG,,6901072,10361332,,38973386,54118388
8708.99-090,,輸入,202207,'2022/07,,KG,,6631183,10395084,,45604569,64513472
8708.99-090,,輸入,202208,'2022/08,,KG,,6948380,10527203,,52552949,75040675
8708.99-090,,輸入,202209,'2022/09,,KG,,7217909,11297199,,59770858,86337874
8708.99-090,,輸入,202210,'2022/10,,KG,,7585417,12259952,,67356275,98597826
8708.99-090,,輸入,202211,'2022/11,,KG,,7936021,14031405,,75292296,112629231
8708.99-090,,輸入,202212,'2022/12,,KG,,7058961,11180495,,82351257,123809726
8708.99-090,,輸入,202301,'2023/01,,KG,,8374304,13184670,,8374304,13184670
8708.99-090,,輸入,202302,'2023/02,,KG,,6786123,10453408,,15160427,23638078
8708.99-090,,輸入,202303,'2023/03,,KG,,8087430,12352535,,23247857,35990613
8708.99-090,,輸入,202304,'2023/04,,KG,,7568549,9951174,,30816406,45941787
8708.99-090,,輸入,202305,'2023/05,,KG,,6726291,10198019,,37542697,56139806
8708.99-090,,輸入,202306,'2023/06,,KG,,7625623,11988040,,45168320,68127846
8708.99-090,,輸入,202307,'2023/07,,KG,,7675068,12508642,,52843388,80636488
8708.99-090,,輸入,202308,'2023/08,,KG,,7627809,11838579,,60471197,92475067
8708.99-090,,輸入,202309,'2023/09,,KG,,8602970,14120034,,69074167,106595101
8708.99-090,,輸入,202310,'2023/10,,KG,,8507892,13953449,,77582059,120548550
8708.99-090,,輸入,202311,'2023/11,,KG,,8158294,12904213,,85740353,133452763
8708.99-090,,輸入,202312,'2023/12,,KG,,7339052,11730751,,93079405,145183514
8708.99-090,,輸入,202401,'2024/01,,KG,,8471194,13477296,,8471194,13477296
8708.99-090,,輸入,202402,'2024/02,,KG,,8028804,12920199,,16499998,26397495
8708.99-090,,輸入,202403,'2024/03,,KG,,7296600,12094213,,23796598,38491708
8708.99-090,,輸入,202404,'2024/04,,KG,,6815901,10742258,,30612499,49233966
8708.99-090,,輸入,202405,'2024/05,,KG,,7929569,12839448,,38542068,62073414
8708.99-090,,輸入,202406,'2024/06,,KG,,7679091,12888355,,46221159,74961769
8708.99-090,,輸入,202407,'2024/07,,KG,,7621951,12801563,,53843110,87763332
8708.99-090,,輸入,202408,'2024/08,,KG,,7130559,11673150,,60973669,99436482
8708.99-090,,輸入,202409,'2024/09,,KG,,8123501,13303310,,69097170,112739792
8708.99-090,,輸入,202410,'2024/10,,KG,,8073699,13863949,,77170869,126603741
8708.99-090,,輸入,202411,'2024/11,,KG,,7838481,13135710,,85009350,139739451
8708.99-090,,輸入,202412,'2024/12,,KG,,7679034,13096479,,92688384,152835930
8708.99-090,,輸入,202501,'2025/01,,KG,,8552684,15066928,,8552684,15066928
8708.99-090,,輸入,202502,'2025/02,,KG,,6004724,10637804,,14557408,25704732
8708.99-090,,輸入,202503,'2025/03,,KG,,7778630,12490310,,22336038,38195042
8708.99-090,,輸入,202504,'2025/04,,KG,,6774843,11463608,,29110881,49658650
8708.99-090,,輸入,202505,'2025/05,,KG,,7995249,12252562,,37106130,61911212
8708.99-090,,輸入,202506,'2025/06,,KG,,7189355,11452229,,44295485,73363441
8708.99-090,,輸入,202507,'2025/07,,KG,,7241594,11655058,,51537079,85018499
8708.99-090,,輸入,202508,'2025/08,,KG,,6665188,11292038,,58202267,96310537
8708.99-090,,輸入,202509,'2025/09,,KG,,8231728,13479244,,66433995,109789781
8708.99-090,,輸入,202510,'2025/10,,KG,,7185677,12063838,,73619672,121853619
8708.99-090,,輸入,202511,'2025/11,,KG,,7603531,12982041,,81223203,134835660
8708.99-090,,輸入,202512,'2025/12,,KG,,7160212,12258535,,88383415,147094195
8708.99-090,,輸入,202601,'2026/01,,KG,,8687404,14807258,,8687404,14807258
8708.99-090,,輸入,202602,'2026/02,,KG,,7733001,13321306,,16420405,28128564
8708.99-090,,輸入,202603,'2026/03,,KG,,7500183,12996553,,23920588,41125117
8708.99-090,,輸入,202604,'2026/04,,KG,,7540827,13325326,,31461415,54450443
8708.99-090,,輸入,202605,'2026/05,,KG,,6774695,12273232,,38236110,66723675
8708.99-090,,輸入,202606,'2026/06,,KG,,8431373,14370063,,46667483,81093738
8708.99-090,,輸入,202607,'2026/07,,KG,,7840498,13997011,,54507981,95090749
