年月,国,国名,当月輸出金額,累計輸出金額,当月輸入金額,累計輸入金額
202001,'103,大韓民国,372922963,372922963,272527384,272527384
202001,'105,中華人民共和国,896546111,896546111,1737954957,1737954957
202001,'106,台湾,340078183,340078183,257587720,257587720
202001,'107,モンゴル,2361057,2361057,184008,184008
202001,'108,香港,250389240,250389240,10735874,10735874
202001,'110,ベトナム,119538279,119538279,233435733,233435733
202001,'111,タイ,235553844,235553844,214771324,214771324
202001,'112,シンガポール,168436453,168436453,81402232,81402232
202001,'113,マレーシア,111853617,111853617,191548528,191548528
202001,'116,ブルネイ,605224,605224,29345019,29345019
202001,'117,フィリピン,85956074,85956074,87035032,87035032
202001,'118,インドネシア,103276372,103276372,164382602,164382602
202001,'120,カンボジア,3619627,3619627,16453965,16453965
202001,'121,ラオス,1291128,1291128,1652054,1652054
202001,'122,ミャンマー,5826693,5826693,13678068,13678068
202001,'123,インド,86786990,86786990,58876105,58876105
202001,'124,パキスタン,9567199,9567199,3023724,3023724
202001,'125,スリランカ,4818819,4818819,2928712,2928712
202001,'126,モルディブ,139261,139261,38334,38334
202001,'127,バングラデシュ,17594800,17594800,14859885,14859885
202001,'128,東ティモール,33183,33183,12860,12860
202001,'129,マカオ,1570689,1570689,218045,218045
202001,'130,アフガニスタン,375082,375082,1256,1256
202001,'131,ネパール,211187,211187,82721,82721
202001,'132,ブータン,47217,47217,876,876
202001,'133,イラン,664845,664845,645904,645904
202001,'134,イラク,4160407,4160407,3448155,3448155
202001,'135,バーレーン,4994267,4994267,13435699,13435699
202001,'137,サウジアラビア,47490892,47490892,267812504,267812504
202001,'138,クウェート,15776070,15776070,85132468,85132468
202001,'140,カタール,11360411,11360411,147737332,147737332
202001,'141,オマーン,16590626,16590626,32139449,32139449
202001,'143,イスラエル,11892417,11892417,11587324,11587324
202001,'144,ヨルダン,4749520,4749520,467113,467113
202001,'145,シリア,93679,93679,1942,1942
202001,'146,レバノン,391101,391101,100407,100407
202001,'147,アラブ首長国連邦,55046400,55046400,248472465,248472465
202001,'149,イエメン,2100192,2100192,37948,37948
202001,'150,アゼルバイジャン,404369,404369,30456,30456
202001,'151,アルメニア,51469,51469,159074,159074
202001,'152,ウズベキスタン,1469555,1469555,69819,69819
202001,'153,カザフスタン,2454354,2454354,5403400,5403400
202001,'154,キルギス,112761,112761,1137,1137
202001,'155,タジキスタン,8590,8590,-,0
202001,'156,トルクメニスタン,51558,51558,-,0
202001,'157,ジョージア,1250405,1250405,85109,85109
202001,'158,ヨルダン川西岸及びガザ,9100,9100,-,0
202001,'201,アイスランド,406944,406944,1019335,1019335
202001,'202,ノルウェー,8145278,8145278,16450162,16450162
202001,'203,スウェーデン,9602593,9602593,27524421,27524421
202001,'204,デンマーク,4139440,4139440,21627686,21627686
202001,'205,英国,145512952,145512952,69983325,69983325
202001,'206,アイルランド,7547286,7547286,61013595,61013595
202001,'207,オランダ,94742310,94742310,24470200,24470200
202001,'208,ベルギー,56905923,56905923,27806783,27806783
202001,'209,ルクセンブルク,2786682,2786682,868185,868185
202001,'210,フランス,52594643,52594643,92212762,92212762
202001,'211,モナコ,4000,4000,17031,17031
202001,'212,アンドラ,322,322,1158,1158
202001,'213,ドイツ,162579256,162579256,209622786,209622786
202001,'215,スイス,37234963,37234963,80645236,80645236
202001,'217,ポルトガル,3178057,3178057,3762924,3762924
202001,'218,スペイン,22465233,22465233,35348048,35348048
202001,'219,ジブラルタル（英）,584670,584670,-,0
202001,'220,イタリア,40868040,40868040,107638123,107638123
202001,'221,マルタ,3310438,3310438,2358896,2358896
202001,'222,フィンランド,3613711,3613711,17381088,17381088
202001,'223,ポーランド,22714845,22714845,9556270,9556270
202001,'224,ロシア,57207238,57207238,105336840,105336840
202001,'225,オーストリア,9773788,9773788,17019665,17019665
202001,'227,ハンガリー,15746294,15746294,9358648,9358648
202001,'228,セルビア,409961,409961,3503495,3503495
202001,'229,アルバニア,6680,6680,146619,146619
202001,'230,ギリシャ,4745948,4745948,6344961,6344961
202001,'231,ルーマニア,2852672,2852672,9295246,9295246
202001,'232,ブルガリア,1191337,1191337,1253823,1253823
202001,'233,キプロス,674109,674109,4633,4633
202001,'234,トルコ,23346368,23346368,6003238,6003238
202001,'235,エストニア,1427985,1427985,1014934,1014934
202001,'236,ラトビア,286437,286437,796534,796534
202001,'237,リトアニア,380204,380204,4385470,4385470
202001,'238,ウクライナ,4600494,4600494,4747157,4747157
202001,'239,ベラルーシ,123600,123600,210805,210805
202001,'240,モルドバ,17828,17828,172835,172835
202001,'241,クロアチア,458189,458189,1593116,1593116
202001,'242,スロベニア,1537130,1537130,1003279,1003279
202001,'243,ボスニア・ヘルツェゴビナ,11842,11842,68279,68279
202001,'244,北マケドニア,302115,302115,83670,83670
202001,'245,チェコ,13027668,13027668,11192808,11192808
202001,'246,スロバキア,1635620,1635620,3292882,3292882
202001,'247,モンテネグロ,29074,29074,12352,12352
202001,'248,コソボ,6250,6250,777,777
202001,'249,フェロー諸島（デンマーク）,-,0,150255,150255
202001,'250,バチカン,3952,3952,-,0
202001,'301,グリーンランド（デンマーク）,-,0,863969,863969
202001,'302,カナダ,81110296,81110296,88137302,88137302
202001,'304,アメリカ合衆国,1052030274,1052030274,682379873,682379873
202001,'305,メキシコ,87746107,87746107,55224220,55224220
202001,'306,グアテマラ,2795871,2795871,1011089,1011089
202001,'307,ホンジュラス,1119715,1119715,370488,370488
202001,'308,ベリーズ,24534,24534,41769,41769
202001,'309,エルサルバドル,1010450,1010450,68310,68310
202001,'310,ニカラグア,251058,251058,165082,165082
202001,'311,コスタリカ,2313947,2313947,3759779,3759779
202001,'312,パナマ,52882888,52882888,2242828,2242828
202001,'314,バーミュダ（英）,71759,71759,-,0
202001,'315,バハマ,3001123,3001123,11758,11758
202001,'316,ジャマイカ,1217663,1217663,109507,109507
202001,'317,タークス及びカイコス諸島（英）,19835,19835,-,0
202001,'319,バルバドス,360123,360123,1613,1613
202001,'320,トリニダード・トバゴ,645407,645407,450049,450049
202001,'321,キューバ,26797,26797,174188,174188
202001,'322,ハイチ,89894,89894,25020,25020
202001,'323,ドミニカ共和国,1721091,1721091,988326,988326
202001,'324,プエルトリコ（米）,4194923,4194923,15410664,15410664
202001,'325,米領バージン諸島,-,0,217,217
202001,'326,蘭領アンティール,204270,204270,-,0
202001,'327,仏領西インド諸島,145642,145642,-,0
202001,'328,ケイマン諸島（英）,106736,106736,225,225
202001,'329,グレナダ,42289,42289,-,0
202001,'330,セントルシア,103311,103311,-,0
202001,'331,アンティグア・バーブーダ,98931,98931,-,0
202001,'332,英領バージン諸島,46163,46163,-,0
202001,'333,ドミニカ,54962,54962,778,778
202001,'334,モントセラト（英）,4628,4628,-,0
202001,'335,セントクリストファー・ネービス,36975,36975,-,0
202001,'336,セントビンセント,27648,27648,-,0
202001,'337,英領アンギラ,4541,4541,-,0
202001,'338,サン・バルテルミー島（仏）,18029,18029,-,0
202001,'401,コロンビア,8931521,8931521,4974898,4974898
202001,'402,ベネズエラ,125160,125160,415448,415448
202001,'403,ガイアナ,542353,542353,14741,14741
202001,'404,スリナム,381547,381547,34705,34705
202001,'405,仏領ギアナ,24326,24326,-,0
202001,'406,エクアドル,3489095,3489095,8219992,8219992
202001,'407,ペルー,7440935,7440935,15760120,15760120
202001,'408,ボリビア,798325,798325,1183909,1183909
202001,'409,チリ,17694142,17694142,59707472,59707472
202001,'410,ブラジル,30352065,30352065,83849725,83849725
202001,'411,パラグアイ,739045,739045,1165618,1165618
202001,'412,ウルグアイ,354864,354864,442191,442191
202001,'413,アルゼンチン,4604726,4604726,6264753,6264753
202001,'414,フォークランド諸島及びその附属諸島（英）,-,0,22486,22486
202001,'501,モロッコ,2472432,2472432,1596471,1596471
202001,'502,セウタ及びメリリア（西）,6133,6133,-,0
202001,'503,アルジェリア,1869370,1869370,1425477,1425477
202001,'504,チュニジア,776817,776817,908218,908218
202001,'505,リビア,229306,229306,1909,1909
202001,'506,エジプト,6987644,6987644,5873725,5873725
202001,'507,スーダン,304971,304971,37312,37312
202001,'509,モーリタニア,273926,273926,2599927,2599927
202001,'510,セネガル,663418,663418,69787,69787
202001,'511,ガンビア,4300,4300,275,275
202001,'513,ギニア,46058,46058,24936,24936
202001,'514,シエラレオネ,10073,10073,1492350,1492350
202001,'515,リベリア,31476231,31476231,464,464
202001,'516,コートジボワール,162377,162377,112723,112723
202001,'517,ガーナ,854422,854422,267497,267497
202001,'518,トーゴ,73304,73304,1032,1032
202001,'519,ベナン,8612,8612,1511,1511
202001,'520,マリ,54726,54726,522,522
202001,'521,ブルキナファソ,10468,10468,2516,2516
202001,'522,カーボベルデ,35777,35777,-,0
202001,'523,カナリー諸島（西）,255041,255041,360,360
202001,'524,ナイジェリア,1357547,1357547,4635012,4635012
202001,'525,ニジェール,14682,14682,4857,4857
202001,'526,ルワンダ,7752,7752,27418,27418
202001,'527,カメルーン,87235,87235,73998,73998
202001,'528,チャド,17479,17479,-,0
202001,'529,中央アフリカ,5019,5019,4577,4577
202001,'530,赤道ギニア,8748,8748,-,0
202001,'531,ガボン,134180,134180,174196,174196
202001,'532,コンゴ共和国,3758,3758,8088,8088
202001,'533,コンゴ民主共和国,404172,404172,280107,280107
202001,'534,ブルンジ,270888,270888,16510,16510
202001,'535,アンゴラ,369182,369182,38095,38095
202001,'536,サントメ・プリンシペ,-,0,1405,1405
202001,'537,セントヘレナ及びその附属諸島（英）,-,0,35194,35194
202001,'538,エチオピア,366647,366647,959244,959244
202001,'539,ジブチ,153473,153473,1219,1219
202001,'540,ソマリア,28914,28914,110336,110336
202001,'541,ケニア,5331077,5331077,547258,547258
202001,'542,ウガンダ,1750564,1750564,99344,99344
202001,'543,タンザニア,2112532,2112532,848203,848203
202001,'544,セーシェル,55690,55690,951925,951925
202001,'545,モザンビーク,570900,570900,1015586,1015586
202001,'546,マダガスカル,42409,42409,1624298,1624298
202001,'547,モーリシャス,781081,781081,59412,59412
202001,'548,レユニオン（仏）,67925,67925,336,336
202001,'549,ジンバブエ,104406,104406,432311,432311
202001,'550,ナミビア,325106,325106,143346,143346
202001,'551,南アフリカ共和国,15015978,15015978,50615478,50615478
202001,'552,レソト,54324,54324,4119,4119
202001,'553,マラウイ,111425,111425,89075,89075
202001,'554,ザンビア,330034,330034,108996,108996
202001,'555,ボツワナ,196847,196847,256169,256169
202001,'556,エスワティニ,168918,168918,9827,9827
202001,'558,コモロ,-,0,2379,2379
202001,'560,南スーダン,93736,93736,-,0
202001,'601,オーストラリア,122374191,122374191,388124242,388124242
202001,'602,パプアニューギニア,1466151,1466151,19567257,19567257
202001,'605,その他のオーストラリア領,415,415,-,0
202001,'606,ニュージーランド,15354066,15354066,18820955,18820955
202001,'607,クック,4862,4862,42041,42041
202001,'609,ニウエ,22000,22000,-,0
202001,'610,サモア,182411,182411,33718,33718
202001,'611,バヌアツ,425926,425926,321444,321444
202001,'612,フィジー,743696,743696,49195,49195
202001,'613,ソロモン,441243,441243,13315,13315
202001,'614,トンガ,12795,12795,8157,8157
202001,'615,キリバス,103385,103385,10357,10357
202001,'617,ナウル,1907,1907,2072,2072
202001,'618,ニューカレドニア（仏）,788047,788047,2919484,2919484
202001,'619,仏領ポリネシア,197945,197945,224812,224812
202001,'620,グアム（米）,2464090,2464090,44328,44328
202001,'621,米領サモア,11091,11091,223,223
202001,'622,米領オセアニア,-,0,10480,10480
202001,'624,ツバル,224564,224564,25120,25120
202001,'625,マーシャル,21865499,21865499,542009,542009
202001,'626,ミクロネシア,70310,70310,12791,12791
202001,'627,北マリアナ諸島（米）,323213,323213,264,264
202001,'628,パラオ,83538,83538,61294,61294
202001,'702,不明,-,0,23176,23176
202002,'103,大韓民国,415480658,788403621,262228879,534756263
202002,'105,中華人民共和国,1136232116,2032778227,674069152,2412024109
202002,'106,台湾,409089591,749167774,224045269,481632989
202002,'107,モンゴル,2783838,5144895,91120,275128
202002,'108,香港,283285618,533674858,6013505,16749379
202002,'110,ベトナム,163845137,283383416,157400178,390835911
202002,'111,タイ,268260114,503813958,216612345,431383669
202002,'112,シンガポール,198956612,367393065,70760458,152162690
202002,'113,マレーシア,130040039,241893656,161742397,353290925
202002,'116,ブルネイ,730276,1335500,27637083,56982102
202002,'117,フィリピン,96451595,182407669,86561375,173596407
202002,'118,インドネシア,112090767,215367139,157145138,321527740
202002,'120,カンボジア,4041044,7660671,16086110,32540075
202002,'121,ラオス,1174922,2466050,1384719,3036773
202002,'122,ミャンマー,6916595,12743288,14900034,28578102
202002,'123,インド,104781354,191568344,50415927,109292032
202002,'124,パキスタン,10945977,20513176,1555665,4579389
202002,'125,スリランカ,8117637,12936456,2477741,5406453
202002,'126,モルディブ,139128,278389,42516,80850
202002,'127,バングラデシュ,14352857,31947657,15425096,30284981
202002,'128,東ティモール,84827,118010,5876,18736
202002,'129,マカオ,1086157,2656846,81674,299719
202002,'130,アフガニスタン,400815,775897,8496,9752
202002,'131,ネパール,473785,684972,47305,130026
202002,'132,ブータン,31148,78365,-,876
202002,'133,イラン,972698,1637543,293811,939715
202002,'134,イラク,3559841,7720248,6033,3454188
202002,'135,バーレーン,6381970,11376237,291776,13727475
202002,'137,サウジアラビア,58250487,105741379,226662532,494475036
202002,'138,クウェート,15895475,31671545,55353408,140485876
202002,'140,カタール,11256045,22616456,128379098,276116430
202002,'141,オマーン,16408208,32998834,17365130,49504579
202002,'143,イスラエル,15487649,27380066,9435098,21022422
202002,'144,ヨルダン,4512050,9261570,824777,1291890
202002,'145,シリア,60742,154421,-,1942
202002,'146,レバノン,2064953,2456054,116775,217182
202002,'147,アラブ首長国連邦,62490540,117536940,245658176,494130641
202002,'149,イエメン,2355563,4455755,4073,42021
202002,'150,アゼルバイジャン,752222,1156591,12767,43223
202002,'151,アルメニア,29542,81011,103838,262912
202002,'152,ウズベキスタン,2556787,4026342,43693,113512
202002,'153,カザフスタン,5209636,7663990,5527500,10930900
202002,'154,キルギス,148389,261150,4074,5211
202002,'155,タジキスタン,24948,33538,20181,20181
202002,'156,トルクメニスタン,105938,157496,-,0
202002,'157,ジョージア,2327653,3578058,114457,199566
202002,'158,ヨルダン川西岸及びガザ,34974,44074,1692,1692
202002,'201,アイスランド,594608,1001552,602039,1621374
202002,'202,ノルウェー,14561853,22707131,10036897,26487059
202002,'203,スウェーデン,11736412,21339005,30925830,58450251
202002,'204,デンマーク,4969209,9108649,18193026,39820712
202002,'205,英国,129828108,275341060,63504340,133487665
202002,'206,アイルランド,8733737,16281023,59645030,120658625
202002,'207,オランダ,110370996,205113306,22032862,46503062
202002,'208,ベルギー,68241371,125147294,21806975,49613758
202002,'209,ルクセンブルク,3267280,6053962,1271345,2139530
202002,'210,フランス,56732432,109327075,73767805,165980567
202002,'211,モナコ,35080,39080,12175,29206
202002,'212,アンドラ,1478,1800,586,1744
202002,'213,ドイツ,175122988,337702244,196208606,405831392
202002,'215,スイス,32121139,69356102,69354597,149999833
202002,'217,ポルトガル,4079471,7257528,3125364,6888288
202002,'218,スペイン,32235696,54700929,26725020,62073068
202002,'219,ジブラルタル（英）,1257221,1841891,-,0
202002,'220,イタリア,43599763,84467803,88412810,196050933
202002,'221,マルタ,605677,3916115,2552899,4911795
202002,'222,フィンランド,4858525,8472236,15855536,33236624
202002,'223,ポーランド,26994864,49709709,7478693,17034963
202002,'224,ロシア,66302395,123509633,124985000,230321840
202002,'225,オーストリア,11896567,21670355,18952241,35971906
202002,'227,ハンガリー,15417803,31164097,11218094,20576742
202002,'228,セルビア,366570,776531,2842343,6345838
202002,'229,アルバニア,5723,12403,132726,279345
202002,'230,ギリシャ,1632159,6378107,4349146,10694107
202002,'231,ルーマニア,4469065,7321737,9421372,18716618
202002,'232,ブルガリア,1679857,2871194,1401690,2655513
202002,'233,キプロス,1289538,1963647,5267,9900
202002,'234,トルコ,25695358,49041726,5704910,11708148
202002,'235,エストニア,1613187,3041172,849212,1864146
202002,'236,ラトビア,346964,633401,903889,1700423
202002,'237,リトアニア,506030,886234,2902176,7287646
202002,'238,ウクライナ,4769500,9369994,5170771,9917928
202002,'239,ベラルーシ,680945,804545,194353,405158
202002,'240,モルドバ,160407,178235,121471,294306
202002,'241,クロアチア,470364,928553,180480,1773596
202002,'242,スロベニア,1453342,2990472,1527806,2531085
202002,'243,ボスニア・ヘルツェゴビナ,34433,46275,58364,126643
202002,'244,北マケドニア,425458,727573,87722,171392
202002,'245,チェコ,14500163,27527831,8196021,19388829
202002,'246,スロバキア,2300442,3936062,1888152,5181034
202002,'247,モンテネグロ,39336,68410,2354,14706
202002,'248,コソボ,-,6250,5054,5831
202002,'249,フェロー諸島（デンマーク）,-,0,127529,277784
202002,'250,バチカン,-,3952,-,0
202002,'301,グリーンランド（デンマーク）,790,790,420157,1284126
202002,'302,カナダ,85993075,167103371,85139300,173276602
202002,'304,アメリカ合衆国,1269787646,2321817920,643638977,1326018850
202002,'305,メキシコ,86802480,174548587,49281475,104505695
202002,'306,グアテマラ,3114978,5910849,937621,1948710
202002,'307,ホンジュラス,605124,1724839,417206,787694
202002,'308,ベリーズ,329333,353867,62196,103965
202002,'309,エルサルバドル,1217685,2228135,68179,136489
202002,'310,ニカラグア,514504,765562,163758,328840
202002,'311,コスタリカ,3255863,5569810,3859024,7618803
202002,'312,パナマ,55604405,108487293,178509,2421337
202002,'314,バーミュダ（英）,90758,162517,-,0
202002,'315,バハマ,3081889,6083012,-,11758
202002,'316,ジャマイカ,2012551,3230214,130327,239834
202002,'317,タークス及びカイコス諸島（英）,25404,45239,-,0
202002,'319,バルバドス,3331341,3691464,-,1613
202002,'320,トリニダード・トバゴ,1916512,2561919,162257,612306
202002,'321,キューバ,187996,214793,133334,307522
202002,'322,ハイチ,97365,187259,35343,60363
202002,'323,ドミニカ共和国,2771256,4492347,1416217,2404543
202002,'324,プエルトリコ（米）,4752197,8947120,23643580,39054244
202002,'325,米領バージン諸島,720,720,-,217
202002,'326,蘭領アンティール,219146,423416,2250,2250
202002,'327,仏領西インド諸島,154676,300318,-,0
202002,'328,ケイマン諸島（英）,175752,282488,-,225
202002,'329,グレナダ,63732,106021,-,0
202002,'330,セントルシア,131086,234397,-,0
202002,'331,アンティグア・バーブーダ,109677,208608,592,592
202002,'332,英領バージン諸島,41870,88033,-,0
202002,'333,ドミニカ,46333,101295,1423,2201
202002,'334,モントセラト（英）,4821,9449,-,0
202002,'335,セントクリストファー・ネービス,57905,94880,-,0
202002,'336,セントビンセント,51781,79429,-,0
202002,'337,英領アンギラ,25711,30252,-,0
202002,'338,サン・バルテルミー島（仏）,20288,38317,-,0
202002,'401,コロンビア,11299503,20231024,3011356,7986254
202002,'402,ベネズエラ,174660,299820,221544,636992
202002,'403,ガイアナ,649177,1191530,2917,17658
202002,'404,スリナム,538565,920112,-,34705
202002,'405,仏領ギアナ,88154,112480,-,0
202002,'406,エクアドル,3755640,7244735,10004979,18224971
202002,'407,ペルー,7271253,14712188,17483657,33243777
202002,'408,ボリビア,1156425,1954750,4209790,5393699
202002,'409,チリ,6946382,24640524,81915733,141623205
202002,'410,ブラジル,32801258,63153323,92311856,176161581
202002,'411,パラグアイ,916375,1655420,218633,1384251
202002,'412,ウルグアイ,566565,921429,432689,874880
202002,'413,アルゼンチン,4154703,8759429,6839466,13104219
202002,'414,フォークランド諸島及びその附属諸島（英）,-,0,17145,39631
202002,'501,モロッコ,2267970,4740402,3354701,4951172
202002,'502,セウタ及びメリリア（西）,2218,8351,-,0
202002,'503,アルジェリア,631149,2500519,3996078,5421555
202002,'504,チュニジア,940440,1717257,697584,1605802
202002,'505,リビア,253523,482829,2717549,2719458
202002,'506,エジプト,11827334,18814978,2263592,8137317
202002,'507,スーダン,465973,770944,44155,81467
202002,'509,モーリタニア,64456,338382,1204609,3804536
202002,'510,セネガル,451605,1115023,446764,516551
202002,'511,ガンビア,3787,8087,238,513
202002,'512,ギニア・ビサウ,6455,6455,-,0
202002,'513,ギニア,80560,126618,-,24936
202002,'514,シエラレオネ,68283,78356,2366,1494716
202002,'515,リベリア,29354663,60830894,12184,12648
202002,'516,コートジボワール,224525,386902,169918,282641
202002,'517,ガーナ,1326495,2180917,649002,916499
202002,'518,トーゴ,236755,310059,4266,5298
202002,'519,ベナン,44009,52621,388,1899
202002,'520,マリ,131326,186052,840,1362
202002,'521,ブルキナファソ,145168,155636,1017,3533
202002,'522,カーボベルデ,946,36723,-,0
202002,'523,カナリー諸島（西）,303767,558808,7360,7720
202002,'524,ナイジェリア,3425013,4782560,2917565,7552577
202002,'525,ニジェール,29113,43795,267,5124
202002,'526,ルワンダ,151544,159296,29297,56715
202002,'527,カメルーン,381199,468434,20547,94545
202002,'528,チャド,29751,47230,-,0
202002,'529,中央アフリカ,20692,25711,-,4577
202002,'530,赤道ギニア,-,8748,-,0
202002,'531,ガボン,561084,695264,908956,1083152
202002,'532,コンゴ共和国,10043,13801,4192,12280
202002,'533,コンゴ民主共和国,721052,1125224,14205,294312
202002,'534,ブルンジ,312654,583542,8603,25113
202002,'535,アンゴラ,509316,878498,41295,79390
202002,'536,サントメ・プリンシペ,242,242,-,1405
202002,'537,セントヘレナ及びその附属諸島（英）,-,0,-,35194
202002,'538,エチオピア,438593,805240,692306,1651550
202002,'539,ジブチ,638066,791539,-,1219
202002,'540,ソマリア,33415,62329,50999,161335
202002,'541,ケニア,6426600,11757677,776301,1323559
202002,'542,ウガンダ,1219252,2969816,100043,199387
202002,'543,タンザニア,2464702,4577234,857661,1705864
202002,'544,セーシェル,122114,177804,586372,1538297
202002,'545,モザンビーク,3775825,4346725,841696,1857282
202002,'546,マダガスカル,112817,155226,793884,2418182
202002,'547,モーリシャス,1208128,1989209,48916,108328
202002,'548,レユニオン（仏）,114007,181932,212,548
202002,'549,ジンバブエ,115099,219505,422794,855105
202002,'550,ナミビア,84028,409134,3094,146440
202002,'551,南アフリカ共和国,20564865,35580843,41297619,91913097
202002,'552,レソト,89608,143932,2415,6534
202002,'553,マラウイ,202020,313445,51599,140674
202002,'554,ザンビア,245284,575318,256278,365274
202002,'555,ボツワナ,94506,291353,110568,366737
202002,'556,エスワティニ,205949,374867,9739,19566
202002,'558,コモロ,9523,9523,3430,5809
202002,'559,エリトリア,2634,2634,-,0
202002,'560,南スーダン,172768,266504,272,272
202002,'601,オーストラリア,130680352,253054543,324307375,712431617
202002,'602,パプアニューギニア,1738434,3204585,21957489,41524746
202002,'605,その他のオーストラリア領,4620,5035,-,0
202002,'606,ニュージーランド,18521830,33875896,17929161,36750116
202002,'607,クック,6834,11696,39255,81296
202002,'609,ニウエ,642,22642,-,0
202002,'610,サモア,64409,246820,-,33718
202002,'611,バヌアツ,34479,460405,256328,577772
202002,'612,フィジー,356968,1100664,615536,664731
202002,'613,ソロモン,104748,545991,21463,34778
202002,'614,トンガ,13427,26222,17258,25415
202002,'615,キリバス,31755,135140,34578,44935
202002,'617,ナウル,5264,7171,-,2072
202002,'618,ニューカレドニア（仏）,360461,1148508,1923798,4843282
202002,'619,仏領ポリネシア,165869,363814,198399,423211
202002,'620,グアム（米）,1667746,4131836,16585,60913
202002,'621,米領サモア,26771,37862,-,223
202002,'622,米領オセアニア,-,0,3575,14055
202002,'624,ツバル,120602,345166,-,25120
202002,'625,マーシャル,8297447,30162946,35418,577427
202002,'626,ミクロネシア,281908,352218,24137,36928
202002,'627,北マリアナ諸島（米）,187837,511050,-,264
202002,'628,パラオ,107607,191145,58167,119461
202002,'702,不明,-,0,53404,76580
202003,'103,大韓民国,445288108,1233691729,264857754,799614017
202003,'105,中華人民共和国,1190831457,3223609684,1433851686,3845875795
202003,'106,台湾,432007398,1181175172,237433905,719066894
202003,'107,モンゴル,3348012,8492907,105945,381073
202003,'108,香港,278049742,811724600,7024494,23773873
202003,'110,ベトナム,172049676,455433092,224807426,615643337
202003,'111,タイ,256345860,760159818,230938876,662322545
202003,'112,シンガポール,160469045,527862110,78992993,231155683
202003,'113,マレーシア,129925489,371819145,177329284,530620209
202003,'116,ブルネイ,910162,2245662,21765378,78747480
202003,'117,フィリピン,84307919,266715588,94804966,268401373
202003,'118,インドネシア,131587139,346954278,156991520,478519260
202003,'120,カンボジア,4496813,12157484,19263392,51803467
202003,'121,ラオス,1339357,3805407,1543185,4579958
202003,'122,ミャンマー,5833888,18577176,15479237,44057339
202003,'123,インド,108121905,299690249,49178415,158470447
202003,'124,パキスタン,13435214,33948390,1820682,6400071
202003,'125,スリランカ,7608152,20544608,2508929,7915382
202003,'126,モルディブ,259579,537968,8416,89266
202003,'127,バングラデシュ,22913734,54861391,16309386,46594367
202003,'128,東ティモール,56133,174143,14802,33538
202003,'129,マカオ,1459330,4116176,173696,473415
202003,'130,アフガニスタン,397612,1173509,317,10069
202003,'131,ネパール,1030265,1715237,66846,196872
202003,'132,ブータン,37844,116209,-,876
202003,'133,イラン,397703,2035246,577390,1517105
202003,'134,イラク,5452191,13172439,3120,3457308
202003,'135,バーレーン,7608834,18985071,154272,13881747
202003,'137,サウジアラビア,66146436,171887815,231318489,725793525
202003,'138,クウェート,18321175,49992720,65273135,205759011
202003,'140,カタール,10201677,32818133,133622717,409739147
202003,'141,オマーン,17469471,50468305,7703456,57208035
202003,'143,イスラエル,18528809,45908875,12649398,33671820
202003,'144,ヨルダン,4435947,13697517,148925,1440815
202003,'145,シリア,369586,524007,8137,10079
202003,'146,レバノン,328867,2784921,75931,293113
202003,'147,アラブ首長国連邦,82482582,200019522,247655588,741786229
202003,'149,イエメン,2306320,6762075,103658,145679
202003,'150,アゼルバイジャン,705487,1862078,19589,62812
202003,'151,アルメニア,137654,218665,100582,363494
202003,'152,ウズベキスタン,1136494,5162836,12231,125743
202003,'153,カザフスタン,6070409,13734399,24957604,35888504
202003,'154,キルギス,159986,421136,2457,7668
202003,'155,タジキスタン,21941,55479,17363,37544
202003,'156,トルクメニスタン,3979855,4137351,1038,1038
202003,'157,ジョージア,2063319,5641377,167107,366673
202003,'158,ヨルダン川西岸及びガザ,60358,104432,26014,27706
202003,'201,アイスランド,1056825,2058377,737018,2358392
202003,'202,ノルウェー,9366073,32073204,12227248,38714307
202003,'203,スウェーデン,13357450,34696455,27323214,85773465
202003,'204,デンマーク,4842944,13951593,21811236,61631948
202003,'205,英国,114406303,389747363,64189097,197676762
202003,'206,アイルランド,8206193,24487216,63433060,184091685
202003,'207,オランダ,114516880,319630186,22450497,68953559
202003,'208,ベルギー,74499322,199646616,37194810,86808568
202003,'209,ルクセンブルク,4190191,10244153,609492,2749022
202003,'210,フランス,62783497,172110572,82872426,248852993
202003,'211,モナコ,11500,50580,3954,33160
202003,'212,アンドラ,-,1800,-,1744
202003,'213,ドイツ,183529612,521231856,199126206,604957598
202003,'215,スイス,33735331,103091433,67844401,217844234
202003,'217,ポルトガル,9886194,17143722,2979472,9867760
202003,'218,スペイン,23881015,78581944,29520343,91593411
202003,'219,ジブラルタル（英）,887970,2729861,-,0
202003,'220,イタリア,41639147,126106950,96677306,292728239
202003,'221,マルタ,731160,4647275,1165929,6077724
202003,'222,フィンランド,4738566,13210802,16315218,49551842
202003,'223,ポーランド,25393910,75103619,9577919,26612882
202003,'224,ロシア,60339662,183849295,112092545,342414385
202003,'225,オーストリア,9974891,31645246,17625374,53597280
202003,'227,ハンガリー,17350334,48514431,11360072,31936814
202003,'228,セルビア,202138,978669,3152755,9498593
202003,'229,アルバニア,21678,34081,93393,372738
202003,'230,ギリシャ,4966278,11344385,7173862,17867969
202003,'231,ルーマニア,3786791,11108528,6529053,25245671
202003,'232,ブルガリア,1231399,4102593,996111,3651624
202003,'233,キプロス,1022590,2986237,17743,27643
202003,'234,トルコ,28659005,77700731,8673747,20381895
202003,'235,エストニア,2082052,5123224,776819,2640965
202003,'236,ラトビア,768762,1402163,545966,2246389
202003,'237,リトアニア,545621,1431855,2102666,9390312
202003,'238,ウクライナ,4325055,13695049,6306350,16224278
202003,'239,ベラルーシ,164109,968654,701499,1106657
202003,'240,モルドバ,21715,199950,135720,430026
202003,'241,クロアチア,420514,1349067,247202,2020798
202003,'242,スロベニア,1779315,4769787,2126670,4657755
202003,'243,ボスニア・ヘルツェゴビナ,24193,70468,57609,184252
202003,'244,北マケドニア,349796,1077369,173348,344740
202003,'245,チェコ,15686492,43214323,10686432,30075261
202003,'246,スロバキア,1834785,5770847,1956527,7137561
202003,'247,モンテネグロ,46222,114632,13380,28086
202003,'248,コソボ,15356,21606,758,6589
202003,'249,フェロー諸島（デンマーク）,-,0,153086,430870
202003,'250,バチカン,-,3952,274,274
202003,'301,グリーンランド（デンマーク）,1752,2542,763897,2048023
202003,'302,カナダ,74947649,242051020,106656622,279933224
202003,'304,アメリカ合衆国,1182090592,3503908512,741602418,2067621268
202003,'305,メキシコ,88636073,263184660,57750671,162256366
202003,'306,グアテマラ,3346977,9257826,1957494,3906204
202003,'307,ホンジュラス,838688,2563527,779305,1566999
202003,'308,ベリーズ,59492,413359,33837,137802
202003,'309,エルサルバドル,1495478,3723613,227329,363818
202003,'310,ニカラグア,571559,1337121,292780,621620
202003,'311,コスタリカ,2252153,7821963,4927737,12546540
202003,'312,パナマ,53632811,162120104,175361,2596698
202003,'314,バーミュダ（英）,52885,215402,-,0
202003,'315,バハマ,364636,6447648,38169,49927
202003,'316,ジャマイカ,2247528,5477742,35052,274886
202003,'317,タークス及びカイコス諸島（英）,60374,105613,-,0
202003,'319,バルバドス,535090,4226554,660,2273
202003,'320,トリニダード・トバゴ,1464972,4026891,649711,1262017
202003,'321,キューバ,144867,359660,148154,455676
202003,'322,ハイチ,108508,295767,59967,120330
202003,'323,ドミニカ共和国,3609619,8101966,1434212,3838755
202003,'324,プエルトリコ（米）,4941559,13888679,22614572,61668816
202003,'325,米領バージン諸島,29027,29747,-,217
202003,'326,蘭領アンティール,204396,627812,252,2502
202003,'327,仏領西インド諸島,187485,487803,1023,1023
202003,'328,ケイマン諸島（英）,133675,416163,4498,4723
202003,'329,グレナダ,85727,191748,-,0
202003,'330,セントルシア,103134,337531,-,0
202003,'331,アンティグア・バーブーダ,113690,322298,-,592
202003,'332,英領バージン諸島,282103,370136,-,0
202003,'333,ドミニカ,21193,122488,13825,16026
202003,'334,モントセラト（英）,907,10356,-,0
202003,'335,セントクリストファー・ネービス,62179,157059,-,0
202003,'336,セントビンセント,55522,134951,-,0
202003,'337,英領アンギラ,42317,72569,-,0
202003,'338,サン・バルテルミー島（仏）,12544,50861,-,0
202003,'401,コロンビア,12402162,32633186,4309088,12295342
202003,'402,ベネズエラ,215910,515730,941015,1578007
202003,'403,ガイアナ,828277,2019807,24489,42147
202003,'404,スリナム,520539,1440651,21064,55769
202003,'405,仏領ギアナ,40329,152809,-,0
202003,'406,エクアドル,3769365,11014100,7555639,25780610
202003,'407,ペルー,7330112,22042300,16392930,49636707
202003,'408,ボリビア,1460621,3415371,2055388,7449087
202003,'409,チリ,14121722,38762246,52727694,194350899
202003,'410,ブラジル,37872735,101026058,66849133,243010714
202003,'411,パラグアイ,857622,2513042,124275,1508526
202003,'412,ウルグアイ,452258,1373687,548364,1423244
202003,'413,アルゼンチン,6846871,15606300,3883561,16987780
202003,'414,フォークランド諸島及びその附属諸島（英）,-,0,16226,55857
202003,'415,英領南極地域,-,0,392,392
202003,'501,モロッコ,2343990,7084392,1853119,6804291
202003,'502,セウタ及びメリリア（西）,-,8351,865,865
202003,'503,アルジェリア,5447671,7948190,7315046,12736601
202003,'504,チュニジア,1255771,2973028,789435,2395237
202003,'505,リビア,178663,661492,-,2719458
202003,'506,エジプト,12220778,31035756,6941819,15079136
202003,'507,スーダン,483938,1254882,138761,220228
202003,'509,モーリタニア,223391,561773,3770803,7575339
202003,'510,セネガル,537016,1652039,129830,646381
202003,'511,ガンビア,144520,152607,-,513
202003,'512,ギニア・ビサウ,2697,9152,-,0
202003,'513,ギニア,82321,208939,-,24936
202003,'514,シエラレオネ,144220,222576,-,1494716
202003,'515,リベリア,16377875,77208769,-,12648
202003,'516,コートジボワール,606739,993641,61883,344524
202003,'517,ガーナ,1469696,3650613,1313006,2229505
202003,'518,トーゴ,235644,545703,48052,53350
202003,'519,ベナン,66215,118836,-,1899
202003,'520,マリ,321264,507316,19193,20555
202003,'521,ブルキナファソ,95467,251103,450588,454121
202003,'522,カーボベルデ,71742,108465,-,0
202003,'523,カナリー諸島（西）,283268,842076,-,7720
202003,'524,ナイジェリア,3636398,8418958,9468119,17020696
202003,'525,ニジェール,11441,55236,611,5735
202003,'526,ルワンダ,215712,375008,1212,57927
202003,'527,カメルーン,386923,855357,85041,179586
202003,'528,チャド,8380,55610,-,0
202003,'529,中央アフリカ,1943,27654,2958,7535
202003,'530,赤道ギニア,14918,23666,-,0
202003,'531,ガボン,243164,938428,64722,1147874
202003,'532,コンゴ共和国,44718,58519,8580,20860
202003,'533,コンゴ民主共和国,886947,2012171,-,294312
202003,'534,ブルンジ,107960,691502,18519,43632
202003,'535,アンゴラ,255178,1133676,13134,92524
202003,'536,サントメ・プリンシペ,445,687,-,1405
202003,'537,セントヘレナ及びその附属諸島（英）,243,243,139647,174841
202003,'538,エチオピア,803107,1608347,712304,2363854
202003,'539,ジブチ,415558,1207097,86977,88196
202003,'540,ソマリア,46845,109174,138455,299790
202003,'541,ケニア,9468870,21226547,487968,1811527
202003,'542,ウガンダ,2461108,5430924,104596,303983
202003,'543,タンザニア,3038463,7615697,479876,2185740
202003,'544,セーシェル,85720,263524,1372857,2911154
202003,'545,モザンビーク,3702138,8048863,596795,2454077
202003,'546,マダガスカル,71686,226912,1772291,4190473
202003,'547,モーリシャス,1266723,3255932,42417,150745
202003,'548,レユニオン（仏）,154763,336695,244,792
202003,'549,ジンバブエ,185052,404557,343536,1198641
202003,'550,ナミビア,214848,623982,212916,359356
202003,'551,南アフリカ共和国,20818689,56399532,55109336,147022433
202003,'552,レソト,82712,226644,293,6827
202003,'553,マラウイ,173519,486964,1565,142239
202003,'554,ザンビア,403017,978335,205958,571232
202003,'555,ボツワナ,90681,382034,34455,401192
202003,'556,エスワティニ,217495,592362,9072,28638
202003,'558,コモロ,8388,17911,584,6393
202003,'559,エリトリア,24854,27488,-,0
202003,'560,南スーダン,366378,632882,-,272
202003,'601,オーストラリア,124517238,377571781,404510010,1116941627
202003,'602,パプアニューギニア,1766410,4970995,23396472,64921218
202003,'605,その他のオーストラリア領,3772,8807,723,723
202003,'606,ニュージーランド,20627937,54503833,23880619,60630735
202003,'607,クック,30538,42234,53456,134752
202003,'609,ニウエ,1461,24103,-,0
202003,'610,サモア,169818,416638,-,33718
202003,'611,バヌアツ,47570,507975,476696,1054468
202003,'612,フィジー,615479,1716143,127220,791951
202003,'613,ソロモン,96845,642836,839,35617
202003,'614,トンガ,24459,50681,7019,32434
202003,'615,キリバス,76154,211294,32622,77557
202003,'617,ナウル,3234,10405,-,2072
202003,'618,ニューカレドニア（仏）,455379,1603887,2479031,7322313
202003,'619,仏領ポリネシア,208901,572715,235432,658643
202003,'620,グアム（米）,2009567,6141403,17094,78007
202003,'621,米領サモア,12283,50145,-,223
202003,'622,米領オセアニア,-,0,787,14842
202003,'624,ツバル,40221,385387,-,25120
202003,'625,マーシャル,15934620,46097566,31146,608573
202003,'626,ミクロネシア,151172,503390,242199,279127
202003,'627,北マリアナ諸島（米）,362402,873452,-,264
202003,'628,パラオ,174784,365929,70578,190039
202003,'702,不明,-,0,24961,101541
202004,'103,大韓民国,411875431,1645567160,246340950,1045954967
202004,'105,中華人民共和国,1182913129,4406522813,1737261925,5583137720
202004,'106,台湾,397084359,1578259531,263701377,982768271
202004,'107,モンゴル,2514518,11007425,155154,536227
202004,'108,香港,271909355,1083633955,4867398,28641271
202004,'110,ベトナム,147283157,602716249,203706262,819349599
202004,'111,タイ,232196984,992356802,220217871,882540416
202004,'112,シンガポール,162912026,690774136,81251414,312407097
202004,'113,マレーシア,94214888,466034033,101291889,631912098
202004,'116,ブルネイ,1203962,3449624,16014591,94762071
202004,'117,フィリピン,55231174,321946762,57314195,325715568
202004,'118,インドネシア,97100288,444054566,137349588,615868848
202004,'120,カンボジア,4285741,16443225,16696522,68499989
202004,'121,ラオス,1716717,5522124,1118582,5698540
202004,'122,ミャンマー,5990249,24567425,13744238,57801577
202004,'123,インド,43023250,342713499,44127119,202597566
202004,'124,パキスタン,6628750,40577140,2229695,8629766
202004,'125,スリランカ,1425455,21970063,1768786,9684168
202004,'126,モルディブ,160865,698833,48465,137731
202004,'127,バングラデシュ,9357293,64218684,12188677,58783044
202004,'128,東ティモール,13340,187483,-,33538
202004,'129,マカオ,1447812,5563988,95483,568898
202004,'130,アフガニスタン,479364,1652873,427,10496
202004,'131,ネパール,814897,2530134,19552,216424
202004,'132,ブータン,74463,190672,-,876
202004,'133,イラン,365464,2400710,177343,1694448
202004,'134,イラク,3681344,16853783,8298204,11755512
202004,'135,バーレーン,6746064,25731135,5616916,19498663
202004,'137,サウジアラビア,30851929,202739744,169185260,894978785
202004,'138,クウェート,15164901,65157621,43535530,249294541
202004,'140,カタール,4760245,37578378,67295696,477034843
202004,'141,オマーン,17101433,67569738,18168284,75376319
202004,'143,イスラエル,9520315,55429190,13382956,47054776
202004,'144,ヨルダン,3679726,17377243,163174,1603989
202004,'145,シリア,88363,612370,-,10079
202004,'146,レバノン,2547067,5331988,100818,393931
202004,'147,アラブ首長国連邦,55347233,255366755,152412788,894199017
202004,'149,イエメン,2665187,9427262,51735,197414
202004,'150,アゼルバイジャン,196434,2058512,34478,97290
202004,'151,アルメニア,36798,255463,66974,430468
202004,'152,ウズベキスタン,1253522,6416358,23660,149403
202004,'153,カザフスタン,3133122,16867521,16226842,52115346
202004,'154,キルギス,113053,534189,307,7975
202004,'155,タジキスタン,12557,68036,216,37760
202004,'156,トルクメニスタン,3971562,8108913,-,1038
202004,'157,ジョージア,1544406,7185783,130288,496961
202004,'158,ヨルダン川西岸及びガザ,39537,143969,1815,29521
202004,'201,アイスランド,531759,2590136,1025603,3383995
202004,'202,ノルウェー,4664135,36737339,12574533,51288840
202004,'203,スウェーデン,8067694,42764149,26632819,112406284
202004,'204,デンマーク,4753274,18704867,22962836,84594784
202004,'205,英国,65800035,455547398,55184955,252861717
202004,'206,アイルランド,8627329,33114545,69441352,253533037
202004,'207,オランダ,101668612,421298798,30428206,99381765
202004,'208,ベルギー,52380117,252026733,40753364,127561932
202004,'209,ルクセンブルク,3933487,14177640,501518,3250540
202004,'210,フランス,40418811,212529383,74783013,323636006
202004,'211,モナコ,1278,51858,34624,67784
202004,'212,アンドラ,-,1800,-,1744
202004,'213,ドイツ,146359311,667591167,202741083,807698681
202004,'215,スイス,24807396,127898829,64618839,282463073
202004,'217,ポルトガル,6437749,23581471,3202444,13070204
202004,'218,スペイン,18209642,96791586,29436450,121029861
202004,'219,ジブラルタル（英）,1208516,3938377,-,0
202004,'220,イタリア,23171411,149278361,84629018,377357257
202004,'221,マルタ,560223,5207498,5591207,11668931
202004,'222,フィンランド,2754402,15965204,12144315,61696157
202004,'223,ポーランド,20302710,95406329,8886225,35499107
202004,'224,ロシア,42496317,226345612,90446324,432860709
202004,'225,オーストリア,8865571,40510817,18955638,72552918
202004,'227,ハンガリー,12647691,61162122,10891858,42828672
202004,'228,セルビア,76550,1055219,3800635,13299228
202004,'229,アルバニア,9760,43841,257645,630383
202004,'230,ギリシャ,1041588,12385973,4759021,22626990
202004,'231,ルーマニア,2706651,13815179,6072201,31317872
202004,'232,ブルガリア,1145915,5248508,666236,4317860
202004,'233,キプロス,4452113,7438350,4833,32476
202004,'234,トルコ,18113571,95814302,7493688,27875583
202004,'235,エストニア,826875,5950099,1218981,3859946
202004,'236,ラトビア,281045,1683208,716750,2963139
202004,'237,リトアニア,423878,1855733,2489501,11879813
202004,'238,ウクライナ,3087308,16782357,3846941,20071219
202004,'239,ベラルーシ,100534,1069188,286236,1392893
202004,'240,モルドバ,14094,214044,81666,511692
202004,'241,クロアチア,303830,1652897,2097614,4118412
202004,'242,スロベニア,1472551,6242338,1496784,6154539
202004,'243,ボスニア・ヘルツェゴビナ,5909,76377,48615,232867
202004,'244,北マケドニア,212831,1290200,101551,446291
202004,'245,チェコ,11259227,54473550,15833887,45909148
202004,'246,スロバキア,1365343,7136190,1793597,8931158
202004,'247,モンテネグロ,39780,154412,-,28086
202004,'248,コソボ,-,21606,2646,9235
202004,'249,フェロー諸島（デンマーク）,-,0,88706,519576
202004,'250,バチカン,-,3952,-,274
202004,'301,グリーンランド（デンマーク）,-,2542,744031,2792054
202004,'302,カナダ,40753136,282804156,116717886,396651110
202004,'304,アメリカ合衆国,879398139,4383306651,698597928,2766219196
202004,'305,メキシコ,70338118,333522778,56510783,218767149
202004,'306,グアテマラ,2081214,11339040,1680739,5586943
202004,'307,ホンジュラス,507131,3070658,634931,2201930
202004,'308,ベリーズ,100812,514171,64854,202656
202004,'309,エルサルバドル,1058623,4782236,83395,447213
202004,'310,ニカラグア,454459,1791580,339242,960862
202004,'311,コスタリカ,1339605,9161568,3853741,16400281
202004,'312,パナマ,63210582,225330686,1863786,4460484
202004,'314,バーミュダ（英）,9183,224585,-,0
202004,'315,バハマ,311314,6758962,-,49927
202004,'316,ジャマイカ,1393951,6871693,101028,375914
202004,'317,タークス及びカイコス諸島（英）,20362,125975,-,0
202004,'319,バルバドス,2939975,7166529,334,2607
202004,'320,トリニダード・トバゴ,946172,4973063,620333,1882350
202004,'321,キューバ,116063,475723,70588,526264
202004,'322,ハイチ,142676,438443,28584,148914
202004,'323,ドミニカ共和国,1256572,9358538,1330770,5169525
202004,'324,プエルトリコ（米）,1411786,15300465,29879444,91548260
202004,'325,米領バージン諸島,962,30709,-,217
202004,'326,蘭領アンティール,94784,722596,-,2502
202004,'327,仏領西インド諸島,81959,569762,2761,3784
202004,'328,ケイマン諸島（英）,42500,458663,-,4723
202004,'329,グレナダ,39561,231309,-,0
202004,'330,セントルシア,39485,377016,658,658
202004,'331,アンティグア・バーブーダ,32958,355256,273,865
202004,'332,英領バージン諸島,-,370136,-,0
202004,'333,ドミニカ,19093,141581,4010,20036
202004,'334,モントセラト（英）,-,10356,-,0
202004,'335,セントクリストファー・ネービス,30511,187570,-,0
202004,'336,セントビンセント,23534,158485,-,0
202004,'337,英領アンギラ,5187,77756,-,0
202004,'338,サン・バルテルミー島（仏）,-,50861,-,0
202004,'401,コロンビア,7479714,40112900,4053923,16349265
202004,'402,ベネズエラ,232658,748388,619474,2197481
202004,'403,ガイアナ,365266,2385073,13996,56143
202004,'404,スリナム,425971,1866622,32118,87887
202004,'405,仏領ギアナ,7438,160247,-,0
202004,'406,エクアドル,1915823,12929923,8226183,34006793
202004,'407,ペルー,3337329,25379629,18784131,68420838
202004,'408,ボリビア,274506,3689877,259576,7708663
202004,'409,チリ,7174791,45937037,82191779,276542678
202004,'410,ブラジル,26177532,127203590,62169036,305179750
202004,'411,パラグアイ,520891,3033933,107645,1616171
202004,'412,ウルグアイ,322505,1696192,256697,1679941
202004,'413,アルゼンチン,2330349,17936649,2532719,19520499
202004,'414,フォークランド諸島及びその附属諸島（英）,1025,1025,35734,91591
202004,'415,英領南極地域,-,0,-,392
202004,'501,モロッコ,1254985,8339377,3961833,10766124
202004,'502,セウタ及びメリリア（西）,1086,9437,2487,3352
202004,'503,アルジェリア,2636919,10585109,311182,13047783
202004,'504,チュニジア,435542,3408570,615529,3010766
202004,'505,リビア,65886,727378,-,2719458
202004,'506,エジプト,10051491,41087247,1107770,16186906
202004,'507,スーダン,356608,1611490,93666,313894
202004,'509,モーリタニア,155610,717383,1046315,8621654
202004,'510,セネガル,285276,1937315,141065,787446
202004,'511,ガンビア,72097,224704,681,1194
202004,'512,ギニア・ビサウ,-,9152,-,0
202004,'513,ギニア,93171,302110,1718,26654
202004,'514,シエラレオネ,68973,291549,15522,1510238
202004,'515,リベリア,2860272,80069041,-,12648
202004,'516,コートジボワール,349550,1343191,2767,347291
202004,'517,ガーナ,1270948,4921561,3128745,5358250
202004,'518,トーゴ,299252,844955,832,54182
202004,'519,ベナン,53736,172572,-,1899
202004,'520,マリ,438100,945416,159778,180333
202004,'521,ブルキナファソ,129277,380380,172686,626807
202004,'522,カーボベルデ,-,108465,-,0
202004,'523,カナリー諸島（西）,169560,1011636,-,7720
202004,'524,ナイジェリア,2991636,11410594,7310416,24331112
202004,'525,ニジェール,19261,74497,1518,7253
202004,'526,ルワンダ,8220,383228,22337,80264
202004,'527,カメルーン,267552,1122909,51416,231002
202004,'528,チャド,20713,76323,1545,1545
202004,'529,中央アフリカ,5999,33653,-,7535
202004,'530,赤道ギニア,-,23666,-,0
202004,'531,ガボン,56296,994724,179699,1327573
202004,'532,コンゴ共和国,14004,72523,12784,33644
202004,'533,コンゴ民主共和国,404702,2416873,11253,305565
202004,'534,ブルンジ,57702,749204,17912,61544
202004,'535,アンゴラ,58841,1192517,6297,98821
202004,'536,サントメ・プリンシペ,679,1366,1318,2723
202004,'537,セントヘレナ及びその附属諸島（英）,-,243,35453,210294
202004,'538,エチオピア,746076,2354423,892781,3256635
202004,'539,ジブチ,420206,1627303,-,88196
202004,'540,ソマリア,125332,234506,179815,479605
202004,'541,ケニア,4339355,25565902,281502,2093029
202004,'542,ウガンダ,954507,6385431,64450,368433
202004,'543,タンザニア,1773312,9389009,1198992,3384732
202004,'544,セーシェル,108193,371717,433867,3345021
202004,'545,モザンビーク,875045,8923908,1708850,4162927
202004,'546,マダガスカル,76944,303856,2192914,6383387
202004,'547,モーリシャス,592198,3848130,66274,217019
202004,'548,レユニオン（仏）,88045,424740,34316,35108
202004,'549,ジンバブエ,69159,473716,56819,1255460
202004,'550,ナミビア,85358,709340,147544,506900
202004,'551,南アフリカ共和国,13484166,69883698,40635383,187657816
202004,'552,レソト,159326,385970,310,7137
202004,'553,マラウイ,107399,594363,64896,207135
202004,'554,ザンビア,360419,1338754,313219,884451
202004,'555,ボツワナ,127113,509147,31627,432819
202004,'556,エスワティニ,81616,673978,573,29211
202004,'558,コモロ,15459,33370,1662,8055
202004,'559,エリトリア,12270,39758,-,0
202004,'560,南スーダン,90016,722898,-,272
202004,'601,オーストラリア,79068315,456640096,370867624,1487809251
202004,'602,パプアニューギニア,1457117,6428112,14593708,79514926
202004,'605,その他のオーストラリア領,735,9542,587,1310
202004,'606,ニュージーランド,9962547,64466380,27238736,87869471
202004,'607,クック,57144,99378,301151,435903
202004,'608,トケラウ諸島（ニュージーランド）,-,0,465,465
202004,'609,ニウエ,-,24103,-,0
202004,'610,サモア,67107,483745,4822,38540
202004,'611,バヌアツ,60279,568254,1020132,2074600
202004,'612,フィジー,215012,1931155,309990,1101941
202004,'613,ソロモン,126925,769761,-,35617
202004,'614,トンガ,22156,72837,-,32434
202004,'615,キリバス,49283,260577,76252,153809
202004,'617,ナウル,2593,12998,29631,31703
202004,'618,ニューカレドニア（仏）,248567,1852454,1311225,8633538
202004,'619,仏領ポリネシア,347865,920580,39349,697992
202004,'620,グアム（米）,666852,6808255,13353,91360
202004,'621,米領サモア,13618,63763,489,712
202004,'622,米領オセアニア,-,0,2520,17362
202004,'624,ツバル,6444,391831,-,25120
202004,'625,マーシャル,3584868,49682434,5291,613864
202004,'626,ミクロネシア,58691,562081,17900,297027
202004,'627,北マリアナ諸島（米）,95373,968825,318,582
202004,'628,パラオ,103569,469498,27363,217402
202004,'702,不明,-,0,5227,106768
202005,'103,大韓民国,329251983,1974819143,202385901,1248340868
202005,'105,中華人民共和国,1126345677,5532868490,1518312649,7101450369
202005,'106,台湾,359346392,1937605923,237023714,1219791985
202005,'107,モンゴル,3039688,14047113,76995,613222
202005,'108,香港,254068897,1337702852,5732557,34373828
202005,'110,ベトナム,116182209,718898458,163665749,983015348
202005,'111,タイ,172844721,1165201523,193528782,1076069198
202005,'112,シンガポール,139674138,830448274,95501867,407908964
202005,'113,マレーシア,77464493,543498526,105700362,737612460
202005,'116,ブルネイ,1568255,5017879,5298826,100060897
202005,'117,フィリピン,50974936,372921698,54478089,380193657
202005,'118,インドネシア,45838044,489892610,126693972,742562820
202005,'120,カンボジア,3153683,19596908,8086550,76586539
202005,'121,ラオス,923639,6445763,586983,6285523
202005,'122,ミャンマー,4454401,29021826,5548346,63349923
202005,'123,インド,37970509,380684008,22408074,225005640
202005,'124,パキスタン,7495775,48072915,1345883,9975649
202005,'125,スリランカ,1314400,23284463,974021,10658189
202005,'126,モルディブ,24701,723534,35729,173460
202005,'127,バングラデシュ,9401345,73620029,3146327,61929371
202005,'128,東ティモール,82913,270396,447628,481166
202005,'129,マカオ,3112942,8676930,69616,638514
202005,'130,アフガニスタン,307090,1959963,534,11030
202005,'131,ネパール,278972,2809106,8583,225007
202005,'132,ブータン,22209,212881,-,876
202005,'133,イラン,275232,2675942,166433,1860881
202005,'134,イラク,3264618,20118401,1461382,13216894
202005,'135,バーレーン,2454090,28185225,4757718,24256381
202005,'137,サウジアラビア,19768879,222508623,73152891,968131676
202005,'138,クウェート,5941279,71098900,24381889,273676430
202005,'140,カタール,5925878,43504256,45435254,522470097
202005,'141,オマーン,4977576,72547314,10144849,85521168
202005,'143,イスラエル,8996144,64425334,12152132,59206908
202005,'144,ヨルダン,2535588,19912831,125750,1729739
202005,'145,シリア,30857,643227,-,10079
202005,'146,レバノン,714501,6046489,426526,820457
202005,'147,アラブ首長国連邦,27324828,282691583,53710919,947909936
202005,'149,イエメン,1376426,10803688,59903,257317
202005,'150,アゼルバイジャン,679309,2737821,51869,149159
202005,'151,アルメニア,21095,276558,80244,510712
202005,'152,ウズベキスタン,1387955,7804313,52200,201603
202005,'153,カザフスタン,1879294,18746815,3719062,55834408
202005,'154,キルギス,60607,594796,1184,9159
202005,'155,タジキスタン,2366,70402,33667,71427
202005,'156,トルクメニスタン,3952561,12061474,-,1038
202005,'157,ジョージア,1156753,8342536,71009,567970
202005,'158,ヨルダン川西岸及びガザ,46979,190948,12842,42363
202005,'201,アイスランド,282512,2872648,995562,4379557
202005,'202,ノルウェー,5156622,41893961,12182936,63471776
202005,'203,スウェーデン,7442405,50206554,24262622,136668906
202005,'204,デンマーク,2972637,21677504,23713512,108308296
202005,'205,英国,60525036,516072434,46998455,299860172
202005,'206,アイルランド,7518975,40633520,58881024,312414061
202005,'207,オランダ,64119618,485418416,23069655,122451420
202005,'208,ベルギー,38473152,290499885,29617228,157179160
202005,'209,ルクセンブルク,2391662,16569302,763454,4013994
202005,'210,フランス,43643767,256173150,74812587,398448593
202005,'211,モナコ,1186,53044,16082,83866
202005,'212,アンドラ,659,2459,-,1744
202005,'213,ドイツ,105177149,772768316,178259040,985957721
202005,'215,スイス,20815167,148713996,52331039,334794112
202005,'217,ポルトガル,5501373,29082844,2110448,15180652
202005,'218,スペイン,12605001,109396587,24773637,145803498
202005,'219,ジブラルタル（英）,1342760,5281137,473,473
202005,'220,イタリア,20865812,170144173,60373270,437730527
202005,'221,マルタ,461586,5669084,3145325,14814256
202005,'222,フィンランド,2305516,18270720,15422995,77119152
202005,'223,ポーランド,15675686,111082015,8269822,43768929
202005,'224,ロシア,37447083,263792695,82621782,515482491
202005,'225,オーストリア,7020970,47531787,16026647,88579565
202005,'227,ハンガリー,10586287,71748409,8957424,51786096
202005,'228,セルビア,47975,1103194,5551055,18850283
202005,'229,アルバニア,9288,53129,141493,771876
202005,'230,ギリシャ,737339,13123312,4983685,27610675
202005,'231,ルーマニア,2087830,15903009,7074465,38392337
202005,'232,ブルガリア,850723,6099231,980697,5298557
202005,'233,キプロス,545819,7984169,7318,39794
202005,'234,トルコ,10859169,106673471,6294121,34169704
202005,'235,エストニア,737951,6688050,903353,4763299
202005,'236,ラトビア,350924,2034132,721259,3684398
202005,'237,リトアニア,334255,2189988,1736355,13616168
202005,'238,ウクライナ,2193444,18975801,4347292,24418511
202005,'239,ベラルーシ,85275,1154463,160295,1553188
202005,'240,モルドバ,6478,220522,54524,566216
202005,'241,クロアチア,388584,2041481,620196,4738608
202005,'242,スロベニア,864289,7106627,808584,6963123
202005,'243,ボスニア・ヘルツェゴビナ,9646,86023,74547,307414
202005,'244,北マケドニア,386781,1676981,90653,536944
202005,'245,チェコ,9408138,63881688,9714978,55624126
202005,'246,スロバキア,756677,7892867,2274445,11205603
202005,'247,モンテネグロ,14275,168687,-,28086
202005,'248,コソボ,4672,26278,-,9235
202005,'249,フェロー諸島（デンマーク）,-,0,114735,634311
202005,'250,バチカン,-,3952,-,274
202005,'301,グリーンランド（デンマーク）,-,2542,443536,3235590
202005,'302,カナダ,25505035,308309191,86626501,483277611
202005,'304,アメリカ合衆国,587930695,4971237346,579113735,3345332931
202005,'305,メキシコ,36223883,369746661,40985840,259752989
202005,'306,グアテマラ,784925,12123965,2269822,7856765
202005,'307,ホンジュラス,125389,3196047,383471,2585401
202005,'308,ベリーズ,184095,698266,62759,265415
202005,'309,エルサルバドル,484190,5266426,301768,748981
202005,'310,ニカラグア,221371,2012951,189893,1150755
202005,'311,コスタリカ,1295411,10456979,3349975,19750256
202005,'312,パナマ,34699661,260030347,86700,4547184
202005,'314,バーミュダ（英）,97451,322036,715,715
202005,'315,バハマ,512781,7271743,451249,501176
202005,'316,ジャマイカ,668235,7539928,120597,496511
202005,'317,タークス及びカイコス諸島（英）,10109,136084,-,0
202005,'319,バルバドス,90181,7256710,1330,3937
202005,'320,トリニダード・トバゴ,573142,5546205,118462,2000812
202005,'321,キューバ,78129,553852,18392,544656
202005,'322,ハイチ,98649,537092,31876,180790
202005,'323,ドミニカ共和国,656504,10015042,1176769,6346294
202005,'324,プエルトリコ（米）,4568040,19868505,15931297,107479557
202005,'325,米領バージン諸島,-,30709,216,433
202005,'326,蘭領アンティール,34089,756685,239,2741
202005,'327,仏領西インド諸島,29822,599584,322,4106
202005,'328,ケイマン諸島（英）,20369,479032,-,4723
202005,'329,グレナダ,25564,256873,-,0
202005,'330,セントルシア,18899,395915,-,658
202005,'331,アンティグア・バーブーダ,60808,416064,-,865
202005,'332,英領バージン諸島,-,370136,-,0
202005,'333,ドミニカ,14628,156209,3219,23255
202005,'334,モントセラト（英）,672,11028,-,0
202005,'335,セントクリストファー・ネービス,17389,204959,-,0
202005,'336,セントビンセント,25034,183519,18454,18454
202005,'337,英領アンギラ,9352,87108,-,0
202005,'338,サン・バルテルミー島（仏）,19077,69938,-,0
202005,'401,コロンビア,5232966,45345866,3310422,19659687
202005,'402,ベネズエラ,44297,792685,70754,2268235
202005,'403,ガイアナ,172268,2557341,13963,70106
202005,'404,スリナム,202922,2069544,31151,119038
202005,'405,仏領ギアナ,4037,164284,-,0
202005,'406,エクアドル,2166000,15095923,3444123,37450916
202005,'407,ペルー,2438049,27817678,22004986,90425824
202005,'408,ボリビア,406368,4096245,112664,7821327
202005,'409,チリ,4448290,50385327,59499536,336042214
202005,'410,ブラジル,17455841,144659431,49699151,354878901
202005,'411,パラグアイ,469808,3503741,16707,1632878
202005,'412,ウルグアイ,190341,1886533,269575,1949516
202005,'413,アルゼンチン,1696471,19633120,3117272,22637771
202005,'414,フォークランド諸島及びその附属諸島（英）,-,1025,6899,98490
202005,'415,英領南極地域,-,0,-,392
202005,'501,モロッコ,920963,9260340,3221584,13987708
202005,'502,セウタ及びメリリア（西）,-,9437,978,4330
202005,'503,アルジェリア,1396085,11981194,2517640,15565423
202005,'504,チュニジア,309115,3717685,988407,3999173
202005,'505,リビア,71233,798611,-,2719458
202005,'506,エジプト,6926464,48013711,2838339,19025245
202005,'507,スーダン,262897,1874387,24901,338795
202005,'508,西サハラ,-,0,137592,137592
202005,'509,モーリタニア,185234,902617,698999,9320653
202005,'510,セネガル,265601,2202916,72689,860135
202005,'511,ガンビア,9153,233857,4638,5832
202005,'512,ギニア・ビサウ,9083,18235,-,0
202005,'513,ギニア,80790,382900,-,26654
202005,'514,シエラレオネ,101064,392613,1027,1511265
202005,'515,リベリア,7062178,87131219,428,13076
202005,'516,コートジボワール,510425,1853616,88801,436092
202005,'517,ガーナ,1336317,6257878,2349262,7707512
202005,'518,トーゴ,68711,913666,38482,92664
202005,'519,ベナン,1318,173890,-,1899
202005,'520,マリ,127422,1072838,134682,315015
202005,'521,ブルキナファソ,128312,508692,634234,1261041
202005,'522,カーボベルデ,56087,164552,-,0
202005,'523,カナリー諸島（西）,208319,1219955,227,7947
202005,'524,ナイジェリア,2425027,13835621,10303155,34634267
202005,'525,ニジェール,11812,86309,26621,33874
202005,'526,ルワンダ,20508,403736,51144,131408
202005,'527,カメルーン,252332,1375241,71636,302638
202005,'528,チャド,-,76323,-,1545
202005,'529,中央アフリカ,3344,36997,-,7535
202005,'530,赤道ギニア,2520,26186,-,0
202005,'531,ガボン,152458,1147182,34928,1362501
202005,'532,コンゴ共和国,9350,81873,-,33644
202005,'533,コンゴ民主共和国,343477,2760350,122818,428383
202005,'534,ブルンジ,74961,824165,15938,77482
202005,'535,アンゴラ,216606,1409123,2876,101697
202005,'536,サントメ・プリンシペ,-,1366,-,2723
202005,'537,セントヘレナ及びその附属諸島（英）,-,243,326,210620
202005,'538,エチオピア,533782,2888205,738402,3995037
202005,'539,ジブチ,490092,2117395,428,88624
202005,'540,ソマリア,52376,286882,121111,600716
202005,'541,ケニア,3906178,29472080,406331,2499360
202005,'542,ウガンダ,881089,7266520,67465,435898
202005,'543,タンザニア,1318417,10707426,303642,3688374
202005,'544,セーシェル,9217,380934,668719,4013740
202005,'545,モザンビーク,865311,9789219,132100,4295027
202005,'546,マダガスカル,27364,331220,1600546,7983933
202005,'547,モーリシャス,359415,4207545,13546,230565
202005,'548,レユニオン（仏）,25235,449975,-,35108
202005,'549,ジンバブエ,43683,517399,99213,1354673
202005,'550,ナミビア,153766,863106,211037,717937
202005,'551,南アフリカ共和国,7782400,77666098,42527606,230185422
202005,'552,レソト,43151,429121,940,8077
202005,'553,マラウイ,256864,851227,22281,229416
202005,'554,ザンビア,288509,1627263,46994,931445
202005,'555,ボツワナ,139025,648172,15999,448818
202005,'556,エスワティニ,48788,722766,13206,42417
202005,'558,コモロ,12219,45589,1931,9986
202005,'559,エリトリア,-,39758,661,661
202005,'560,南スーダン,88413,811311,-,272
202005,'601,オーストラリア,53338580,509978676,284688277,1772497528
202005,'602,パプアニューギニア,709017,7137129,15650836,95165762
202005,'605,その他のオーストラリア領,6113,15655,225,1535
202005,'606,ニュージーランド,9298273,73764653,31763221,119632692
202005,'607,クック,15737,115115,45158,481061
202005,'608,トケラウ諸島（ニュージーランド）,-,0,-,465
202005,'609,ニウエ,-,24103,-,0
202005,'610,サモア,89712,573457,-,38540
202005,'611,バヌアツ,21206,589460,471937,2546537
202005,'612,フィジー,135392,2066547,318301,1420242
202005,'613,ソロモン,41509,811270,9173,44790
202005,'614,トンガ,19537,92374,430,32864
202005,'615,キリバス,5688,266265,30441,184250
202005,'617,ナウル,1727,14725,-,31703
202005,'618,ニューカレドニア（仏）,105995,1958449,2232197,10865735
202005,'619,仏領ポリネシア,36456,957036,43237,741229
202005,'620,グアム（米）,236047,7044302,17433,108793
202005,'621,米領サモア,16660,80423,-,712
202005,'622,米領オセアニア,-,0,7386,24748
202005,'624,ツバル,284,392115,7504,32624
202005,'625,マーシャル,9562381,59244815,13697,627561
202005,'626,ミクロネシア,61960,624041,5821,302848
202005,'627,北マリアナ諸島（米）,27215,996040,309,891
202005,'628,パラオ,22488,491986,112185,329587
202005,'702,不明,-,0,3297,110065
202006,'103,大韓民国,350633623,2325452766,211582024,1459922892
202006,'105,中華人民共和国,1243132685,6776001175,1391909451,8493359820
202006,'106,台湾,396924437,2334530360,232037465,1451829450
202006,'107,モンゴル,2999420,17046533,132509,745731
202006,'108,香港,294828162,1632531014,7572054,41945882
202006,'110,ベトナム,128283877,847182335,172851875,1155867223
202006,'111,タイ,155476938,1320678461,197659397,1273728595
202006,'112,シンガポール,138920140,969368414,80583623,488492587
202006,'113,マレーシア,89819147,633317673,138760474,876372934
202006,'116,ブルネイ,910073,5927952,18072012,118132909
202006,'117,フィリピン,69911538,442833236,79190966,459384623
202006,'118,インドネシア,63878390,553771000,112834301,855397121
202006,'120,カンボジア,4093731,23690639,9607290,86193829
202006,'121,ラオス,1212273,7658036,1084027,7369550
202006,'122,ミャンマー,3808575,32830401,7277570,70627493
202006,'123,インド,52982183,433666191,37972437,262978077
202006,'124,パキスタン,6080811,54153726,1537256,11512905
202006,'125,スリランカ,1544225,24828688,1959881,12618070
202006,'126,モルディブ,241333,964867,31197,204657
202006,'127,バングラデシュ,8469138,82089167,8393397,70322768
202006,'128,東ティモール,31913,302309,570927,1052093
202006,'129,マカオ,3326827,12003757,155249,793763
202006,'130,アフガニスタン,201673,2161636,955,11985
202006,'131,ネパール,264149,3073255,45288,270295
202006,'132,ブータン,33593,246474,1051,1927
202006,'133,イラン,1282456,3958398,170920,2031801
202006,'134,イラク,2765417,22883818,-,13216894
202006,'135,バーレーン,2705122,30890347,4186624,28443005
202006,'137,サウジアラビア,16240721,238749344,82084347,1050216023
202006,'138,クウェート,6135303,77234203,24226727,297903157
202006,'140,カタール,7050340,50554596,59386737,581856834
202006,'141,オマーン,5846601,78393915,10123252,95644420
202006,'143,イスラエル,14065745,78491079,10553702,69760610
202006,'144,ヨルダン,4317998,24230829,107327,1837066
202006,'145,シリア,51475,694702,8050,18129
202006,'146,レバノン,256010,6302499,183968,1004425
202006,'147,アラブ首長国連邦,29313106,312004689,64799923,1012709859
202006,'149,イエメン,1024721,11828409,12514,269831
202006,'150,アゼルバイジャン,753248,3491069,1470,150629
202006,'151,アルメニア,117803,394361,154584,665296
202006,'152,ウズベキスタン,1671364,9475677,25703,227306
202006,'153,カザフスタン,4385883,23132698,8135085,63969493
202006,'154,キルギス,222477,817273,10854,20013
202006,'155,タジキスタン,24391,94793,318,71745
202006,'156,トルクメニスタン,39910,12101384,-,1038
202006,'157,ジョージア,224573,8567109,373072,941042
202006,'158,ヨルダン川西岸及びガザ,8827,199775,-,42363
202006,'201,アイスランド,293986,3166634,1087843,5467400
202006,'202,ノルウェー,13017867,54911828,14393769,77865545
202006,'203,スウェーデン,12085699,62292253,22862565,159531471
202006,'204,デンマーク,3998334,25675838,19090750,127399046
202006,'205,英国,65931863,582004297,43120814,342980986
202006,'206,アイルランド,7799286,48432806,66868590,379282651
202006,'207,オランダ,73159178,558577594,20440948,142892368
202006,'208,ベルギー,46171861,336671746,26825325,184004485
202006,'209,ルクセンブルク,3527333,20096635,686301,4700295
202006,'210,フランス,43241828,299414978,70841602,469290195
202006,'211,モナコ,19743,72787,21985,105851
202006,'212,アンドラ,2039,4498,1177,2921
202006,'213,ドイツ,130593667,903361983,175654681,1161612402
202006,'215,スイス,36589084,185303080,62059319,396853431
202006,'217,ポルトガル,5839449,34922293,2855176,18035828
202006,'218,スペイン,13623116,123019703,30287648,176091146
202006,'219,ジブラルタル（英）,1749065,7030202,-,473
202006,'220,イタリア,27151423,197295596,94539847,532270374
202006,'221,マルタ,576999,6246083,726536,15540792
202006,'222,フィンランド,3514995,21785715,15075207,92194359
202006,'223,ポーランド,19358976,130440991,7345194,51114123
202006,'224,ロシア,41932491,305725186,73048770,588531261
202006,'225,オーストリア,8378615,55910402,18685691,107265256
202006,'227,ハンガリー,10028004,81776413,7308133,59094229
202006,'228,セルビア,123426,1226620,7388056,26238339
202006,'229,アルバニア,17254,70383,190415,962291
202006,'230,ギリシャ,4523271,17646583,6688048,34298723
202006,'231,ルーマニア,2931423,18834432,9798327,48190664
202006,'232,ブルガリア,1463451,7562682,1849003,7147560
202006,'233,キプロス,694297,8678466,10718,50512
202006,'234,トルコ,12158897,118832368,6728877,40898581
202006,'235,エストニア,1154046,7842096,866684,5629983
202006,'236,ラトビア,386734,2420866,643281,4327679
202006,'237,リトアニア,504002,2693990,2210688,15826856
202006,'238,ウクライナ,4789792,23765593,5564805,29983316
202006,'239,ベラルーシ,196923,1351386,227542,1780730
202006,'240,モルドバ,54205,274727,258089,824305
202006,'241,クロアチア,205512,2246993,2004954,6743562
202006,'242,スロベニア,915861,8022488,669918,7633041
202006,'243,ボスニア・ヘルツェゴビナ,13289,99312,98183,405597
202006,'244,北マケドニア,222648,1899629,92151,629095
202006,'245,チェコ,9419707,73301395,9313190,64937316
202006,'246,スロバキア,1351613,9244480,1285370,12490973
202006,'247,モンテネグロ,8521,177208,7104,35190
202006,'248,コソボ,-,26278,-,9235
202006,'249,フェロー諸島（デンマーク）,-,0,124817,759128
202006,'250,バチカン,10500,14452,-,274
202006,'301,グリーンランド（デンマーク）,-,2542,504165,3739755
202006,'302,カナダ,40709175,349018366,119349396,602627007
202006,'304,アメリカ合衆国,724711274,5695948620,604031599,3949364530
202006,'305,メキシコ,40643745,410390406,41010212,300763201
202006,'306,グアテマラ,1388824,13512789,3123081,10979846
202006,'307,ホンジュラス,585878,3781925,434991,3020392
202006,'308,ベリーズ,735260,1433526,9669,275084
202006,'309,エルサルバドル,602750,5869176,258782,1007763
202006,'310,ニカラグア,555287,2568238,353705,1504460
202006,'311,コスタリカ,1323730,11780709,3313815,23064071
202006,'312,パナマ,68878574,328908921,20455364,25002548
202006,'314,バーミュダ（英）,22388,344424,-,715
202006,'315,バハマ,9365576,16637319,-,501176
202006,'316,ジャマイカ,1216852,8756780,68720,565231
202006,'317,タークス及びカイコス諸島（英）,9914,145998,-,0
202006,'319,バルバドス,3277923,10534633,430,4367
202006,'320,トリニダード・トバゴ,1216275,6762480,66734,2067546
202006,'321,キューバ,163029,716881,226401,771057
202006,'322,ハイチ,277467,814559,37937,218727
202006,'323,ドミニカ共和国,1134827,11149869,675077,7021371
202006,'324,プエルトリコ（米）,1301687,21170192,19839516,127319073
202006,'325,米領バージン諸島,280,30989,-,433
202006,'326,蘭領アンティール,85183,841868,1167,3908
202006,'327,仏領西インド諸島,53733,653317,310,4416
202006,'328,ケイマン諸島（英）,70860,549892,-,4723
202006,'329,グレナダ,51866,308739,-,0
202006,'330,セントルシア,41889,437804,-,658
202006,'331,アンティグア・バーブーダ,70994,487058,-,865
202006,'332,英領バージン諸島,20476,390612,840,840
202006,'333,ドミニカ,25794,182003,1676,24931
202006,'334,モントセラト（英）,1503,12531,-,0
202006,'335,セントクリストファー・ネービス,34776,239735,-,0
202006,'336,セントビンセント,54685,238204,86072,104526
202006,'337,英領アンギラ,20643,107751,-,0
202006,'338,サン・バルテルミー島（仏）,15474,85412,-,0
202006,'401,コロンビア,2846983,48192849,2802408,22462095
202006,'402,ベネズエラ,232144,1024829,538933,2807168
202006,'403,ガイアナ,353690,2911031,29521,99627
202006,'404,スリナム,389260,2458804,10346,129384
202006,'405,仏領ギアナ,8188,172472,-,0
202006,'406,エクアドル,1274866,16370789,5428504,42879420
202006,'407,ペルー,2365617,30183295,14223092,104648916
202006,'408,ボリビア,455299,4551544,1149481,8970808
202006,'409,チリ,7553342,57938669,61028970,397071184
202006,'410,ブラジル,16091131,160750562,47730339,402609240
202006,'411,パラグアイ,505517,4009258,39293,1672171
202006,'412,ウルグアイ,300091,2186624,206042,2155558
202006,'413,アルゼンチン,3988048,23621168,3694920,26332691
202006,'414,フォークランド諸島及びその附属諸島（英）,-,1025,16479,114969
202006,'415,英領南極地域,-,0,-,392
202006,'501,モロッコ,1055814,10316154,1831454,15819162
202006,'502,セウタ及びメリリア（西）,-,9437,204,4534
202006,'503,アルジェリア,2256162,14237356,957493,16522916
202006,'504,チュニジア,502211,4219896,2113018,6112191
202006,'505,リビア,112797,911408,-,2719458
202006,'506,エジプト,8323256,56336967,1162358,20187603
202006,'507,スーダン,377366,2251753,25093,363888
202006,'508,西サハラ,-,0,-,137592
202006,'509,モーリタニア,162251,1064868,548476,9869129
202006,'510,セネガル,239757,2442673,258526,1118661
202006,'511,ガンビア,30608,264465,-,5832
202006,'512,ギニア・ビサウ,2833,21068,-,0
202006,'513,ギニア,66656,449556,-,26654
202006,'514,シエラレオネ,575,393188,-,1511265
202006,'515,リベリア,32769673,119900892,-,13076
202006,'516,コートジボワール,976312,2829928,76770,512862
202006,'517,ガーナ,1638828,7896706,2492248,10199760
202006,'518,トーゴ,151860,1065526,45627,138291
202006,'519,ベナン,97353,271243,-,1899
202006,'520,マリ,99568,1172406,94862,409877
202006,'521,ブルキナファソ,77235,585927,954156,2215197
202006,'522,カーボベルデ,5796,170348,-,0
202006,'523,カナリー諸島（西）,165795,1385750,-,7947
202006,'524,ナイジェリア,1883418,15719039,6286586,40920853
202006,'525,ニジェール,48013,134322,4845,38719
202006,'526,ルワンダ,70237,473973,26832,158240
202006,'527,カメルーン,242688,1617929,43634,346272
202006,'528,チャド,16542,92865,-,1545
202006,'529,中央アフリカ,5811,42808,-,7535
202006,'530,赤道ギニア,1717,27903,-,0
202006,'531,ガボン,252484,1399666,353387,1715888
202006,'532,コンゴ共和国,10491,92364,15250,48894
202006,'533,コンゴ民主共和国,584476,3344826,397307,825690
202006,'534,ブルンジ,35240,859405,-,77482
202006,'535,アンゴラ,231523,1640646,14404,116101
202006,'536,サントメ・プリンシペ,-,1366,255,2978
202006,'537,セントヘレナ及びその附属諸島（英）,3589,3832,27065,237685
202006,'538,エチオピア,736792,3624997,1037358,5032395
202006,'539,ジブチ,1178440,3295835,204,88828
202006,'540,ソマリア,39188,326070,270507,871223
202006,'541,ケニア,5338659,34810739,1375183,3874543
202006,'542,ウガンダ,810022,8076542,35247,471145
202006,'543,タンザニア,1553053,12260479,548318,4236692
202006,'544,セーシェル,28658,409592,920892,4934632
202006,'545,モザンビーク,776049,10565268,79465,4374492
202006,'546,マダガスカル,112904,444124,1365897,9349830
202006,'547,モーリシャス,804208,5011753,27369,257934
202006,'548,レユニオン（仏）,135808,585783,69552,104660
202006,'549,ジンバブエ,248899,766298,181363,1536036
202006,'550,ナミビア,72728,935834,31011,748948
202006,'551,南アフリカ共和国,8098798,85764896,50398056,280583478
202006,'552,レソト,124997,554118,1917,9994
202006,'553,マラウイ,95337,946564,42290,271706
202006,'554,ザンビア,228907,1856170,42191,973636
202006,'555,ボツワナ,143862,792034,27900,476718
202006,'556,エスワティニ,92309,815075,3625,46042
202006,'558,コモロ,412,46001,2843,12829
202006,'559,エリトリア,36117,75875,3183,3844
202006,'560,南スーダン,50892,862203,-,272
202006,'601,オーストラリア,80717764,590696440,274254262,2046751790
202006,'602,パプアニューギニア,897206,8034335,28358611,123524373
202006,'605,その他のオーストラリア領,6955,22610,-,1535
202006,'606,ニュージーランド,13095853,86860506,26292190,145924882
202006,'607,クック,14726,129841,31469,512530
202006,'608,トケラウ諸島（ニュージーランド）,224,224,-,465
202006,'609,ニウエ,70000,94103,-,0
202006,'610,サモア,64692,638149,-,38540
202006,'611,バヌアツ,46790,636250,321274,2867811
202006,'612,フィジー,189571,2256118,517445,1937687
202006,'613,ソロモン,83187,894457,2664,47454
202006,'614,トンガ,40104,132478,439,33303
202006,'615,キリバス,177757,444022,69330,253580
202006,'617,ナウル,6314,21039,-,31703
202006,'618,ニューカレドニア（仏）,330672,2289121,2321882,13187617
202006,'619,仏領ポリネシア,130882,1087918,65556,806785
202006,'620,グアム（米）,1010872,8055174,17655,126448
202006,'621,米領サモア,236992,317415,-,712
202006,'622,米領オセアニア,-,0,34239,58987
202006,'624,ツバル,583006,975121,3385,36009
202006,'625,マーシャル,27670319,86915134,26789,654350
202006,'626,ミクロネシア,247963,872004,1822,304670
202006,'627,北マリアナ諸島（米）,46152,1042192,310,1201
202006,'628,パラオ,152596,644582,49800,379387
202006,'702,不明,-,0,1154,111219
202007,'103,大韓民国,374269001,2699721767,217995159,1677918051
202007,'105,中華人民共和国,1329122561,8105123736,1457964494,9951324314
202007,'106,台湾,384601510,2719131870,235832223,1687661673
202007,'107,モンゴル,2520020,19566553,156671,902402
202007,'108,香港,285011526,1917542540,6756888,48702770
202007,'110,ベトナム,148119167,995301502,190968914,1346836137
202007,'111,タイ,174311804,1494990265,191401671,1465130266
202007,'112,シンガポール,146951657,1116320071,88481612,576974199
202007,'113,マレーシア,99797536,733115209,140446897,1016819831
202007,'116,ブルネイ,1928146,7856098,6696617,124829526
202007,'117,フィリピン,75377027,518210263,90016787,549401410
202007,'118,インドネシア,54857687,608628687,133403812,988800933
202007,'120,カンボジア,4516823,28207462,13104949,99298778
202007,'121,ラオス,1426031,9084067,1217311,8586861
202007,'122,ミャンマー,3676568,36506969,10847190,81474683
202007,'123,インド,65302080,498968271,42661956,305640033
202007,'124,パキスタン,7249227,61402953,2411162,13924067
202007,'125,スリランカ,2073202,26901890,2782691,15400761
202007,'126,モルディブ,91723,1056590,1595,206252
202007,'127,バングラデシュ,8646314,90735481,11888429,82211197
202007,'128,東ティモール,29136,331445,-,1052093
202007,'129,マカオ,5933247,17937004,107520,901283
202007,'130,アフガニスタン,185292,2346928,1246,13231
202007,'131,ネパール,311210,3384465,73477,343772
202007,'132,ブータン,34529,281003,2585,4512
202007,'133,イラン,811186,4769584,312486,2344287
202007,'134,イラク,3144883,26028701,39025,13255919
202007,'135,バーレーン,3387026,34277373,3525393,31968398
202007,'137,サウジアラビア,22218421,260967765,117976941,1168192964
202007,'138,クウェート,7792785,85026988,24294599,322197756
202007,'140,カタール,11013495,61568091,57493600,639350434
202007,'141,オマーン,6262373,84656288,9929970,105574390
202007,'143,イスラエル,9807982,88299061,9778603,79539213
202007,'144,ヨルダン,7383673,31614502,109233,1946299
202007,'145,シリア,36254,730956,13144,31273
202007,'146,レバノン,216244,6518743,171560,1175985
202007,'147,アラブ首長国連邦,34499652,346504341,100374161,1113084020
202007,'149,イエメン,679828,12508237,122846,392677
202007,'150,アゼルバイジャン,209403,3700472,23863,174492
202007,'151,アルメニア,108024,502385,173174,838470
202007,'152,ウズベキスタン,1227890,10703567,362994,590300
202007,'153,カザフスタン,2809165,25941863,5039501,69008994
202007,'154,キルギス,124024,941297,455,20468
202007,'155,タジキスタン,20159,114952,49725,121470
202007,'156,トルクメニスタン,36223,12137607,3943,4981
202007,'157,ジョージア,438416,9005525,247732,1188774
202007,'158,ヨルダン川西岸及びガザ,552,200327,-,42363
202007,'201,アイスランド,292234,3458868,908101,6375501
202007,'202,ノルウェー,6795811,61707639,12410385,90275930
202007,'203,スウェーデン,9164806,71457059,27395403,186926874
202007,'204,デンマーク,3105830,28781668,24962274,152361320
202007,'205,英国,74705376,656709673,50130304,393111290
202007,'206,アイルランド,6014099,54446905,45087730,424370381
202007,'207,オランダ,73554316,632131910,22498569,165390937
202007,'208,ベルギー,49071299,385743045,33040974,217045459
202007,'209,ルクセンブルク,2632529,22729164,683158,5383453
202007,'210,フランス,44746182,344161160,78074834,547365029
202007,'211,モナコ,5205,77992,20998,126849
202007,'212,アンドラ,-,4498,252,3173
202007,'213,ドイツ,135276575,1038638558,194674678,1356287080
202007,'215,スイス,47551880,232854960,62965514,459818945
202007,'217,ポルトガル,2003535,36925828,4521959,22557787
202007,'218,スペイン,12931062,135950765,24933172,201024318
202007,'219,ジブラルタル（英）,1500563,8530765,-,473
202007,'220,イタリア,31006088,228301684,107842523,640112897
202007,'221,マルタ,536387,6782470,156759,15697551
202007,'222,フィンランド,2652459,24438174,15657201,107851560
202007,'223,ポーランド,25986816,156427807,6538236,57652359
202007,'224,ロシア,42066003,347791189,80373351,668904612
202007,'225,オーストリア,8217628,64128030,18133173,125398429
202007,'227,ハンガリー,9567490,91343903,8588061,67682290
202007,'228,セルビア,256791,1483411,9480744,35719083
202007,'229,アルバニア,36239,106622,196607,1158898
202007,'230,ギリシャ,1480107,19126690,11905716,46204439
202007,'231,ルーマニア,3295919,22130351,10097331,58287995
202007,'232,ブルガリア,1222284,8784966,1248596,8396156
202007,'233,キプロス,705050,9383516,2001,52513
202007,'234,トルコ,23159579,141991947,5486434,46385015
202007,'235,エストニア,794616,8636712,1139534,6769517
202007,'236,ラトビア,246128,2666994,552210,4879889
202007,'237,リトアニア,577931,3271921,2612725,18439581
202007,'238,ウクライナ,4803799,28569392,4738024,34721340
202007,'239,ベラルーシ,316048,1667434,98113,1878843
202007,'240,モルドバ,28983,303710,419759,1244064
202007,'241,クロアチア,315879,2562872,1636653,8380215
202007,'242,スロベニア,1811071,9833559,1790985,9424026
202007,'243,ボスニア・ヘルツェゴビナ,29646,128958,159521,565118
202007,'244,北マケドニア,262207,2161836,79740,708835
202007,'245,チェコ,9929271,83230666,8028810,72966126
202007,'246,スロバキア,1278366,10522846,4286752,16777725
202007,'247,モンテネグロ,9734,186942,9700,44890
202007,'248,コソボ,-,26278,4702,13937
202007,'249,フェロー諸島（デンマーク）,-,0,176842,935970
202007,'250,バチカン,-,14452,-,274
202007,'301,グリーンランド（デンマーク）,858,3400,644625,4384380
202007,'302,カナダ,49955435,398973801,85276591,687903598
202007,'304,アメリカ合衆国,1091346255,6787294875,583998540,4533363070
202007,'305,メキシコ,53674421,464064827,43077343,343840544
202007,'306,グアテマラ,809260,14322049,2017939,12997785
202007,'307,ホンジュラス,187509,3969434,695429,3715821
202007,'308,ベリーズ,356794,1790320,23996,299080
202007,'309,エルサルバドル,526000,6395176,213771,1221534
202007,'310,ニカラグア,250484,2818722,277055,1781515
202007,'311,コスタリカ,1174885,12955594,3853709,26917780
202007,'312,パナマ,30065565,358974486,153163,25155711
202007,'314,バーミュダ（英）,73804,418228,-,715
202007,'315,バハマ,441776,17079095,1306,502482
202007,'316,ジャマイカ,1277199,10033979,228844,794075
202007,'317,タークス及びカイコス諸島（英）,20080,166078,-,0
202007,'319,バルバドス,201563,10736196,2269,6636
202007,'320,トリニダード・トバゴ,1058618,7821098,553512,2621058
202007,'321,キューバ,69717,786598,126413,897470
202007,'322,ハイチ,90254,904813,26554,245281
202007,'323,ドミニカ共和国,484204,11634073,1056545,8077916
202007,'324,プエルトリコ（米）,1453313,22623505,21942184,149261257
202007,'325,米領バージン諸島,-,30989,1064,1497
202007,'326,蘭領アンティール,46972,888840,-,3908
202007,'327,仏領西インド諸島,99030,752347,901,5317
202007,'328,ケイマン諸島（英）,102393,652285,2700000,2704723
202007,'329,グレナダ,27845,336584,-,0
202007,'330,セントルシア,22715,460519,-,658
202007,'331,アンティグア・バーブーダ,32241,519299,1899,2764
202007,'332,英領バージン諸島,4569,395181,-,840
202007,'333,ドミニカ,13593,195596,873,25804
202007,'334,モントセラト（英）,214,12745,-,0
202007,'335,セントクリストファー・ネービス,21893,261628,282,282
202007,'336,セントビンセント,20798,259002,2712,107238
202007,'337,英領アンギラ,14297,122048,-,0
202007,'338,サン・バルテルミー島（仏）,-,85412,-,0
202007,'401,コロンビア,2228154,50421003,5242448,27704543
202007,'402,ベネズエラ,124715,1149544,103414,2910582
202007,'403,ガイアナ,425080,3336111,346122,445749
202007,'404,スリナム,226400,2685204,60406,189790
202007,'405,仏領ギアナ,10399,182871,-,0
202007,'406,エクアドル,1034799,17405588,6218482,49097902
202007,'407,ペルー,1921984,32105279,13789675,118438591
202007,'408,ボリビア,323862,4875406,4501391,13472199
202007,'409,チリ,6034252,63972921,67081575,464152759
202007,'410,ブラジル,17203799,177954361,46489870,449099110
202007,'411,パラグアイ,608106,4617364,94224,1766395
202007,'412,ウルグアイ,226559,2413183,367910,2523468
202007,'413,アルゼンチン,5420401,29041569,3571752,29904443
202007,'414,フォークランド諸島及びその附属諸島（英）,-,1025,9445,124414
202007,'415,英領南極地域,-,0,-,392
202007,'501,モロッコ,1116731,11432885,2267794,18086956
202007,'502,セウタ及びメリリア（西）,-,9437,1328,5862
202007,'503,アルジェリア,2813527,17050883,3990480,20513396
202007,'504,チュニジア,432226,4652122,651657,6763848
202007,'505,リビア,17470,928878,-,2719458
202007,'506,エジプト,7612352,63949319,1713080,21900683
202007,'507,スーダン,371383,2623136,62997,426885
202007,'508,西サハラ,-,0,-,137592
202007,'509,モーリタニア,129293,1194161,1809817,11678946
202007,'510,セネガル,180532,2623205,216473,1335134
202007,'511,ガンビア,15358,279823,-,5832
202007,'512,ギニア・ビサウ,5230,26298,-,0
202007,'513,ギニア,171853,621409,14638,41292
202007,'514,シエラレオネ,70398,463586,-,1511265
202007,'515,リベリア,359288,120260180,-,13076
202007,'516,コートジボワール,394500,3224428,45993,558855
202007,'517,ガーナ,1068095,8964801,1511462,11711222
202007,'518,トーゴ,49504,1115030,98657,236948
202007,'519,ベナン,335553,606796,-,1899
202007,'520,マリ,159330,1331736,-,409877
202007,'521,ブルキナファソ,219782,805709,549357,2764554
202007,'522,カーボベルデ,2940,173288,-,0
202007,'523,カナリー諸島（西）,69059,1454809,-,7947
202007,'524,ナイジェリア,2713620,18432659,6600558,47521411
202007,'525,ニジェール,752,135074,7982,46701
202007,'526,ルワンダ,35569,509542,-,158240
202007,'527,カメルーン,272849,1890778,60232,406504
202007,'528,チャド,47086,139951,6031,7576
202007,'529,中央アフリカ,62383,105191,-,7535
202007,'530,赤道ギニア,-,27903,4756,4756
202007,'531,ガボン,119136,1518802,307056,2022944
202007,'532,コンゴ共和国,8719,101083,2781,51675
202007,'533,コンゴ民主共和国,478095,3822921,3794,829484
202007,'534,ブルンジ,65943,925348,1179,78661
202007,'535,アンゴラ,325756,1966402,4147,120248
202007,'536,サントメ・プリンシペ,267,1633,-,2978
202007,'537,セントヘレナ及びその附属諸島（英）,240,4072,34078,271763
202007,'538,エチオピア,1342482,4967479,1586073,6618468
202007,'539,ジブチ,1531662,4827497,-,88828
202007,'540,ソマリア,32973,359043,177624,1048847
202007,'541,ケニア,5603712,40414451,1526770,5401313
202007,'542,ウガンダ,1637272,9713814,116201,587346
202007,'543,タンザニア,2139147,14399626,523663,4760355
202007,'544,セーシェル,15845,425437,1033534,5968166
202007,'545,モザンビーク,850124,11415392,523069,4897561
202007,'546,マダガスカル,33900,478024,532204,9882034
202007,'547,モーリシャス,708032,5719785,86917,344851
202007,'548,レユニオン（仏）,44593,630376,1948,106608
202007,'549,ジンバブエ,153100,919398,201238,1737274
202007,'550,ナミビア,95265,1031099,108529,857477
202007,'551,南アフリカ共和国,11657352,97422248,43944503,324527981
202007,'552,レソト,54860,608978,5157,15151
202007,'553,マラウイ,207738,1154302,109486,381192
202007,'554,ザンビア,346248,2202418,189174,1162810
202007,'555,ボツワナ,258981,1051015,331536,808254
202007,'556,エスワティニ,182302,997377,20330,66372
202007,'558,コモロ,8754,54755,-,12829
202007,'559,エリトリア,-,75875,-,3844
202007,'560,南スーダン,89904,952107,-,272
202007,'601,オーストラリア,103340856,694037296,327668176,2374419966
202007,'602,パプアニューギニア,1324187,9358522,21994097,145518470
202007,'605,その他のオーストラリア領,7770,30380,-,1535
202007,'606,ニュージーランド,13149840,100010346,23296728,169221610
202007,'607,クック,50093,179934,261702,774232
202007,'608,トケラウ諸島（ニュージーランド）,-,224,-,465
202007,'609,ニウエ,122303,216406,2068,2068
202007,'610,サモア,64562,702711,-,38540
202007,'611,バヌアツ,14981,651231,175387,3043198
202007,'612,フィジー,356200,2612318,144645,2082332
202007,'613,ソロモン,75196,969653,-,47454
202007,'614,トンガ,50326,182804,-,33303
202007,'615,キリバス,69320,513342,31857,285437
202007,'617,ナウル,15844,36883,24645,56348
202007,'618,ニューカレドニア（仏）,190298,2479419,2242538,15430155
202007,'619,仏領ポリネシア,212631,1300549,32416,839201
202007,'620,グアム（米）,300624,8355798,49836,176284
202007,'621,米領サモア,93198,410613,-,712
202007,'622,米領オセアニア,-,0,-,58987
202007,'624,ツバル,298200,1273321,-,36009
202007,'625,マーシャル,2893626,89808760,2238,656588
202007,'626,ミクロネシア,288528,1160532,16646,321316
202007,'627,北マリアナ諸島（米）,93607,1135799,-,1201
202007,'628,パラオ,59574,704156,63809,443196
202007,'702,不明,-,0,572,111791
202008,'103,大韓民国,363963874,3063685641,197167997,1875086048
202008,'105,中華人民共和国,1261689509,9366813245,1322011855,11273336169
202008,'106,台湾,365833712,3084965582,209261841,1896923514
202008,'107,モンゴル,2591691,22158244,184305,1086707
202008,'108,香港,271781431,2189323971,5705669,54408439
202008,'110,ベトナム,147401981,1142703483,187013055,1533849192
202008,'111,タイ,190450810,1685441075,183651801,1648782067
202008,'112,シンガポール,119643305,1235963376,64131291,641105490
202008,'113,マレーシア,110765210,843880419,123132775,1139952606
202008,'116,ブルネイ,646316,8502414,7819883,132649409
202008,'117,フィリピン,76432542,594642805,82031592,631433002
202008,'118,インドネシア,54680287,663308974,121934053,1110734986
202008,'120,カンボジア,4267665,32475127,14066389,113365167
202008,'121,ラオス,963025,10047092,1046977,9633838
202008,'122,ミャンマー,6366499,42873468,13555621,95030304
202008,'123,インド,76373631,575341902,37044268,342684301
202008,'124,パキスタン,7973551,69376504,1657439,15581506
202008,'125,スリランカ,2099525,29001415,2031187,17431948
202008,'126,モルディブ,35142,1091732,27970,234222
202008,'127,バングラデシュ,10818444,101553925,12238380,94449577
202008,'128,東ティモール,72961,404406,1060,1053153
202008,'129,マカオ,3493702,21430706,93660,994943
202008,'130,アフガニスタン,353208,2700136,1458,14689
202008,'131,ネパール,288411,3672876,86351,430123
202008,'132,ブータン,15665,296668,6792,11304
202008,'133,イラン,436624,5206208,259497,2603784
202008,'134,イラク,2166125,28194826,5340709,18596628
202008,'135,バーレーン,3623672,37901045,5343788,37312186
202008,'137,サウジアラビア,30301220,291268985,149771701,1317964665
202008,'138,クウェート,6437654,91464642,19871356,342069112
202008,'140,カタール,5862969,67431060,61075922,700426356
202008,'141,オマーン,5209463,89865751,6496676,112071066
202008,'143,イスラエル,11682931,99981992,9214100,88753313
202008,'144,ヨルダン,3329551,34944053,734064,2680363
202008,'145,シリア,132641,863597,981,32254
202008,'146,レバノン,541014,7059757,319949,1495934
202008,'147,アラブ首長国連邦,33088456,379592797,118606766,1231690786
202008,'149,イエメン,1131273,13639510,44127,436804
202008,'150,アゼルバイジャン,408679,4109151,-,174492
202008,'151,アルメニア,47082,549467,141594,980064
202008,'152,ウズベキスタン,1617251,12320818,64549,654849
202008,'153,カザフスタン,1065849,27007712,741067,69750061
202008,'154,キルギス,154442,1095739,1923,22391
202008,'155,タジキスタン,24346,139298,-,121470
202008,'156,トルクメニスタン,24175,12161782,1058,6039
202008,'157,ジョージア,574450,9579975,297070,1485844
202008,'158,ヨルダン川西岸及びガザ,34602,234929,1642,44005
202008,'201,アイスランド,386473,3845341,772862,7148363
202008,'202,ノルウェー,9378990,71086629,12897861,103173791
202008,'203,スウェーデン,10295978,81753037,29454179,216381053
202008,'204,デンマーク,3406493,32188161,16121547,168482867
202008,'205,英国,86681609,743391282,52501658,445612948
202008,'206,アイルランド,6200924,60647829,42915180,467285561
202008,'207,オランダ,85655319,717787229,19924487,185315424
202008,'208,ベルギー,56618650,442361695,17173053,234218512
202008,'209,ルクセンブルク,3757417,26486581,957673,6341126
202008,'210,フランス,43267779,387428939,68063798,615428827
202008,'211,モナコ,9024,87016,16585,143434
202008,'212,アンドラ,-,4498,-,3173
202008,'213,ドイツ,145576842,1184215400,158989407,1515276487
202008,'215,スイス,65666060,298521020,58955547,518774492
202008,'217,ポルトガル,2226095,39151923,3567826,26125613
202008,'218,スペイン,13722230,149672995,28253653,229277971
202008,'219,ジブラルタル（英）,800147,9330912,308,781
202008,'220,イタリア,28051771,256353455,93560248,733673145
202008,'221,マルタ,623026,7405496,94804,15792355
202008,'222,フィンランド,2804447,27242621,12485080,120336640
202008,'223,ポーランド,25762378,182190185,6259181,63911540
202008,'224,ロシア,47744382,395535571,89767830,758672442
202008,'225,オーストリア,10361624,74489654,16029023,141427452
202008,'227,ハンガリー,14087765,105431668,7671658,75353948
202008,'228,セルビア,198753,1682164,5187438,40906521
202008,'229,アルバニア,7705,114327,125749,1284647
202008,'230,ギリシャ,1180215,20306905,6722093,52926532
202008,'231,ルーマニア,3864786,25995137,14041132,72329127
202008,'232,ブルガリア,1232991,10017957,1533916,9930072
202008,'233,キプロス,873806,10257322,4117,56630
202008,'234,トルコ,23180047,165171994,4981072,51366087
202008,'235,エストニア,724316,9361028,1309207,8078724
202008,'236,ラトビア,230958,2897952,805065,5684954
202008,'237,リトアニア,504571,3776492,2665486,21105067
202008,'238,ウクライナ,5868355,34437747,4358597,39079937
202008,'239,ベラルーシ,264652,1932086,229570,2108413
202008,'240,モルドバ,17368,321078,313585,1557649
202008,'241,クロアチア,258287,2821159,206243,8586458
202008,'242,スロベニア,1532520,11366079,848844,10272870
202008,'243,ボスニア・ヘルツェゴビナ,9602,138560,162733,727851
202008,'244,北マケドニア,160773,2322609,98367,807202
202008,'245,チェコ,12206258,95436924,7585879,80552005
202008,'246,スロバキア,1280229,11803075,3075232,19852957
202008,'247,モンテネグロ,34336,221278,7077,51967
202008,'248,コソボ,127780,154058,1566,15503
202008,'249,フェロー諸島（デンマーク）,-,0,138499,1074469
202008,'250,バチカン,-,14452,332,606
202008,'301,グリーンランド（デンマーク）,-,3400,536282,4920662
202008,'302,カナダ,61449551,460423352,98812512,786716110
202008,'304,アメリカ合衆国,936925744,7724220619,568228342,5101591412
202008,'305,メキシコ,64160447,528225274,40013442,383853986
202008,'306,グアテマラ,1507328,15829377,1996665,14994450
202008,'307,ホンジュラス,777862,4747296,510433,4226254
202008,'308,ベリーズ,211690,2002010,36806,335886
202008,'309,エルサルバドル,565534,6960710,179686,1401220
202008,'310,ニカラグア,435029,3253751,238938,2020453
202008,'311,コスタリカ,1125656,14081250,3409549,30327329
202008,'312,パナマ,22710185,381684671,253010,25408721
202008,'314,バーミュダ（英）,115538,533766,-,715
202008,'315,バハマ,262340,17341435,-,502482
202008,'316,ジャマイカ,1211901,11245880,105866,899941
202008,'317,タークス及びカイコス諸島（英）,10079,176157,-,0
202008,'319,バルバドス,199626,10935822,-,6636
202008,'320,トリニダード・トバゴ,913833,8734931,14274,2635332
202008,'321,キューバ,59546,846144,122728,1020198
202008,'322,ハイチ,143286,1048099,11336,256617
202008,'323,ドミニカ共和国,717903,12351976,1057462,9135378
202008,'324,プエルトリコ（米）,3505749,26129254,16007317,165268574
202008,'325,米領バージン諸島,-,30989,-,1497
202008,'326,蘭領アンティール,62369,951209,1355,5263
202008,'327,仏領西インド諸島,86313,838660,2286,7603
202008,'328,ケイマン諸島（英）,93979,746264,-,2704723
202008,'329,グレナダ,13139,349723,-,0
202008,'330,セントルシア,56154,516673,-,658
202008,'331,アンティグア・バーブーダ,172167,691466,-,2764
202008,'332,英領バージン諸島,88187,483368,1113,1953
202008,'333,ドミニカ,22933,218529,-,25804
202008,'334,モントセラト（英）,6030,18775,-,0
202008,'335,セントクリストファー・ネービス,38473,300101,-,282
202008,'336,セントビンセント,44988,303990,-,107238
202008,'337,英領アンギラ,15247,137295,578,578
202008,'338,サン・バルテルミー島（仏）,29920,115332,-,0
202008,'401,コロンビア,3790770,54211773,5235206,32939749
202008,'402,ベネズエラ,182848,1332392,174417,3084999
202008,'403,ガイアナ,361471,3697582,19318,465067
202008,'404,スリナム,391790,3076994,28415,218205
202008,'405,仏領ギアナ,18620,201491,-,0
202008,'406,エクアドル,752277,18157865,9033030,58130932
202008,'407,ペルー,2149266,34254545,37413538,155852129
202008,'408,ボリビア,287577,5162983,2571415,16043614
202008,'409,チリ,4620576,68593497,59764389,523917148
202008,'410,ブラジル,21550689,199505050,63623700,512722810
202008,'411,パラグアイ,413602,5030966,353317,2119712
202008,'412,ウルグアイ,173532,2586715,274855,2798323
202008,'413,アルゼンチン,5115842,34157411,4666308,34570751
202008,'414,フォークランド諸島及びその附属諸島（英）,-,1025,-,124414
202008,'415,英領南極地域,-,0,-,392
202008,'501,モロッコ,1282291,12715176,3196104,21283060
202008,'502,セウタ及びメリリア（西）,-,9437,2587,8449
202008,'503,アルジェリア,1476365,18527248,1325545,21838941
202008,'504,チュニジア,314108,4966230,701389,7465237
202008,'505,リビア,287558,1216436,-,2719458
202008,'506,エジプト,6812041,70761360,3001400,24902083
202008,'507,スーダン,186461,2809597,83204,510089
202008,'508,西サハラ,-,0,-,137592
202008,'509,モーリタニア,109639,1303800,1322063,13001009
202008,'510,セネガル,559234,3182439,130308,1465442
202008,'511,ガンビア,8050,287873,343,6175
202008,'512,ギニア・ビサウ,2852,29150,-,0
202008,'513,ギニア,82289,703698,10083,51375
202008,'514,シエラレオネ,14274,477860,1067970,2579235
202008,'515,リベリア,10866579,131126759,-,13076
202008,'516,コートジボワール,460354,3684782,37701,596556
202008,'517,ガーナ,1444293,10409094,587986,12299208
202008,'518,トーゴ,222231,1337261,1999,238947
202008,'519,ベナン,24100,630896,-,1899
202008,'520,マリ,101557,1433293,4552,414429
202008,'521,ブルキナファソ,142208,947917,731492,3496046
202008,'522,カーボベルデ,2428,175716,-,0
202008,'523,カナリー諸島（西）,53512,1508321,-,7947
202008,'524,ナイジェリア,2155288,20587947,1452053,48973464
202008,'525,ニジェール,-,135074,1327,48028
202008,'526,ルワンダ,30525,540067,6134,164374
202008,'527,カメルーン,251189,2141967,47350,453854
202008,'528,チャド,10787,150738,-,7576
202008,'529,中央アフリカ,21598,126789,4687,12222
202008,'530,赤道ギニア,15063,42966,452,5208
202008,'531,ガボン,156601,1675403,196747,2219691
202008,'532,コンゴ共和国,4213,105296,13141,64816
202008,'533,コンゴ民主共和国,490292,4313213,59486,888970
202008,'534,ブルンジ,102480,1027828,1342,80003
202008,'535,アンゴラ,102983,2069385,12660,132908
202008,'536,サントメ・プリンシペ,2935,4568,-,2978
202008,'537,セントヘレナ及びその附属諸島（英）,-,4072,1152,272915
202008,'538,エチオピア,1222590,6190069,1091017,7709485
202008,'539,ジブチ,1122845,5950342,-,88828
202008,'540,ソマリア,24594,383637,94187,1143034
202008,'541,ケニア,7730317,48144768,335211,5736524
202008,'542,ウガンダ,2116325,11830139,140938,728284
202008,'543,タンザニア,2713757,17113383,245952,5006307
202008,'544,セーシェル,13610,439047,492113,6460279
202008,'545,モザンビーク,724654,12140046,23318,4920879
202008,'546,マダガスカル,131328,609352,1533921,11415955
202008,'547,モーリシャス,803268,6523053,49799,394650
202008,'548,レユニオン（仏）,50634,681010,-,106608
202008,'549,ジンバブエ,114392,1033790,154115,1891389
202008,'550,ナミビア,85441,1116540,149030,1006507
202008,'551,南アフリカ共和国,11797549,109219797,40640055,365168036
202008,'552,レソト,43327,652305,2475,17626
202008,'553,マラウイ,575270,1729572,84008,465200
202008,'554,ザンビア,353546,2555964,20270,1183080
202008,'555,ボツワナ,123748,1174763,2980,811234
202008,'556,エスワティニ,167530,1164907,17888,84260
202008,'558,コモロ,-,54755,569,13398
202008,'559,エリトリア,24581,100456,1240,5084
202008,'560,南スーダン,107517,1059624,-,272
202008,'601,オーストラリア,97664808,791702104,240552662,2614972628
202008,'602,パプアニューギニア,1225695,10584217,25378324,170896794
202008,'605,その他のオーストラリア領,360,30740,675,2210
202008,'606,ニュージーランド,13690292,113700638,19774489,188996099
202008,'607,クック,14858,194792,52335,826567
202008,'608,トケラウ諸島（ニュージーランド）,-,224,-,465
202008,'609,ニウエ,72009,288415,1316,3384
202008,'610,サモア,96122,798833,-,38540
202008,'611,バヌアツ,168393,819624,300892,3344090
202008,'612,フィジー,271978,2884296,115880,2198212
202008,'613,ソロモン,57061,1026714,-,47454
202008,'614,トンガ,425194,607998,-,33303
202008,'615,キリバス,129959,643301,11968,297405
202008,'617,ナウル,264207,301090,-,56348
202008,'618,ニューカレドニア（仏）,488013,2967432,1735251,17165406
202008,'619,仏領ポリネシア,156239,1456788,195128,1034329
202008,'620,グアム（米）,1282521,9638319,23679,199963
202008,'621,米領サモア,35042,445655,577,1289
202008,'622,米領オセアニア,-,0,2227,61214
202008,'624,ツバル,409815,1683136,-,36009
202008,'625,マーシャル,17096941,106905701,-,656588
202008,'626,ミクロネシア,169480,1330012,24574,345890
202008,'627,北マリアナ諸島（米）,90833,1226632,244,1445
202008,'628,パラオ,141217,845373,13276,456472
202008,'702,不明,-,0,573,112364
202009,'103,大韓民国,398486948,3462172589,230783131,2105869179
202009,'105,中華人民共和国,1341586955,10708400200,1431914339,12705250508
202009,'106,台湾,394001788,3478967370,241207379,2138130893
202009,'107,モンゴル,3105945,25264189,98831,1185538
202009,'108,香港,304856570,2494180541,5972095,60380534
202009,'110,ベトナム,158707760,1301411243,186193962,1720043154
202009,'111,タイ,223354700,1908795775,192715401,1841497468
202009,'112,シンガポール,145489678,1381453054,60115801,701221291
202009,'113,マレーシア,116370140,960250559,119712969,1259665575
202009,'116,ブルネイ,633153,9135567,12679040,145328449
202009,'117,フィリピン,83755722,678398527,90794205,722227207
202009,'118,インドネシア,74766907,738075881,130256798,1240991784
202009,'120,カンボジア,4073165,36548292,17253519,130618686
202009,'121,ラオス,1381254,11428346,971357,10605195
202009,'122,ミャンマー,5549353,48422821,15764984,110795288
202009,'123,インド,85863501,661205403,43504184,386188485
202009,'124,パキスタン,11645843,81022347,1846266,17427772
202009,'125,スリランカ,2804678,31806093,2441096,19873044
202009,'126,モルディブ,79842,1171574,337,234559
202009,'127,バングラデシュ,16636030,118189955,12354401,106803978
202009,'128,東ティモール,65291,469697,677934,1731087
202009,'129,マカオ,2735360,24166066,109307,1104250
202009,'130,アフガニスタン,303439,3003575,1114,15803
202009,'131,ネパール,269807,3942683,112377,542500
202009,'132,ブータン,27492,324160,21471,32775
202009,'133,イラン,683747,5889955,227233,2831017
202009,'134,イラク,1671418,29866244,733829,19330457
202009,'135,バーレーン,6145741,44046786,4117838,41430024
202009,'137,サウジアラビア,34840498,326109483,139922275,1457886940
202009,'138,クウェート,12501132,103965774,35543111,377612223
202009,'140,カタール,10116601,77547661,58950559,759376915
202009,'141,オマーン,7833797,97699548,15225159,127296225
202009,'143,イスラエル,10933977,110915969,11589400,100342713
202009,'144,ヨルダン,6497489,41441542,198615,2878978
202009,'145,シリア,33830,897427,-,32254
202009,'146,レバノン,1003544,8063301,274562,1770496
202009,'147,アラブ首長国連邦,42193938,421786735,136831660,1368522446
202009,'149,イエメン,1421895,15061405,28225,465029
202009,'150,アゼルバイジャン,479971,4589122,4463171,4637663
202009,'151,アルメニア,104277,653744,340753,1320817
202009,'152,ウズベキスタン,614018,12934836,72798,727647
202009,'153,カザフスタン,3601899,30609611,2027373,71777434
202009,'154,キルギス,139231,1234970,10318,32709
202009,'155,タジキスタン,77129,216427,25750,147220
202009,'156,トルクメニスタン,41569,12203351,1144,7183
202009,'157,ジョージア,769080,10349055,153172,1639016
202009,'158,ヨルダン川西岸及びガザ,19886,254815,257,44262
202009,'201,アイスランド,259801,4105142,552262,7700625
202009,'202,ノルウェー,11749448,82836077,10000533,113174324
202009,'203,スウェーデン,11421313,93174350,16509049,232890102
202009,'204,デンマーク,3826079,36014240,14907078,183389945
202009,'205,英国,101580649,844971931,64068176,509681124
202009,'206,アイルランド,7249793,67897622,62936106,530221667
202009,'207,オランダ,98691720,816478949,33442477,218757901
202009,'208,ベルギー,59495554,501857249,31466293,265684805
202009,'209,ルクセンブルク,3259835,29746416,628118,6969244
202009,'210,フランス,51005262,438434201,85911049,701339876
202009,'211,モナコ,3683,90699,14066,157500
202009,'212,アンドラ,681,5179,2787,5960
202009,'213,ドイツ,173094433,1357309833,187569402,1702845889
202009,'215,スイス,72385304,370906324,63801264,582575756
202009,'217,ポルトガル,2745268,41897191,8517402,34643015
202009,'218,スペイン,18979218,168652213,25516700,254794671
202009,'219,ジブラルタル（英）,956000,10286912,-,781
202009,'220,イタリア,33964319,290317774,109642136,843315281
202009,'221,マルタ,637958,8043454,120211,15912566
202009,'222,フィンランド,3142541,30385162,13192349,133528989
202009,'223,ポーランド,30377624,212567809,10259759,74171299
202009,'224,ロシア,60839006,456374577,78424507,837096949
202009,'225,オーストリア,10831055,85320709,17224031,158651483
202009,'227,ハンガリー,15687671,121119339,13141990,88495938
202009,'228,セルビア,134578,1816742,5624514,46531035
202009,'229,アルバニア,15552,129879,305629,1590276
202009,'230,ギリシャ,1852044,22158949,12409635,65336167
202009,'231,ルーマニア,5153206,31148343,12349460,84678587
202009,'232,ブルガリア,1584981,11602938,1277050,11207122
202009,'233,キプロス,1018275,11275597,22367,78997
202009,'234,トルコ,30854442,196026436,5454505,56820592
202009,'235,エストニア,1046847,10407875,1000757,9079481
202009,'236,ラトビア,247544,3145496,807218,6492172
202009,'237,リトアニア,473501,4249993,2340703,23445770
202009,'238,ウクライナ,6152186,40589933,2645759,41725696
202009,'239,ベラルーシ,2205893,4137979,258483,2366896
202009,'240,モルドバ,27996,349074,233679,1791328
202009,'241,クロアチア,244555,3065714,1079843,9666301
202009,'242,スロベニア,1353443,12719522,960292,11233162
202009,'243,ボスニア・ヘルツェゴビナ,8942,147502,264487,992338
202009,'244,北マケドニア,202087,2524696,205584,1012786
202009,'245,チェコ,15098192,110535116,11745348,92297353
202009,'246,スロバキア,1628266,13431341,3426360,23279317
202009,'247,モンテネグロ,32365,253643,7842,59809
202009,'248,コソボ,9855,163913,1581,17084
202009,'249,フェロー諸島（デンマーク）,-,0,117581,1192050
202009,'250,バチカン,880,15332,539,1145
202009,'301,グリーンランド（デンマーク）,-,3400,727661,5648323
202009,'302,カナダ,89387185,549810537,96299694,883015804
202009,'304,アメリカ合衆国,1194417614,8918638233,561125287,5662716699
202009,'305,メキシコ,82796911,611022185,46722079,430576065
202009,'306,グアテマラ,1558496,17387873,1191872,16186322
202009,'307,ホンジュラス,372415,5119711,491829,4718083
202009,'308,ベリーズ,75444,2077454,9246,345132
202009,'309,エルサルバドル,474096,7434806,208388,1609608
202009,'310,ニカラグア,293342,3547093,228514,2248967
202009,'311,コスタリカ,1821305,15902555,3256705,33584034
202009,'312,パナマ,14717041,396401712,2322891,27731612
202009,'314,バーミュダ（英）,104223,637989,-,715
202009,'315,バハマ,175841,17517276,-,502482
202009,'316,ジャマイカ,1497798,12743678,168091,1068032
202009,'317,タークス及びカイコス諸島（英）,10177,186334,-,0
202009,'319,バルバドス,183116,11118938,1060,7696
202009,'320,トリニダード・トバゴ,973941,9708872,135415,2770747
202009,'321,キューバ,231334,1077478,35560,1055758
202009,'322,ハイチ,217523,1265622,19690,276307
202009,'323,ドミニカ共和国,952029,13304005,1058843,10194221
202009,'324,プエルトリコ（米）,6640509,32769763,15360063,180628637
202009,'325,米領バージン諸島,-,30989,-,1497
202009,'326,蘭領アンティール,71184,1022393,-,5263
202009,'327,仏領西インド諸島,209474,1048134,1349,8952
202009,'328,ケイマン諸島（英）,153303,899567,-,2704723
202009,'329,グレナダ,40538,390261,-,0
202009,'330,セントルシア,55587,572260,-,658
202009,'331,アンティグア・バーブーダ,38578,730044,-,2764
202009,'332,英領バージン諸島,15755,499123,-,1953
202009,'333,ドミニカ,25921,244450,821,26625
202009,'334,モントセラト（英）,2546,21321,201,201
202009,'335,セントクリストファー・ネービス,179251,479352,-,282
202009,'336,セントビンセント,126623,430613,86021,193259
202009,'337,英領アンギラ,20383,157678,-,578
202009,'338,サン・バルテルミー島（仏）,27094,142426,-,0
202009,'401,コロンビア,5420766,59632539,4526645,37466394
202009,'402,ベネズエラ,237094,1569486,516621,3601620
202009,'403,ガイアナ,486943,4184525,3402,468469
202009,'404,スリナム,389812,3466806,28763,246968
202009,'405,仏領ギアナ,18922,220413,-,0
202009,'406,エクアドル,1185340,19343205,12699179,70830111
202009,'407,ペルー,2891630,37146175,14553145,170405274
202009,'408,ボリビア,359820,5522803,1985801,18029415
202009,'409,チリ,6736610,75330107,50688561,574605709
202009,'410,ブラジル,25773561,225278611,60804648,573527458
202009,'411,パラグアイ,445808,5476774,2079766,4199478
202009,'412,ウルグアイ,418060,3004775,366526,3164849
202009,'413,アルゼンチン,6086942,40244353,4525918,39096669
202009,'414,フォークランド諸島及びその附属諸島（英）,-,1025,9572,133986
202009,'415,英領南極地域,-,0,-,392
202009,'501,モロッコ,1491410,14206586,2020543,23303603
202009,'502,セウタ及びメリリア（西）,-,9437,-,8449
202009,'503,アルジェリア,1043174,19570422,1950456,23789397
202009,'504,チュニジア,867257,5833487,881150,8346387
202009,'505,リビア,129547,1345983,-,2719458
202009,'506,エジプト,8989213,79750573,692640,25594723
202009,'507,スーダン,277265,3086862,138792,648881
202009,'508,西サハラ,-,0,-,137592
202009,'509,モーリタニア,22082,1325882,644914,13645923
202009,'510,セネガル,593720,3776159,249445,1714887
202009,'511,ガンビア,17052,304925,10867,17042
202009,'512,ギニア・ビサウ,1610,30760,-,0
202009,'513,ギニア,100839,804537,1465,52840
202009,'514,シエラレオネ,230175,708035,1204,2580439
202009,'515,リベリア,33423908,164550667,-,13076
202009,'516,コートジボワール,497819,4182601,186128,782684
202009,'517,ガーナ,958742,11367836,630774,12929982
202009,'518,トーゴ,437878,1775139,121127,360074
202009,'519,ベナン,37305,668201,-,1899
202009,'520,マリ,82521,1515814,7816,422245
202009,'521,ブルキナファソ,138874,1086791,243965,3740011
202009,'522,カーボベルデ,102924,278640,-,0
202009,'523,カナリー諸島（西）,129504,1637825,-,7947
202009,'524,ナイジェリア,2189410,22777357,9847083,58820547
202009,'525,ニジェール,294932,430006,6715,54743
202009,'526,ルワンダ,127975,668042,84910,249284
202009,'527,カメルーン,172790,2314757,80901,534755
202009,'528,チャド,3083,153821,-,7576
202009,'529,中央アフリカ,931,127720,19924,32146
202009,'530,赤道ギニア,237675,280641,-,5208
202009,'531,ガボン,93208,1768611,129269,2348960
202009,'532,コンゴ共和国,2049,107345,10032,74848
202009,'533,コンゴ民主共和国,497009,4810222,3638,892608
202009,'534,ブルンジ,123789,1151617,-,80003
202009,'535,アンゴラ,262112,2331497,-,132908
202009,'536,サントメ・プリンシペ,762,5330,320,3298
202009,'537,セントヘレナ及びその附属諸島（英）,865,4937,38766,311681
202009,'538,エチオピア,1132478,7322547,1351340,9060825
202009,'539,ジブチ,1628383,7578725,-,88828
202009,'540,ソマリア,36009,419646,172022,1315056
202009,'541,ケニア,5074880,53219648,387591,6124115
202009,'542,ウガンダ,1436108,13266247,85638,813922
202009,'543,タンザニア,1942201,19055584,867935,5874242
202009,'544,セーシェル,4350,443397,1028918,7489197
202009,'545,モザンビーク,994535,13134581,61891,4982770
202009,'546,マダガスカル,119961,729313,262715,11678670
202009,'547,モーリシャス,711888,7234941,89025,483675
202009,'548,レユニオン（仏）,238995,920005,-,106608
202009,'549,ジンバブエ,195479,1229269,370670,2262059
202009,'550,ナミビア,177294,1293834,97935,1104442
202009,'551,南アフリカ共和国,16220655,125440452,69057700,434225736
202009,'552,レソト,53444,705749,1158,18784
202009,'553,マラウイ,162560,1892132,214033,679233
202009,'554,ザンビア,340717,2896681,46566,1229646
202009,'555,ボツワナ,148804,1323567,211488,1022722
202009,'556,エスワティニ,206382,1371289,28616,112876
202009,'558,コモロ,9786,64541,-,13398
202009,'559,エリトリア,4401,104857,-,5084
202009,'560,南スーダン,110053,1169677,-,272
202009,'601,オーストラリア,129015926,920718030,272172605,2887145233
202009,'602,パプアニューギニア,1260307,11844524,12415316,183312110
202009,'605,その他のオーストラリア領,5704,36444,-,2210
202009,'606,ニュージーランド,20126179,133826817,20217781,209213880
202009,'607,クック,8695,203487,296342,1122909
202009,'608,トケラウ諸島（ニュージーランド）,-,224,641,1106
202009,'609,ニウエ,293136,581551,-,3384
202009,'610,サモア,141143,939976,4354,42894
202009,'611,バヌアツ,31386,851010,152568,3496658
202009,'612,フィジー,272332,3156628,448600,2646812
202009,'613,ソロモン,95828,1122542,913,48367
202009,'614,トンガ,36819,644817,950,34253
202009,'615,キリバス,21758,665059,60955,358360
202009,'617,ナウル,2080,303170,14726,71074
202009,'618,ニューカレドニア（仏）,394882,3362314,1254963,18420369
202009,'619,仏領ポリネシア,196120,1652908,309262,1343591
202009,'620,グアム（米）,1668180,11306499,32894,232857
202009,'621,米領サモア,25682,471337,671,1960
202009,'622,米領オセアニア,47839,47839,-,61214
202009,'624,ツバル,571811,2254947,6450,42459
202009,'625,マーシャル,6519412,113425113,-,656588
202009,'626,ミクロネシア,130126,1460138,27686,373576
202009,'627,北マリアナ諸島（米）,213582,1440214,-,1445
202009,'628,パラオ,68266,913639,13435,469907
202009,'702,不明,-,0,831298,943662
202010,'103,大韓民国,416121956,3878294545,219857507,2325726686
202010,'105,中華人民共和国,1457747395,12166147595,1539391204,14244641712
202010,'106,台湾,422723646,3901691016,251772967,2389903860
202010,'107,モンゴル,4695135,29959324,159004,1344542
202010,'108,香港,303768695,2797949236,6207301,66587835
202010,'110,ベトナム,183541212,1484952455,213480284,1933523438
202010,'111,タイ,287341926,2196137701,234818748,2076316216
202010,'112,シンガポール,179339814,1560792868,79845773,781067064
202010,'113,マレーシア,123824479,1084075038,142731153,1402396728
202010,'116,ブルネイ,532685,9668252,13960783,159289232
202010,'117,フィリピン,91080053,769478580,97574486,819801693
202010,'118,インドネシア,77408998,815484879,131571942,1372563726
202010,'120,カンボジア,5373183,41921475,15639875,146258561
202010,'121,ラオス,1426538,12854884,1140855,11746050
202010,'122,ミャンマー,4355313,52778134,14043850,124839138
202010,'123,インド,98678166,759883569,46035820,432224305
202010,'124,パキスタン,11845145,92867492,2038595,19466367
202010,'125,スリランカ,3018686,34824779,2221130,22094174
202010,'126,モルディブ,150787,1322361,29268,263827
202010,'127,バングラデシュ,15123913,133313868,12080302,118884280
202010,'128,東ティモール,126385,596082,3753,1734840
202010,'129,マカオ,2699319,26865385,157238,1261488
202010,'130,アフガニスタン,407458,3411033,2537,18340
202010,'131,ネパール,244773,4187456,127398,669898
202010,'132,ブータン,8660,332820,23548,56323
202010,'133,イラン,1284629,7174584,255918,3086935
202010,'134,イラク,1948734,31814978,723,19331180
202010,'135,バーレーン,5808984,49855770,6379625,47809649
202010,'137,サウジアラビア,33803926,359913409,158053832,1615940772
202010,'138,クウェート,13813021,117778795,36980226,414592449
202010,'140,カタール,11011494,88559155,62639277,822016192
202010,'141,オマーン,12318078,110017626,10667086,137963311
202010,'143,イスラエル,15155951,126071920,9355911,109698624
202010,'144,ヨルダン,7884590,49326132,109211,2988189
202010,'145,シリア,26474,923901,8556,40810
202010,'146,レバノン,436278,8499579,277186,2047682
202010,'147,アラブ首長国連邦,53147772,474934507,133772329,1502294775
202010,'149,イエメン,1767036,16828441,24200,489229
202010,'150,アゼルバイジャン,370303,4959425,6723,4644386
202010,'151,アルメニア,104328,758072,558914,1879731
202010,'152,ウズベキスタン,931823,13866659,42493,770140
202010,'153,カザフスタン,2501271,33110882,3241629,75019063
202010,'154,キルギス,141603,1376573,28656,61365
202010,'155,タジキスタン,46358,262785,246,147466
202010,'156,トルクメニスタン,72782,12276133,-,7183
202010,'157,ジョージア,1106730,11455785,302675,1941691
202010,'158,ヨルダン川西岸及びガザ,13588,268403,244,44506
202010,'201,アイスランド,380926,4486068,653507,8354132
202010,'202,ノルウェー,9219003,92055080,16047473,129221797
202010,'203,スウェーデン,12231516,105405866,28747247,261637349
202010,'204,デンマーク,4619401,40633641,22210055,205600000
202010,'205,英国,98696169,943668100,54079015,563760139
202010,'206,アイルランド,8363907,76261529,55223272,585444939
202010,'207,オランダ,109252090,925731039,34882033,253639934
202010,'208,ベルギー,67513594,569370843,28939879,294624684
202010,'209,ルクセンブルク,3473994,33220410,592133,7561377
202010,'210,フランス,53788872,492223073,86467384,787807260
202010,'211,モナコ,4458,95157,37640,195140
202010,'212,アンドラ,486,5665,-,5960
202010,'213,ドイツ,185617989,1542927822,189498962,1892344851
202010,'215,スイス,43628878,414535202,74656860,657232616
202010,'217,ポルトガル,2887839,44785030,3201059,37844074
202010,'218,スペイン,20869354,189521567,30381871,285176542
202010,'219,ジブラルタル（英）,985517,11272429,-,781
202010,'220,イタリア,34258947,324576721,84136993,927452274
202010,'221,マルタ,740286,8783740,134453,16047019
202010,'222,フィンランド,4303742,34688904,13283051,146812040
202010,'223,ポーランド,32663612,245231421,8305088,82476387
202010,'224,ロシア,60840994,517215571,94617569,931714518
202010,'225,オーストリア,8614022,93934731,14965307,173616790
202010,'227,ハンガリー,16474712,137594051,8289318,96785256
202010,'228,セルビア,105912,1922654,7994107,54525142
202010,'229,アルバニア,28588,158467,81331,1671607
202010,'230,ギリシャ,1323166,23482115,3000393,68336560
202010,'231,ルーマニア,3931528,35079871,8026411,92704998
202010,'232,ブルガリア,1737217,13340155,1067429,12274551
202010,'233,キプロス,3652529,14928126,4605,83602
202010,'234,トルコ,28590146,224616582,5517779,62338371
202010,'235,エストニア,1371449,11779324,1514440,10593921
202010,'236,ラトビア,417691,3563187,777308,7269480
202010,'237,リトアニア,620993,4870986,2756819,26202589
202010,'238,ウクライナ,6231662,46821595,3361959,45087655
202010,'239,ベラルーシ,319431,4457410,131680,2498576
202010,'240,モルドバ,22936,372010,209581,2000909
202010,'241,クロアチア,291528,3357242,143291,9809592
202010,'242,スロベニア,1656982,14376504,1632500,12865662
202010,'243,ボスニア・ヘルツェゴビナ,17863,165365,110037,1102375
202010,'244,北マケドニア,80616,2605312,428158,1440944
202010,'245,チェコ,16260820,126795936,9990898,102288251
202010,'246,スロバキア,2215279,15646620,2931306,26210623
202010,'247,モンテネグロ,22070,275713,443,60252
202010,'248,コソボ,-,163913,3258,20342
202010,'249,フェロー諸島（デンマーク）,-,0,85096,1277146
202010,'250,バチカン,-,15332,167055,168200
202010,'301,グリーンランド（デンマーク）,1047,4447,737788,6386111
202010,'302,カナダ,76126695,625937232,89031387,972047191
202010,'304,アメリカ合衆国,1298481919,10217120152,605251080,6267967779
202010,'305,メキシコ,93877542,704899727,53273834,483849899
202010,'306,グアテマラ,1467922,18855795,912221,17098543
202010,'307,ホンジュラス,355377,5475088,514870,5232953
202010,'308,ベリーズ,295551,2373005,42616,387748
202010,'309,エルサルバドル,605827,8040633,180431,1790039
202010,'310,ニカラグア,510948,4058041,260199,2509166
202010,'311,コスタリカ,1804267,17706822,3564789,37148823
202010,'312,パナマ,41535542,437937254,14227404,41959016
202010,'314,バーミュダ（英）,57023,695012,-,715
202010,'315,バハマ,3726524,21243800,-,502482
202010,'316,ジャマイカ,1640462,14384140,131791,1199823
202010,'317,タークス及びカイコス諸島（英）,10302,196636,-,0
202010,'319,バルバドス,278941,11397879,1603,9299
202010,'320,トリニダード・トバゴ,1544010,11252882,48451,2819198
202010,'321,キューバ,65406,1142884,93662,1149420
202010,'322,ハイチ,101368,1366990,14410,290717
202010,'323,ドミニカ共和国,994931,14298936,810245,11004466
202010,'324,プエルトリコ（米）,6682667,39452430,13580654,194209291
202010,'325,米領バージン諸島,2467,33456,-,1497
202010,'326,蘭領アンティール,124273,1146666,-,5263
202010,'327,仏領西インド諸島,184317,1232451,358,9310
202010,'328,ケイマン諸島（英）,144601,1044168,295,2705018
202010,'329,グレナダ,52213,442474,-,0
202010,'330,セントルシア,108075,680335,-,658
202010,'331,アンティグア・バーブーダ,28673,758717,-,2764
202010,'332,英領バージン諸島,19110,518233,201,2154
202010,'333,ドミニカ,43242,287692,-,26625
202010,'334,モントセラト（英）,3151,24472,-,201
202010,'335,セントクリストファー・ネービス,220964,700316,-,282
202010,'336,セントビンセント,40589,471202,30912,224171
202010,'337,英領アンギラ,17546,175224,377,955
202010,'338,サン・バルテルミー島（仏）,1284,143710,-,0
202010,'401,コロンビア,8020346,67652885,4837987,42304381
202010,'402,ベネズエラ,96592,1666078,139517,3741137
202010,'403,ガイアナ,659538,4844063,13888,482357
202010,'404,スリナム,535644,4002450,15131,262099
202010,'405,仏領ギアナ,27659,248072,-,0
202010,'406,エクアドル,1317923,20661128,6797173,77627284
202010,'407,ペルー,3151190,40297365,25627786,196033060
202010,'408,ボリビア,503331,6026134,1807105,19836520
202010,'409,チリ,11830505,87160612,60019162,634624871
202010,'410,ブラジル,31633060,256911671,71764676,645292134
202010,'411,パラグアイ,613266,6090040,837521,5036999
202010,'412,ウルグアイ,521730,3526505,193842,3358691
202010,'413,アルゼンチン,6097591,46341944,4496206,43592875
202010,'414,フォークランド諸島及びその附属諸島（英）,-,1025,22923,156909
202010,'415,英領南極地域,-,0,-,392
202010,'501,モロッコ,1222834,15429420,3370268,26673871
202010,'502,セウタ及びメリリア（西）,-,9437,-,8449
202010,'503,アルジェリア,850296,20420718,541655,24331052
202010,'504,チュニジア,533941,6367428,725259,9071646
202010,'505,リビア,128900,1474883,617,2720075
202010,'506,エジプト,7352280,87102853,2210420,27805143
202010,'507,スーダン,439378,3526240,160455,809336
202010,'508,西サハラ,8244,8244,-,137592
202010,'509,モーリタニア,90172,1416054,1729508,15375431
202010,'510,セネガル,408099,4184258,161602,1876489
202010,'511,ガンビア,13192,318117,-,17042
202010,'512,ギニア・ビサウ,1295,32055,-,0
202010,'513,ギニア,77841,882378,39833,92673
202010,'514,シエラレオネ,44886,752921,420128,3000567
202010,'515,リベリア,19001482,183552149,-,13076
202010,'516,コートジボワール,440341,4622942,118397,901081
202010,'517,ガーナ,1026918,12394754,672390,13602372
202010,'518,トーゴ,513372,2288511,153624,513698
202010,'519,ベナン,101873,770074,-,1899
202010,'520,マリ,274401,1790215,1086,423331
202010,'521,ブルキナファソ,142604,1229395,79562,3819573
202010,'522,カーボベルデ,33649,312289,-,0
202010,'523,カナリー諸島（西）,219546,1857371,-,7947
202010,'524,ナイジェリア,3375544,26152901,9651762,68472309
202010,'525,ニジェール,201571,631577,525,55268
202010,'526,ルワンダ,109693,777735,9718,259002
202010,'527,カメルーン,265486,2580243,115531,650286
202010,'528,チャド,10150,163971,-,7576
202010,'529,中央アフリカ,-,127720,18655,50801
202010,'530,赤道ギニア,402,281043,-,5208
202010,'531,ガボン,123793,1892404,359009,2707969
202010,'532,コンゴ共和国,10065,117410,8456,83304
202010,'533,コンゴ民主共和国,622474,5432696,637426,1530034
202010,'534,ブルンジ,86991,1238608,443,80446
202010,'535,アンゴラ,329057,2660554,27859,160767
202010,'536,サントメ・プリンシペ,64648,69978,-,3298
202010,'537,セントヘレナ及びその附属諸島（英）,-,4937,428,312109
202010,'538,エチオピア,942378,8264925,1188789,10249614
202010,'539,ジブチ,655168,8233893,-,88828
202010,'540,ソマリア,44407,464053,96984,1412040
202010,'541,ケニア,9095819,62315467,411820,6535935
202010,'542,ウガンダ,2699851,15966098,250663,1064585
202010,'543,タンザニア,3005901,22061485,1134655,7008897
202010,'544,セーシェル,17174,460571,670542,8159739
202010,'545,モザンビーク,887365,14021946,197348,5180118
202010,'546,マダガスカル,106149,835462,373941,12052611
202010,'547,モーリシャス,1129433,8364374,38135,521810
202010,'548,レユニオン（仏）,173402,1093407,806,107414
202010,'549,ジンバブエ,127129,1356398,490959,2753018
202010,'550,ナミビア,589794,1883628,64590,1169032
202010,'551,南アフリカ共和国,18364857,143805309,58042139,492267875
202010,'552,レソト,99201,804950,2550,21334
202010,'553,マラウイ,160162,2052294,170953,850186
202010,'554,ザンビア,335753,3232434,624257,1853903
202010,'555,ボツワナ,229733,1553300,13265,1035987
202010,'556,エスワティニ,129349,1500638,23159,136035
202010,'558,コモロ,56659,121200,3042,16440
202010,'559,エリトリア,39227,144084,306,5390
202010,'560,南スーダン,62000,1231677,-,272
202010,'601,オーストラリア,143954487,1064672517,296256660,3183401893
202010,'602,パプアニューギニア,1552844,13397368,15221007,198533117
202010,'605,その他のオーストラリア領,13148,49592,-,2210
202010,'606,ニュージーランド,21804342,155631159,19405958,228619838
202010,'607,クック,19982,223469,123908,1246817
202010,'608,トケラウ諸島（ニュージーランド）,-,224,-,1106
202010,'609,ニウエ,114560,696111,-,3384
202010,'610,サモア,89205,1029181,-,42894
202010,'611,バヌアツ,131507,982517,453859,3950517
202010,'612,フィジー,509724,3666352,100359,2747171
202010,'613,ソロモン,98132,1220674,1236,49603
202010,'614,トンガ,44502,689319,11026,45279
202010,'615,キリバス,76319,741378,27711,386071
202010,'617,ナウル,8676,311846,52487,123561
202010,'618,ニューカレドニア（仏）,349341,3711655,882097,19302466
202010,'619,仏領ポリネシア,254042,1906950,105779,1449370
202010,'620,グアム（米）,795976,12102475,45515,278372
202010,'621,米領サモア,30716,502053,247,2207
202010,'622,米領オセアニア,-,47839,-,61214
202010,'624,ツバル,231000,2485947,-,42459
202010,'625,マーシャル,17286032,130711145,27016,683604
202010,'626,ミクロネシア,127310,1587448,30386,403962
202010,'627,北マリアナ諸島（米）,122588,1562802,-,1445
202010,'628,パラオ,294773,1208412,13486,483393
202010,'702,不明,-,0,-,943662
202011,'103,大韓民国,401994224,4280288769,250770820,2576497506
202011,'105,中華人民共和国,1359360997,13525508592,1688794377,15933436089
202011,'106,台湾,393720029,4295411045,235111204,2625015064
202011,'107,モンゴル,3532402,33491726,96698,1441240
202011,'108,香港,287154248,3085103484,7966067,74553902
202011,'110,ベトナム,164067288,1649019743,220748641,2154272079
202011,'111,タイ,252684304,2448822005,232354564,2308670780
202011,'112,シンガポール,149397548,1710190416,66708394,847775458
202011,'113,マレーシア,124262497,1208337535,144811991,1547208719
202011,'116,ブルネイ,724877,10393129,10784690,170073922
202011,'117,フィリピン,83295120,852773700,93476050,913277743
202011,'118,インドネシア,81904736,897389615,126526715,1499090441
202011,'120,カンボジア,4430091,46351566,13402525,159661086
202011,'121,ラオス,2047243,14902127,1064804,12810854
202011,'122,ミャンマー,6326724,59104858,6745320,131584458
202011,'123,インド,100310734,860194303,35752104,467976409
202011,'124,パキスタン,14097171,106964663,2956004,22422371
202011,'125,スリランカ,2054239,36879018,2460523,24554697
202011,'126,モルディブ,112312,1434673,13014,276841
202011,'127,バングラデシュ,10785422,144099290,9597868,128482148
202011,'128,東ティモール,70672,666754,155133,1889973
202011,'129,マカオ,2284671,29150056,165311,1426799
202011,'130,アフガニスタン,318061,3729094,1563,19903
202011,'131,ネパール,403583,4591039,47478,717376
202011,'132,ブータン,36262,369082,2247,58570
202011,'133,イラン,636576,7811160,331432,3418367
202011,'134,イラク,2053301,33868279,1230,19332410
202011,'135,バーレーン,7783979,57639749,4266973,52076622
202011,'137,サウジアラビア,45717494,405630903,155612918,1771553690
202011,'138,クウェート,15858547,133637342,38044356,452636805
202011,'140,カタール,7636629,96195784,61240353,883256545
202011,'141,オマーン,14208206,124225832,6788605,144751916
202011,'143,イスラエル,20235826,146307746,10728866,120427490
202011,'144,ヨルダン,5873274,55199406,221062,3209251
202011,'145,シリア,23543,947444,-,40810
202011,'146,レバノン,1103945,9603524,153505,2201187
202011,'147,アラブ首長国連邦,57386769,532321276,102896694,1605191469
202011,'149,イエメン,1676169,18504610,113139,602368
202011,'150,アゼルバイジャン,363701,5323126,714,4645100
202011,'151,アルメニア,51456,809528,242155,2121886
202011,'152,ウズベキスタン,425055,14291714,143742,913882
202011,'153,カザフスタン,2885666,35996548,948624,75967687
202011,'154,キルギス,84486,1461059,395,61760
202011,'155,タジキスタン,86691,349476,418,147884
202011,'156,トルクメニスタン,42117,12318250,460,7643
202011,'157,ジョージア,992016,12447801,327496,2269187
202011,'158,ヨルダン川西岸及びガザ,82060,350463,246,44752
202011,'201,アイスランド,134897,4620965,636130,8990262
202011,'202,ノルウェー,6757674,98812754,11631865,140853662
202011,'203,スウェーデン,13917866,119323732,17732148,279369497
202011,'204,デンマーク,3740099,44373740,22894355,228494355
202011,'205,英国,101191479,1044859579,57074857,620834996
202011,'206,アイルランド,9448568,85710097,72427429,657872368
202011,'207,オランダ,114609003,1040340042,23513503,277153437
202011,'208,ベルギー,62246421,631617264,35081192,329705876
202011,'209,ルクセンブルク,4006366,37226776,586380,8147757
202011,'210,フランス,50313296,542536369,83414830,871222090
202011,'211,モナコ,13066,108223,32714,227854
202011,'212,アンドラ,-,5665,-,5960
202011,'213,ドイツ,158474812,1701402634,176940425,2069285276
202011,'215,スイス,54554484,469089686,71921317,729153933
202011,'217,ポルトガル,2858804,47643834,3132001,40976075
202011,'218,スペイン,23232280,212753847,24774436,309950978
202011,'219,ジブラルタル（英）,626583,11899012,-,781
202011,'220,イタリア,36795982,361372703,93159428,1020611702
202011,'221,マルタ,2772059,11555799,93035,16140054
202011,'222,フィンランド,3524858,38213762,12088201,158900241
202011,'223,ポーランド,27172059,272403480,8804178,91280565
202011,'224,ロシア,53312219,570527790,97426658,1029141176
202011,'225,オーストリア,8815630,102750361,18112207,191728997
202011,'227,ハンガリー,13202327,150796378,7901733,104686989
202011,'228,セルビア,59139,1981793,4836554,59361696
202011,'229,アルバニア,34264,192731,53167,1724774
202011,'230,ギリシャ,1437572,24919687,5761272,74097832
202011,'231,ルーマニア,3362548,38442419,7279475,99984473
202011,'232,ブルガリア,1968433,15308588,1294421,13568972
202011,'233,キプロス,729232,15657358,9227,92829
202011,'234,トルコ,28383774,253000356,5443171,67781542
202011,'235,エストニア,1338037,13117361,1790008,12383929
202011,'236,ラトビア,368757,3931944,698908,7968388
202011,'237,リトアニア,638593,5509579,1629008,27831597
202011,'238,ウクライナ,4913122,51734717,6803787,51891442
202011,'239,ベラルーシ,402899,4860309,441639,2940215
202011,'240,モルドバ,19689,391699,170989,2171898
202011,'241,クロアチア,263334,3620576,1957381,11766973
202011,'242,スロベニア,1163548,15540052,786905,13652567
202011,'243,ボスニア・ヘルツェゴビナ,19005,184370,74486,1176861
202011,'244,北マケドニア,137305,2742617,119798,1560742
202011,'245,チェコ,13407599,140203535,9705644,111993895
202011,'246,スロバキア,1171464,16818084,3518787,29729410
202011,'247,モンテネグロ,30569,306282,6350,66602
202011,'248,コソボ,7800,171713,5156,25498
202011,'249,フェロー諸島（デンマーク）,-,0,101796,1378942
202011,'250,バチカン,-,15332,-,168200
202011,'301,グリーンランド（デンマーク）,-,4447,819736,7205847
202011,'302,カナダ,70565594,696502826,105277876,1077325067
202011,'304,アメリカ合衆国,1180894083,11398014235,598275859,6866243638
202011,'305,メキシコ,85196957,790096684,50481781,534331680
202011,'306,グアテマラ,1390301,20246096,708387,17806930
202011,'307,ホンジュラス,456483,5931571,407525,5640478
202011,'308,ベリーズ,135795,2508800,41930,429678
202011,'309,エルサルバドル,577138,8617771,88200,1878239
202011,'310,ニカラグア,215711,4273752,149719,2658885
202011,'311,コスタリカ,2184982,19891804,4368436,41517259
202011,'312,パナマ,41163738,479100992,9759752,51718768
202011,'314,バーミュダ（英）,91705,786717,362,1077
202011,'315,バハマ,219076,21462876,-,502482
202011,'316,ジャマイカ,1662775,16046915,132756,1332579
202011,'317,タークス及びカイコス諸島（英）,11089,207725,-,0
202011,'319,バルバドス,249019,11646898,890,10189
202011,'320,トリニダード・トバゴ,1349839,12602721,91918,2911116
202011,'321,キューバ,70577,1213461,38703,1188123
202011,'322,ハイチ,189344,1556334,17410,308127
202011,'323,ドミニカ共和国,1136663,15435599,935178,11939644
202011,'324,プエルトリコ（米）,10644348,50096778,13548077,207757368
202011,'325,米領バージン諸島,11117,44573,-,1497
202011,'326,蘭領アンティール,80231,1226897,234,5497
202011,'327,仏領西インド諸島,111024,1343475,275,9585
202011,'328,ケイマン諸島（英）,142506,1186674,-,2705018
202011,'329,グレナダ,45986,488460,-,0
202011,'330,セントルシア,69619,749954,-,658
202011,'331,アンティグア・バーブーダ,64129,822846,-,2764
202011,'332,英領バージン諸島,19650,537883,-,2154
202011,'333,ドミニカ,15120,302812,587,27212
202011,'334,モントセラト（英）,2555,27027,281,482
202011,'335,セントクリストファー・ネービス,46971,747287,-,282
202011,'336,セントビンセント,30807,502009,924,225095
202011,'337,英領アンギラ,12400,187624,-,955
202011,'338,サン・バルテルミー島（仏）,13991,157701,-,0
202011,'401,コロンビア,8786899,76439784,4020102,46324483
202011,'402,ベネズエラ,106733,1772811,43976,3785113
202011,'403,ガイアナ,626461,5470524,6277,488634
202011,'404,スリナム,616968,4619418,70774,332873
202011,'405,仏領ギアナ,10233,258305,-,0
202011,'406,エクアドル,1759383,22420511,9936084,87563368
202011,'407,ペルー,3769400,44066765,18324973,214358033
202011,'408,ボリビア,490012,6516146,4929769,24766289
202011,'409,チリ,8094505,95255117,62208887,696833758
202011,'410,ブラジル,26791731,283703402,68635339,713927473
202011,'411,パラグアイ,597392,6687432,640660,5677659
202011,'412,ウルグアイ,418181,3944686,283138,3641829
202011,'413,アルゼンチン,4832744,51174688,5595792,49188667
202011,'414,フォークランド諸島及びその附属諸島（英）,723,1748,20132,177041
202011,'415,英領南極地域,-,0,-,392
202011,'501,モロッコ,1581534,17010954,2737253,29411124
202011,'502,セウタ及びメリリア（西）,2607,12044,1175,9624
202011,'503,アルジェリア,432111,20852829,2281070,26612122
202011,'504,チュニジア,510345,6877773,612993,9684639
202011,'505,リビア,85270,1560153,1337,2721412
202011,'506,エジプト,7717415,94820268,1979548,29784691
202011,'507,スーダン,257751,3783991,176228,985564
202011,'508,西サハラ,-,8244,-,137592
202011,'509,モーリタニア,262306,1678360,3017319,18392750
202011,'510,セネガル,355808,4540066,113181,1989670
202011,'511,ガンビア,26614,344731,-,17042
202011,'512,ギニア・ビサウ,1589,33644,-,0
202011,'513,ギニア,118050,1000428,1736,94409
202011,'514,シエラレオネ,34384,787305,9121,3009688
202011,'515,リベリア,18931574,202483723,-,13076
202011,'516,コートジボワール,382710,5005652,52398,953479
202011,'517,ガーナ,1540793,13935547,163716,13766088
202011,'518,トーゴ,318769,2607280,14387,528085
202011,'519,ベナン,81099,851173,-,1899
202011,'520,マリ,40490,1830705,434,423765
202011,'521,ブルキナファソ,137750,1367145,45057,3864630
202011,'522,カーボベルデ,678,312967,-,0
202011,'523,カナリー諸島（西）,157546,2014917,-,7947
202011,'524,ナイジェリア,1952352,28105253,3494725,71967034
202011,'525,ニジェール,3864,635441,12418,67686
202011,'526,ルワンダ,30911,808646,15548,274550
202011,'527,カメルーン,340951,2921194,16180,666466
202011,'528,チャド,5718,169689,-,7576
202011,'529,中央アフリカ,20390,148110,-,50801
202011,'530,赤道ギニア,5167,286210,-,5208
202011,'531,ガボン,287611,2180015,73075,2781044
202011,'532,コンゴ共和国,54454,171864,12653,95957
202011,'533,コンゴ民主共和国,430515,5863211,73424,1603458
202011,'534,ブルンジ,73263,1311871,13779,94225
202011,'535,アンゴラ,316304,2976858,23796,184563
202011,'536,サントメ・プリンシペ,82576,152554,3119,6417
202011,'537,セントヘレナ及びその附属諸島（英）,-,4937,8361,320470
202011,'538,エチオピア,672167,8937092,597731,10847345
202011,'539,ジブチ,742867,8976760,-,88828
202011,'540,ソマリア,22521,486574,171852,1583892
202011,'541,ケニア,8977750,71293217,450696,6986631
202011,'542,ウガンダ,1889412,17855510,158906,1223491
202011,'543,タンザニア,2438676,24500161,611000,7619897
202011,'544,セーシェル,11605,472176,736119,8895858
202011,'545,モザンビーク,553045,14574991,556696,5736814
202011,'546,マダガスカル,31869,867331,414456,12467067
202011,'547,モーリシャス,780208,9144582,68557,590367
202011,'548,レユニオン（仏）,69178,1162585,3040,110454
202011,'549,ジンバブエ,110556,1466954,414403,3167421
202011,'550,ナミビア,253646,2137274,38370,1207402
202011,'551,南アフリカ共和国,14126433,157931742,57301371,549569246
202011,'552,レソト,70381,875331,1249,22583
202011,'553,マラウイ,150609,2202903,140855,991041
202011,'554,ザンビア,299245,3531679,69022,1922925
202011,'555,ボツワナ,157242,1710542,214265,1250252
202011,'556,エスワティニ,74735,1575373,15507,151542
202011,'558,コモロ,70486,191686,900,17340
202011,'559,エリトリア,802,144886,-,5390
202011,'560,南スーダン,72304,1303981,343,615
202011,'601,オーストラリア,119983436,1184655953,287623599,3471025492
202011,'602,パプアニューギニア,1633440,15030808,15069987,213603104
202011,'605,その他のオーストラリア領,1775,51367,-,2210
202011,'606,ニュージーランド,19169386,174800545,20586444,249206282
202011,'607,クック,7493,230962,133977,1380794
202011,'608,トケラウ諸島（ニュージーランド）,-,224,-,1106
202011,'609,ニウエ,295379,991490,378,3762
202011,'610,サモア,325754,1354935,2207,45101
202011,'611,バヌアツ,38266,1020783,372521,4323038
202011,'612,フィジー,395896,4062248,112041,2859212
202011,'613,ソロモン,100138,1320812,8452,58055
202011,'614,トンガ,45516,734835,8524,53803
202011,'615,キリバス,41074,782452,33334,419405
202011,'617,ナウル,10803,322649,16578,140139
202011,'618,ニューカレドニア（仏）,572232,4283887,1538788,20841254
202011,'619,仏領ポリネシア,207386,2114336,254026,1703396
202011,'620,グアム（米）,568723,12671198,31262,309634
202011,'621,米領サモア,16896,518949,-,2207
202011,'622,米領オセアニア,-,47839,204,61418
202011,'624,ツバル,52000,2537947,11387,53846
202011,'625,マーシャル,2899249,133610394,11021,694625
202011,'626,ミクロネシア,183458,1770906,75436,479398
202011,'627,北マリアナ諸島（米）,141296,1704098,-,1445
202011,'628,パラオ,55762,1264174,7650,491043
202011,'702,不明,-,0,1602,945264
202012,'103,大韓民国,486257581,4766546350,265109145,2841606651
202012,'105,中華人民共和国,1556530583,15082039175,1574306980,17507743069
202012,'106,台湾,443735079,4739146124,237906696,2862921760
202012,'107,モンゴル,2828985,36320711,110393,1551633
202012,'108,香港,329455736,3414559220,11319711,85873613
202012,'110,ベトナム,176811237,1825830980,200866478,2355138557
202012,'111,タイ,273766267,2722588272,231385476,2540056256
202012,'112,シンガポール,177413142,1887603558,67608566,915384024
202012,'113,マレーシア,135123065,1343460600,154427272,1701635991
202012,'116,ブルネイ,639215,11032344,12085048,182158970
202012,'117,フィリピン,86827106,939600806,87404952,1000682695
202012,'118,インドネシア,83526248,980915863,157344710,1656435151
202012,'120,カンボジア,5425522,51777088,13437779,173098865
202012,'121,ラオス,828103,15730230,966916,13777770
202012,'122,ミャンマー,5318152,64423010,7844160,139428618
202012,'123,インド,110765932,970960235,37043731,505020140
202012,'124,パキスタン,17359496,124324159,1747118,24169489
202012,'125,スリランカ,2637893,39516911,1678469,26233166
202012,'126,モルディブ,647444,2082117,352,277193
202012,'127,バングラデシュ,16268747,160368037,11840465,140322613
202012,'128,東ティモール,40521,707275,23806,1913779
202012,'129,マカオ,2473561,31623617,125939,1552738
202012,'130,アフガニスタン,255478,3984572,847,20750
202012,'131,ネパール,255441,4846480,70595,787971
202012,'132,ブータン,12818,381900,541,59111
202012,'133,イラン,749846,8561006,199566,3617933
202012,'134,イラク,5322968,39191247,1564,19333974
202012,'135,バーレーン,5977055,63616804,743367,52819989
202012,'137,サウジアラビア,46965083,452595986,198095070,1969648760
202012,'138,クウェート,16800748,150438090,34394865,487031670
202012,'140,カタール,12406098,108601882,97479946,980736491
202012,'141,オマーン,13581608,137807440,11887208,156639124
202012,'143,イスラエル,15246169,161553915,11317890,131745380
202012,'144,ヨルダン,5070521,60269927,111629,3320880
202012,'145,シリア,24758,972202,9001,49811
202012,'146,レバノン,1248893,10852417,270217,2471404
202012,'147,アラブ首長国連邦,60933449,593254725,145026393,1750217862
202012,'149,イエメン,1991602,20496212,89650,692018
202012,'150,アゼルバイジャン,569287,5892413,30639,4675739
202012,'151,アルメニア,7710,817238,85517,2207403
202012,'152,ウズベキスタン,886549,15178263,30354,944236
202012,'153,カザフスタン,2741364,38737912,3790383,79758070
202012,'154,キルギス,138617,1599676,2112,63872
202012,'155,タジキスタン,37169,386645,-,147884
202012,'156,トルクメニスタン,32625,12350875,681,8324
202012,'157,ジョージア,630311,13078112,171808,2440995
202012,'158,ヨルダン川西岸及びガザ,4336,354799,247,44999
202012,'201,アイスランド,247513,4868478,741835,9732097
202012,'202,ノルウェー,9106681,107919435,16133680,156987342
202012,'203,スウェーデン,14140579,133464311,23013817,302383314
202012,'204,デンマーク,4409786,48783526,19833318,248327673
202012,'205,英国,100413155,1145272734,64222913,685057909
202012,'206,アイルランド,9349916,95060013,45232750,703105118
202012,'207,オランダ,123530248,1163870290,52573607,329727044
202012,'208,ベルギー,67559232,699176496,18686041,348391917
202012,'209,ルクセンブルク,3227514,40454290,697841,8845598
202012,'210,フランス,60063458,602599827,115779215,987001305
202012,'211,モナコ,19158,127381,35148,263002
202012,'212,アンドラ,1999,7664,8640,14600
202012,'213,ドイツ,173839174,1875241808,206974052,2276259328
202012,'215,スイス,44880264,513969950,77940806,807094739
202012,'217,ポルトガル,4748553,52392387,4704107,45680182
202012,'218,スペイン,18216607,230970454,28298603,338249581
202012,'219,ジブラルタル（英）,786183,12685195,540,1321
202012,'220,イタリア,41870034,403242737,99282645,1119894347
202012,'221,マルタ,866874,12422673,2374312,18514366
202012,'222,フィンランド,3533215,41746977,12398347,171298588
202012,'223,ポーランド,32305638,304709118,9214204,100494769
202012,'224,ロシア,57288857,627816647,115641458,1144782634
202012,'225,オーストリア,10497562,113247923,19036465,210765462
202012,'227,ハンガリー,18402555,169198933,9295397,113982386
202012,'228,セルビア,125972,2107765,5749887,65111583
202012,'229,アルバニア,16908,209639,58761,1783535
202012,'230,ギリシャ,1230285,26149972,7210993,81308825
202012,'231,ルーマニア,4279115,42721534,7758985,107743458
202012,'232,ブルガリア,2785959,18094547,851282,14420254
202012,'233,キプロス,794959,16452317,11164,103993
202012,'234,トルコ,31340456,284340812,6025149,73806691
202012,'235,エストニア,2031281,15148642,866746,13250675
202012,'236,ラトビア,527020,4458964,681275,8649663
202012,'237,リトアニア,626178,6135757,1053189,28884786
202012,'238,ウクライナ,2446472,54181189,4986224,56877666
202012,'239,ベラルーシ,428408,5288717,162817,3103032
202012,'240,モルドバ,30898,422597,98256,2270154
202012,'241,クロアチア,413747,4034323,340100,12107073
202012,'242,スロベニア,1666155,17206207,2501864,16154431
202012,'243,ボスニア・ヘルツェゴビナ,58304,242674,68634,1245495
202012,'244,北マケドニア,160153,2902770,173733,1734475
202012,'245,チェコ,19281550,159485085,9208262,121202157
202012,'246,スロバキア,1506902,18324986,5193298,34922708
202012,'247,モンテネグロ,34113,340395,1832,68434
202012,'248,コソボ,7532,179245,5443,30941
202012,'249,フェロー諸島（デンマーク）,-,0,141454,1520396
202012,'250,バチカン,-,15332,-,168200
202012,'301,グリーンランド（デンマーク）,-,4447,1029095,8234942
202012,'302,カナダ,76208919,772711745,92003095,1169328162
202012,'304,アメリカ合衆国,1212810261,12610824496,587312870,7453556508
202012,'305,メキシコ,104655668,894752352,47089275,581420955
202012,'306,グアテマラ,3131809,23377905,360629,18167559
202012,'307,ホンジュラス,675367,6606938,366600,6007078
202012,'308,ベリーズ,36682,2545482,28547,458225
202012,'309,エルサルバドル,1469366,10087137,67434,1945673
202012,'310,ニカラグア,977277,5251029,160033,2818918
202012,'311,コスタリカ,2380168,22271972,3425214,44942473
202012,'312,パナマ,12749064,491850056,2545169,54263937
202012,'314,バーミュダ（英）,112799,899516,286,1363
202012,'315,バハマ,544191,22007067,-,502482
202012,'316,ジャマイカ,2076348,18123263,99726,1432305
202012,'317,タークス及びカイコス諸島（英）,5884,213609,-,0
202012,'319,バルバドス,272550,11919448,1876,12065
202012,'320,トリニダード・トバゴ,854758,13457479,65022,2976138
202012,'321,キューバ,159398,1372859,27285,1215408
202012,'322,ハイチ,197411,1753745,10642,318769
202012,'323,ドミニカ共和国,1630936,17066535,813836,12753480
202012,'324,プエルトリコ（米）,8391169,58487947,18125361,225882729
202012,'325,米領バージン諸島,-,44573,-,1497
202012,'326,蘭領アンティール,166929,1393826,312,5809
202012,'327,仏領西インド諸島,330643,1674118,1268,10853
202012,'328,ケイマン諸島（英）,123782,1310456,-,2705018
202012,'329,グレナダ,66674,555134,-,0
202012,'330,セントルシア,56595,806549,-,658
202012,'331,アンティグア・バーブーダ,55805,878651,-,2764
202012,'332,英領バージン諸島,6815,544698,-,2154
202012,'333,ドミニカ,51023,353835,-,27212
202012,'334,モントセラト（英）,1421,28448,-,482
202012,'335,セントクリストファー・ネービス,34844,782131,-,282
202012,'336,セントビンセント,34409,536418,-,225095
202012,'337,英領アンギラ,17503,205127,-,955
202012,'338,サン・バルテルミー島（仏）,18603,176304,-,0
202012,'401,コロンビア,9270453,85710237,3380487,49704970
202012,'402,ベネズエラ,133444,1906255,58642,3843755
202012,'403,ガイアナ,606227,6076751,20622,509256
202012,'404,スリナム,757702,5377120,19002,351875
202012,'405,仏領ギアナ,47006,305311,-,0
202012,'406,エクアドル,2140948,24561459,8597449,96160817
202012,'407,ペルー,5897961,49964726,34021133,248379166
202012,'408,ボリビア,634947,7151093,356800,25123089
202012,'409,チリ,12741609,107996726,51109163,747942921
202012,'410,ブラジル,31707558,315410960,87223711,801151184
202012,'411,パラグアイ,590637,7278069,1819944,7497603
202012,'412,ウルグアイ,428085,4372771,214100,3855929
202012,'413,アルゼンチン,6615839,57790527,6047224,55235891
202012,'414,フォークランド諸島及びその附属諸島（英）,793,2541,21254,198295
202012,'415,英領南極地域,-,0,-,392
202012,'501,モロッコ,6888185,23899139,2546484,31957608
202012,'502,セウタ及びメリリア（西）,2693,14737,219,9843
202012,'503,アルジェリア,595153,21447982,582264,27194386
202012,'504,チュニジア,414821,7292594,787608,10472247
202012,'505,リビア,153392,1713545,4329281,7050693
202012,'506,エジプト,9063536,103883804,3427622,33212313
202012,'507,スーダン,237185,4021176,102967,1088531
202012,'508,西サハラ,-,8244,-,137592
202012,'509,モーリタニア,13489,1691849,1387929,19780679
202012,'510,セネガル,1660380,6200446,141026,2130696
202012,'511,ガンビア,241,344972,-,17042
202012,'512,ギニア・ビサウ,10544,44188,-,0
202012,'513,ギニア,207158,1207586,26967,121376
202012,'514,シエラレオネ,51760,839065,13687,3023375
202012,'515,リベリア,27763679,230247402,-,13076
202012,'516,コートジボワール,311877,5317529,183357,1136836
202012,'517,ガーナ,802071,14737618,242952,14009040
202012,'518,トーゴ,479392,3086672,1412,529497
202012,'519,ベナン,10534,861707,-,1899
202012,'520,マリ,77504,1908209,1316,425081
202012,'521,ブルキナファソ,140582,1507727,847,3865477
202012,'522,カーボベルデ,74132,387099,-,0
202012,'523,カナリー諸島（西）,162130,2177047,2370,10317
202012,'524,ナイジェリア,2415546,30520799,1778240,73745274
202012,'525,ニジェール,17986,653427,1250,68936
202012,'526,ルワンダ,160751,969397,36312,310862
202012,'527,カメルーン,290738,3211932,28883,695349
202012,'528,チャド,701,170390,500,8076
202012,'529,中央アフリカ,-,148110,394,51195
202012,'530,赤道ギニア,5788,291998,-,5208
202012,'531,ガボン,68779,2248794,132149,2913193
202012,'532,コンゴ共和国,5897,177761,13888,109845
202012,'533,コンゴ民主共和国,341334,6204545,784754,2388212
202012,'534,ブルンジ,45491,1357362,7223,101448
202012,'535,アンゴラ,305050,3281908,10428,194991
202012,'536,サントメ・プリンシペ,71835,224389,533,6950
202012,'537,セントヘレナ及びその附属諸島（英）,-,4937,-,320470
202012,'538,エチオピア,85843,9022935,559195,11406540
202012,'539,ジブチ,1439429,10416189,301,89129
202012,'540,ソマリア,13359,499933,246896,1830788
202012,'541,ケニア,5522880,76816097,304662,7291293
202012,'542,ウガンダ,1455311,19310821,136305,1359796
202012,'543,タンザニア,2639124,27139285,1121741,8741638
202012,'544,セーシェル,16861,489037,291426,9187284
202012,'545,モザンビーク,538324,15113315,360173,6096987
202012,'546,マダガスカル,68383,935714,298533,12765600
202012,'547,モーリシャス,919350,10063932,32912,623279
202012,'548,レユニオン（仏）,117913,1280498,-,110454
202012,'549,ジンバブエ,118144,1585098,424911,3592332
202012,'550,ナミビア,194223,2331497,128374,1335776
202012,'551,南アフリカ共和国,20320300,178252042,65622802,615192048
202012,'552,レソト,112719,988050,5060,27643
202012,'553,マラウイ,146900,2349803,157998,1149039
202012,'554,ザンビア,342931,3874610,26671,1949596
202012,'555,ボツワナ,166019,1876561,290967,1541219
202012,'556,エスワティニ,78129,1653502,1340,152882
202012,'558,コモロ,9716,201402,476,17816
202012,'559,エリトリア,-,144886,-,5390
202012,'560,南スーダン,95015,1398996,-,615
202012,'601,オーストラリア,110793217,1295449170,360234004,3831259496
202012,'602,パプアニューギニア,1782128,16812936,10245169,223848273
202012,'605,その他のオーストラリア領,2850,54217,-,2210
202012,'606,ニュージーランド,21782612,196583157,17892143,267098425
202012,'607,クック,15257,246219,94350,1475144
202012,'608,トケラウ諸島（ニュージーランド）,1373,1597,215,1321
202012,'609,ニウエ,210000,1201490,-,3762
202012,'610,サモア,83297,1438232,-,45101
202012,'611,バヌアツ,33126,1053909,160017,4483055
202012,'612,フィジー,405367,4467615,447824,3307036
202012,'613,ソロモン,91518,1412330,4374,62429
202012,'614,トンガ,42465,777300,5912,59715
202012,'615,キリバス,24057,806509,56106,475511
202012,'617,ナウル,7979,330628,32665,172804
202012,'618,ニューカレドニア（仏）,415175,4699062,2119782,22961036
202012,'619,仏領ポリネシア,166030,2280366,171100,1874496
202012,'620,グアム（米）,1237032,13908230,29431,339065
202012,'621,米領サモア,28050,546999,740,2947
202012,'622,米領オセアニア,-,47839,1333,62751
202012,'624,ツバル,219470,2757417,6942,60788
202012,'625,マーシャル,4068365,137678759,4115,698740
202012,'626,ミクロネシア,66640,1837546,73896,553294
202012,'627,北マリアナ諸島（米）,150442,1854540,602,2047
202012,'628,パラオ,110540,1374714,2035,493078
202012,'702,不明,-,0,1315,946579
202101,'103,大韓民国,429707317,429707317,256635857,256635857
202101,'105,中華人民共和国,1232667847,1232667847,1726346055,1726346055
202101,'106,台湾,413996946,413996946,265069622,265069622
202101,'107,モンゴル,3182048,3182048,143155,143155
202101,'108,香港,293516848,293516848,9883449,9883449
202101,'110,ベトナム,138852595,138852595,209905168,209905168
202101,'111,タイ,262685849,262685849,213314635,213314635
202101,'112,シンガポール,151944085,151944085,71398516,71398516
202101,'113,マレーシア,131936654,131936654,162475206,162475206
202101,'116,ブルネイ,722480,722480,21891306,21891306
202101,'117,フィリピン,77721044,77721044,81067761,81067761
202101,'118,インドネシア,86663980,86663980,143137426,143137426
202101,'120,カンボジア,3922446,3922446,14476325,14476325
202101,'121,ラオス,995304,995304,1398943,1398943
202101,'122,ミャンマー,5175541,5175541,9067092,9067092
202101,'123,インド,96492448,96492448,49369140,49369140
202101,'124,パキスタン,14713009,14713009,2874921,2874921
202101,'125,スリランカ,2223363,2223363,2489931,2489931
202101,'126,モルディブ,78186,78186,52532,52532
202101,'127,バングラデシュ,16009857,16009857,10737022,10737022
202101,'128,東ティモール,2681,2681,7896,7896
202101,'129,マカオ,2248165,2248165,152865,152865
202101,'130,アフガニスタン,280136,280136,2883,2883
202101,'131,ネパール,111290,111290,48021,48021
202101,'132,ブータン,19365,19365,880,880
202101,'133,イラン,368484,368484,300246,300246
202101,'134,イラク,3990115,3990115,10238433,10238433
202101,'135,バーレーン,4198999,4198999,12556577,12556577
202101,'137,サウジアラビア,33792378,33792378,179618545,179618545
202101,'138,クウェート,12356009,12356009,35103826,35103826
202101,'140,カタール,6770686,6770686,81926886,81926886
202101,'141,オマーン,12858261,12858261,21468013,21468013
202101,'143,イスラエル,13266916,13266916,10589738,10589738
202101,'144,ヨルダン,3741189,3741189,433776,433776
202101,'145,シリア,74329,74329,-,0
202101,'146,レバノン,1163564,1163564,169941,169941
202101,'147,アラブ首長国連邦,47381368,47381368,156514857,156514857
202101,'149,イエメン,1548636,1548636,63734,63734
202101,'150,アゼルバイジャン,341914,341914,4075,4075
202101,'151,アルメニア,6294,6294,172865,172865
202101,'152,ウズベキスタン,906820,906820,19006,19006
202101,'153,カザフスタン,1593738,1593738,2199298,2199298
202101,'154,キルギス,88582,88582,449,449
202101,'155,タジキスタン,22945,22945,-,0
202101,'156,トルクメニスタン,29348,29348,-,0
202101,'157,ジョージア,604935,604935,188968,188968
202101,'158,ヨルダン川西岸及びガザ,6089,6089,2859,2859
202101,'201,アイスランド,309877,309877,609769,609769
202101,'202,ノルウェー,9698844,9698844,16551141,16551141
202101,'203,スウェーデン,11888782,11888782,25038958,25038958
202101,'204,デンマーク,3417910,3417910,21888249,21888249
202101,'205,英国,82508095,82508095,56370265,56370265
202101,'206,アイルランド,9341359,9341359,80561945,80561945
202101,'207,オランダ,100645274,100645274,28251819,28251819
202101,'208,ベルギー,54098266,54098266,28783527,28783527
202101,'209,ルクセンブルク,2122504,2122504,851016,851016
202101,'210,フランス,51405664,51405664,86353601,86353601
202101,'211,モナコ,4739,4739,3007,3007
202101,'212,アンドラ,-,0,1236,1236
202101,'213,ドイツ,158434804,158434804,209365463,209365463
202101,'215,スイス,39381773,39381773,65495275,65495275
202101,'217,ポルトガル,2777302,2777302,3582902,3582902
202101,'218,スペイン,17796357,17796357,29477607,29477607
202101,'219,ジブラルタル（英）,886267,886267,-,0
202101,'220,イタリア,39176040,39176040,88000355,88000355
202101,'221,マルタ,287424,287424,2450191,2450191
202101,'222,フィンランド,4208210,4208210,13103845,13103845
202101,'223,ポーランド,25146619,25146619,7963328,7963328
202101,'224,ロシア,53742424,53742424,85903707,85903707
202101,'225,オーストリア,7873643,7873643,18963355,18963355
202101,'227,ハンガリー,13573298,13573298,8692120,8692120
202101,'228,セルビア,128081,128081,5118422,5118422
202101,'229,アルバニア,17670,17670,103264,103264
202101,'230,ギリシャ,1530902,1530902,5894858,5894858
202101,'231,ルーマニア,3620573,3620573,11912667,11912667
202101,'232,ブルガリア,1790427,1790427,1100000,1100000
202101,'233,キプロス,307732,307732,4108,4108
202101,'234,トルコ,25098249,25098249,5875802,5875802
202101,'235,エストニア,1937839,1937839,1102309,1102309
202101,'236,ラトビア,317437,317437,534718,534718
202101,'237,リトアニア,573458,573458,1009554,1009554
202101,'238,ウクライナ,4545323,4545323,6581403,6581403
202101,'239,ベラルーシ,117883,117883,93742,93742
202101,'240,モルドバ,12563,12563,131653,131653
202101,'241,クロアチア,757295,757295,186349,186349
202101,'242,スロベニア,1172391,1172391,1336801,1336801
202101,'243,ボスニア・ヘルツェゴビナ,13726,13726,48305,48305
202101,'244,北マケドニア,141306,141306,117225,117225
202101,'245,チェコ,16876079,16876079,11435314,11435314
202101,'246,スロバキア,1101815,1101815,3040083,3040083
202101,'247,モンテネグロ,25763,25763,4933,4933
202101,'248,コソボ,-,0,1863,1863
202101,'249,フェロー諸島（デンマーク）,-,0,120992,120992
202101,'301,グリーンランド（デンマーク）,-,0,768379,768379
202101,'302,カナダ,70133686,70133686,101561002,101561002
202101,'304,アメリカ合衆国,1001479128,1001479128,589046711,589046711
202101,'305,メキシコ,88401462,88401462,44868809,44868809
202101,'306,グアテマラ,1710577,1710577,457458,457458
202101,'307,ホンジュラス,663190,663190,438039,438039
202101,'308,ベリーズ,23242,23242,22581,22581
202101,'309,エルサルバドル,692499,692499,51626,51626
202101,'310,ニカラグア,311659,311659,156221,156221
202101,'311,コスタリカ,1626334,1626334,2927833,2927833
202101,'312,パナマ,59994602,59994602,2809112,2809112
202101,'314,バーミュダ（英）,69930,69930,-,0
202101,'315,バハマ,3506088,3506088,-,0
202101,'316,ジャマイカ,914103,914103,114855,114855
202101,'317,タークス及びカイコス諸島（英）,14504,14504,-,0
202101,'319,バルバドス,178522,178522,253,253
202101,'320,トリニダード・トバゴ,558324,558324,348652,348652
202101,'321,キューバ,71878,71878,34022,34022
202101,'322,ハイチ,119225,119225,12759,12759
202101,'323,ドミニカ共和国,1111875,1111875,741242,741242
202101,'324,プエルトリコ（米）,4254463,4254463,12178153,12178153
202101,'325,米領バージン諸島,1399,1399,-,0
202101,'326,蘭領アンティール,95773,95773,-,0
202101,'327,仏領西インド諸島,183876,183876,5915,5915
202101,'328,ケイマン諸島（英）,106531,106531,-,0
202101,'329,グレナダ,22520,22520,-,0
202101,'330,セントルシア,52771,52771,-,0
202101,'331,アンティグア・バーブーダ,50379,50379,-,0
202101,'332,英領バージン諸島,5153,5153,520,520
202101,'333,ドミニカ,25197,25197,635,635
202101,'334,モントセラト（英）,3186,3186,-,0
202101,'335,セントクリストファー・ネービス,29374,29374,-,0
202101,'336,セントビンセント,32664,32664,3646,3646
202101,'337,英領アンギラ,6042,6042,-,0
202101,'338,サン・バルテルミー島（仏）,14689,14689,-,0
202101,'401,コロンビア,8877360,8877360,3494929,3494929
202101,'402,ベネズエラ,69150,69150,57078,57078
202101,'403,ガイアナ,457956,457956,27632,27632
202101,'404,スリナム,254358,254358,13364,13364
202101,'405,仏領ギアナ,25015,25015,-,0
202101,'406,エクアドル,1801490,1801490,9332245,9332245
202101,'407,ペルー,5021597,5021597,24108277,24108277
202101,'408,ボリビア,511461,511461,5681632,5681632
202101,'409,チリ,10007175,10007175,74722664,74722664
202101,'410,ブラジル,30681381,30681381,68256756,68256756
202101,'411,パラグアイ,606057,606057,711842,711842
202101,'412,ウルグアイ,571230,571230,337071,337071
202101,'413,アルゼンチン,6269220,6269220,4547126,4547126
202101,'414,フォークランド諸島及びその附属諸島（英）,-,0,11387,11387
202101,'501,モロッコ,1535472,1535472,2667758,2667758
202101,'503,アルジェリア,952855,952855,2998369,2998369
202101,'504,チュニジア,625558,625558,640927,640927
202101,'505,リビア,258034,258034,-,0
202101,'506,エジプト,7939106,7939106,7023899,7023899
202101,'507,スーダン,193470,193470,47668,47668
202101,'509,モーリタニア,82866,82866,2638654,2638654
202101,'510,セネガル,1637021,1637021,150854,150854
202101,'511,ガンビア,2836,2836,-,0
202101,'512,ギニア・ビサウ,48185,48185,-,0
202101,'513,ギニア,44847,44847,1670,1670
202101,'514,シエラレオネ,254410,254410,-,0
202101,'515,リベリア,26491246,26491246,12981,12981
202101,'516,コートジボワール,461542,461542,58291,58291
202101,'517,ガーナ,1107498,1107498,224958,224958
202101,'518,トーゴ,224765,224765,2275,2275
202101,'519,ベナン,96176,96176,-,0
202101,'520,マリ,29787,29787,4251,4251
202101,'521,ブルキナファソ,59054,59054,1043,1043
202101,'522,カーボベルデ,32067,32067,-,0
202101,'523,カナリー諸島（西）,122126,122126,-,0
202101,'524,ナイジェリア,1345327,1345327,8149789,8149789
202101,'525,ニジェール,9022,9022,726,726
202101,'526,ルワンダ,44175,44175,99984,99984
202101,'527,カメルーン,117757,117757,82943,82943
202101,'528,チャド,14491,14491,-,0
202101,'529,中央アフリカ,17191,17191,9322,9322
202101,'531,ガボン,173699,173699,359674,359674
202101,'532,コンゴ共和国,1833,1833,3458,3458
202101,'533,コンゴ民主共和国,432972,432972,25260,25260
202101,'534,ブルンジ,159074,159074,1131,1131
202101,'535,アンゴラ,186809,186809,-,0
202101,'536,サントメ・プリンシペ,-,0,5444,5444
202101,'537,セントヘレナ及びその附属諸島（英）,-,0,17572,17572
202101,'538,エチオピア,188214,188214,539573,539573
202101,'539,ジブチ,164220,164220,-,0
202101,'540,ソマリア,27380,27380,128483,128483
202101,'541,ケニア,5727659,5727659,501580,501580
202101,'542,ウガンダ,868234,868234,249351,249351
202101,'543,タンザニア,2537464,2537464,670432,670432
202101,'544,セーシェル,5524,5524,801801,801801
202101,'545,モザンビーク,687512,687512,827971,827971
202101,'546,マダガスカル,83624,83624,139940,139940
202101,'547,モーリシャス,784374,784374,103992,103992
202101,'548,レユニオン（仏）,135297,135297,-,0
202101,'549,ジンバブエ,103754,103754,548980,548980
202101,'550,ナミビア,197435,197435,61237,61237
202101,'551,南アフリカ共和国,15154654,15154654,61164236,61164236
202101,'552,レソト,37370,37370,6109,6109
202101,'553,マラウイ,93303,93303,36607,36607
202101,'554,ザンビア,275055,275055,76002,76002
202101,'555,ボツワナ,119714,119714,329834,329834
202101,'556,エスワティニ,67042,67042,1913,1913
202101,'560,南スーダン,104092,104092,-,0
202101,'601,オーストラリア,119079980,119079980,375421371,375421371
202101,'602,パプアニューギニア,1263649,1263649,18824901,18824901
202101,'605,その他のオーストラリア領,4163,4163,310,310
202101,'606,ニュージーランド,19079721,19079721,16762830,16762830
202101,'607,クック,8241,8241,71137,71137
202101,'609,ニウエ,63127,63127,-,0
202101,'610,サモア,13307,13307,3766,3766
202101,'611,バヌアツ,77790,77790,454436,454436
202101,'612,フィジー,395533,395533,53907,53907
202101,'613,ソロモン,5250,5250,10928,10928
202101,'614,トンガ,13555,13555,7750,7750
202101,'615,キリバス,22416,22416,42009,42009
202101,'617,ナウル,138083,138083,1090,1090
202101,'618,ニューカレドニア（仏）,49295,49295,1287108,1287108
202101,'619,仏領ポリネシア,42606,42606,171608,171608
202101,'620,グアム（米）,389545,389545,3097,3097
202101,'622,米領オセアニア,-,0,1028,1028
202101,'624,ツバル,12843,12843,-,0
202101,'625,マーシャル,5132469,5132469,139761,139761
202101,'626,ミクロネシア,122753,122753,79726,79726
202101,'627,北マリアナ諸島（米）,74041,74041,-,0
202101,'628,パラオ,43393,43393,8261,8261
202101,'702,不明,-,0,12252,12252
202102,'103,大韓民国,424256509,853963826,242231229,498867086
202102,'105,中華人民共和国,1174365825,2407033672,1449313383,3175659438
202102,'106,台湾,412040337,826037283,235876323,500945945
202102,'107,モンゴル,2439528,5621576,1178910,1322065
202102,'108,香港,259086721,552603569,7137395,17020844
202102,'110,ベトナム,148674234,287526829,193615982,403521150
202102,'111,タイ,281553174,544239023,226215895,439530530
202102,'112,シンガポール,166249194,318193279,67648516,139047032
202102,'113,マレーシア,132872264,264808918,173180351,335655557
202102,'116,ブルネイ,519742,1242222,22277397,44168703
202102,'117,フィリピン,80769669,158490713,88365386,169433147
202102,'118,インドネシア,100911457,187575437,155345481,298482907
202102,'120,カンボジア,4088100,8010546,16398276,30874601
202102,'121,ラオス,1627628,2622932,1136071,2535014
202102,'122,ミャンマー,3547747,8723288,10620532,19687624
202102,'123,インド,109314258,205806706,41321373,90690513
202102,'124,パキスタン,17629898,32342907,3698525,6573446
202102,'125,スリランカ,3010122,5233485,2148701,4638632
202102,'126,モルディブ,308756,386942,13515,66047
202102,'127,バングラデシュ,17912469,33922326,12552657,23289679
202102,'128,東ティモール,119283,121964,17768,25664
202102,'129,マカオ,2161188,4409353,126146,279011
202102,'130,アフガニスタン,464114,744250,1606,4489
202102,'131,ネパール,319304,430594,68191,116212
202102,'132,ブータン,51341,70706,-,880
202102,'133,イラン,587238,955722,397077,697323
202102,'134,イラク,2262671,6252786,3421,10241854
202102,'135,バーレーン,5661276,9860275,13297794,25854371
202102,'137,サウジアラビア,43865841,77658219,216344065,395962610
202102,'138,クウェート,14520422,26876431,51491725,86595551
202102,'140,カタール,9556308,16326994,114211382,196138268
202102,'141,オマーン,12198728,25056989,5714965,27182978
202102,'143,イスラエル,25520805,38787721,11158721,21748459
202102,'144,ヨルダン,3503934,7245123,656846,1090622
202102,'145,シリア,68627,142956,645,645
202102,'146,レバノン,1675062,2838626,189420,359361
202102,'147,アラブ首長国連邦,63224895,110606263,130743972,287258829
202102,'149,イエメン,2461924,4010560,75981,139715
202102,'150,アゼルバイジャン,134788,476702,46689,50764
202102,'151,アルメニア,47457,53751,187250,360115
202102,'152,ウズベキスタン,1877606,2784426,318774,337780
202102,'153,カザフスタン,2865088,4458826,4413694,6612992
202102,'154,キルギス,69193,157775,1041,1490
202102,'155,タジキスタン,87486,110431,39557,39557
202102,'156,トルクメニスタン,378023,407371,217,217
202102,'157,ジョージア,1214186,1819121,299562,488530
202102,'158,ヨルダン川西岸及びガザ,3354,9443,8048,10907
202102,'201,アイスランド,1169998,1479875,672721,1282490
202102,'202,ノルウェー,9628588,19327432,17468793,34019934
202102,'203,スウェーデン,11409812,23298594,24289632,49328590
202102,'204,デンマーク,5931941,9349851,20021448,41909697
202102,'205,英国,91805052,174313147,59790209,116160474
202102,'206,アイルランド,6668804,16010163,38005173,118567118
202102,'207,オランダ,109776944,210422218,27468603,55720422
202102,'208,ベルギー,59091213,113189479,19820539,48604066
202102,'209,ルクセンブルク,3969306,6091810,1201700,2052716
202102,'210,フランス,56312900,107718564,83297618,169651219
202102,'211,モナコ,8500,13239,28851,31858
202102,'212,アンドラ,-,0,-,1236
202102,'213,ドイツ,168028316,326463120,215531965,424897428
202102,'215,スイス,44312239,83694012,83253507,148748782
202102,'217,ポルトガル,4747088,7524390,2623230,6206132
202102,'218,スペイン,17248532,35044889,30353072,59830679
202102,'219,ジブラルタル（英）,1335772,2222039,374,374
202102,'220,イタリア,47304401,86480441,87105128,175105483
202102,'221,マルタ,697059,984483,1640115,4090306
202102,'222,フィンランド,4866687,9074897,14458241,27562086
202102,'223,ポーランド,27768114,52914733,8384663,16347991
202102,'224,ロシア,62929457,116671881,99861697,185765404
202102,'225,オーストリア,14406303,22279946,17404845,36368200
202102,'227,ハンガリー,18085991,31659289,9471194,18163314
202102,'228,セルビア,405230,533311,4071051,9189473
202102,'229,アルバニア,20438,38108,229885,333149
202102,'230,ギリシャ,2194285,3725187,4386876,10281734
202102,'231,ルーマニア,4516601,8137174,7431174,19343841
202102,'232,ブルガリア,1667406,3457833,1312658,2412658
202102,'233,キプロス,1000338,1308070,9029,13137
202102,'234,トルコ,26780289,51878538,7062981,12938783
202102,'235,エストニア,1740313,3678152,1853961,2956270
202102,'236,ラトビア,341953,659390,800167,1334885
202102,'237,リトアニア,901734,1475192,1340719,2350273
202102,'238,ウクライナ,6128237,10673560,3338200,9919603
202102,'239,ベラルーシ,191829,309712,133324,227066
202102,'240,モルドバ,22076,34639,116066,247719
202102,'241,クロアチア,552524,1309819,221507,407856
202102,'242,スロベニア,1964227,3136618,667924,2004725
202102,'243,ボスニア・ヘルツェゴビナ,19870,33596,64352,112657
202102,'244,北マケドニア,155610,296916,191970,309195
202102,'245,チェコ,16577045,33453124,13437614,24872928
202102,'246,スロバキア,1329633,2431448,2350849,5390932
202102,'247,モンテネグロ,36394,62157,4912,9845
202102,'248,コソボ,10473,10473,3936,5799
202102,'249,フェロー諸島（デンマーク）,-,0,136550,257542
202102,'301,グリーンランド（デンマーク）,-,0,604227,1372606
202102,'302,カナダ,76792637,146926323,99638285,201199287
202102,'304,アメリカ合衆国,1092372148,2093851276,622894897,1211941608
202102,'305,メキシコ,92318992,180720454,38177071,83045880
202102,'306,グアテマラ,2460836,4171413,830215,1287673
202102,'307,ホンジュラス,822190,1485380,271906,709945
202102,'308,ベリーズ,26209,49451,31839,54420
202102,'309,エルサルバドル,2169725,2862224,101073,152699
202102,'310,ニカラグア,829872,1141531,171206,327427
202102,'311,コスタリカ,1934823,3561157,3246124,6173957
202102,'312,パナマ,55208797,115203399,7502912,10312024
202102,'314,バーミュダ（英）,134668,204598,-,0
202102,'315,バハマ,322113,3828201,19237,19237
202102,'316,ジャマイカ,1671916,2586019,54342,169197
202102,'317,タークス及びカイコス諸島（英）,4254,18758,-,0
202102,'319,バルバドス,222039,400561,1732,1985
202102,'320,トリニダード・トバゴ,868323,1426647,242643,591295
202102,'321,キューバ,215252,287130,57302,91324
202102,'322,ハイチ,523731,642956,44110,56869
202102,'323,ドミニカ共和国,1581004,2692879,879702,1620944
202102,'324,プエルトリコ（米）,5824185,10078648,12009033,24187186
202102,'325,米領バージン諸島,282,1681,204,204
202102,'326,蘭領アンティール,79822,175595,-,0
202102,'327,仏領西インド諸島,114957,298833,-,5915
202102,'328,ケイマン諸島（英）,125017,231548,-,0
202102,'329,グレナダ,61512,84032,-,0
202102,'330,セントルシア,82296,135067,370,370
202102,'331,アンティグア・バーブーダ,32544,82923,856,856
202102,'332,英領バージン諸島,6213,11366,-,520
202102,'333,ドミニカ,29819,55016,-,635
202102,'334,モントセラト（英）,5256,8442,-,0
202102,'335,セントクリストファー・ネービス,50320,79694,-,0
202102,'336,セントビンセント,46655,79319,11175,14821
202102,'337,英領アンギラ,9236,15278,-,0
202102,'338,サン・バルテルミー島（仏）,3652,18341,-,0
202102,'401,コロンビア,10096955,18974315,4161208,7656137
202102,'402,ベネズエラ,97290,166440,123494,180572
202102,'403,ガイアナ,746292,1204248,2055,29687
202102,'404,スリナム,603128,857486,47650,61014
202102,'405,仏領ギアナ,51515,76530,-,0
202102,'406,エクアドル,4182308,5983798,9940096,19272341
202102,'407,ペルー,5129476,10151073,28282027,52390304
202102,'408,ボリビア,627504,1138965,1553117,7234749
202102,'409,チリ,11283990,21291165,81217950,155940614
202102,'410,ブラジル,33966046,64647427,61379435,129636191
202102,'411,パラグアイ,570360,1176417,232117,943959
202102,'412,ウルグアイ,656763,1227993,209588,546659
202102,'413,アルゼンチン,7513347,13782567,3599005,8146131
202102,'414,フォークランド諸島及びその附属諸島（英）,-,0,5772,17159
202102,'501,モロッコ,1998705,3534177,2894517,5562275
202102,'502,セウタ及びメリリア（西）,4756,4756,2126,2126
202102,'503,アルジェリア,617042,1569897,5286161,8284530
202102,'504,チュニジア,633428,1258986,791796,1432723
202102,'505,リビア,122689,380723,475,475
202102,'506,エジプト,12412681,20351787,653437,7677336
202102,'507,スーダン,413932,607402,23148,70816
202102,'509,モーリタニア,172909,255775,152261,2790915
202102,'510,セネガル,350327,1987348,66319,217173
202102,'511,ガンビア,190345,193181,-,0
202102,'512,ギニア・ビサウ,23900,72085,-,0
202102,'513,ギニア,138535,183382,1655,3325
202102,'514,シエラレオネ,250610,505020,292,292
202102,'515,リベリア,27490788,53982034,11826,24807
202102,'516,コートジボワール,814284,1275826,-,58291
202102,'517,ガーナ,1421125,2528623,402871,627829
202102,'518,トーゴ,209347,434112,13889,16164
202102,'519,ベナン,292203,388379,-,0
202102,'520,マリ,68242,98029,304,4555
202102,'521,ブルキナファソ,96782,155836,59064,60107
202102,'522,カーボベルデ,65132,97199,-,0
202102,'523,カナリー諸島（西）,86426,208552,203,203
202102,'524,ナイジェリア,2101884,3447211,10537446,18687235
202102,'525,ニジェール,308,9330,-,726
202102,'526,ルワンダ,169559,213734,310,100294
202102,'527,カメルーン,215803,333560,17693,100636
202102,'528,チャド,45735,60226,2833,2833
202102,'529,中央アフリカ,-,17191,18725,28047
202102,'530,赤道ギニア,1334,1334,8425412,8425412
202102,'531,ガボン,145792,319491,613356,973030
202102,'532,コンゴ共和国,149592,151425,20908,24366
202102,'533,コンゴ民主共和国,423843,856815,257661,282921
202102,'534,ブルンジ,70723,229797,25675,26806
202102,'535,アンゴラ,119515,306324,-,0
202102,'536,サントメ・プリンシペ,-,0,10341,15785
202102,'537,セントヘレナ及びその附属諸島（英）,2919,2919,1800,19372
202102,'538,エチオピア,303808,492022,387816,927389
202102,'539,ジブチ,283556,447776,-,0
202102,'540,ソマリア,47837,75217,106568,235051
202102,'541,ケニア,7266685,12994344,346932,848512
202102,'542,ウガンダ,1306523,2174757,89511,338862
202102,'543,タンザニア,1951180,4488644,1239315,1909747
202102,'544,セーシェル,2944,8468,1209038,2010839
202102,'545,モザンビーク,608134,1295646,537040,1365011
202102,'546,マダガスカル,55904,139528,242733,382673
202102,'547,モーリシャス,1068966,1853340,67749,171741
202102,'548,レユニオン（仏）,162942,298239,365,365
202102,'549,ジンバブエ,137044,240798,383429,932409
202102,'550,ナミビア,147263,344698,16199,77436
202102,'551,南アフリカ共和国,17499577,32654231,63511565,124675801
202102,'552,レソト,61525,98895,3712,9821
202102,'553,マラウイ,122601,215904,47424,84031
202102,'554,ザンビア,342186,617241,160371,236373
202102,'555,ボツワナ,236477,356191,45289,375123
202102,'556,エスワティニ,52871,119913,14908,16821
202102,'558,コモロ,132228,132228,2414,2414
202102,'559,エリトリア,38126,38126,573,573
202102,'560,南スーダン,106709,210801,-,0
202102,'601,オーストラリア,131976407,251056387,332800503,708221874
202102,'602,パプアニューギニア,1644380,2908029,33538634,52363535
202102,'605,その他のオーストラリア領,2378,6541,580,890
202102,'606,ニュージーランド,20670475,39750196,14892000,31654830
202102,'607,クック,10295,18536,348175,419312
202102,'609,ニウエ,49380,112507,455,455
202102,'610,サモア,101559,114866,-,3766
202102,'611,バヌアツ,75620,153410,496986,951422
202102,'612,フィジー,395439,790972,95967,149874
202102,'613,ソロモン,143791,149041,3038,13966
202102,'614,トンガ,63115,76670,1555,9305
202102,'615,キリバス,61972,84388,6319,48328
202102,'617,ナウル,20946,159029,83276,84366
202102,'618,ニューカレドニア（仏）,484600,533895,246223,1533331
202102,'619,仏領ポリネシア,258007,300613,145281,316889
202102,'620,グアム（米）,1766432,2155977,5885,8982
202102,'621,米領サモア,44273,44273,468,468
202102,'622,米領オセアニア,-,0,825,1853
202102,'624,ツバル,192790,205633,-,0
202102,'625,マーシャル,14160212,19292681,4908,144669
202102,'626,ミクロネシア,92065,214818,693247,772973
202102,'627,北マリアナ諸島（米）,223257,297298,-,0
202102,'628,パラオ,40478,83871,21506,29767
202102,'702,不明,-,0,-,12252
202103,'103,大韓民国,494818743,1348782569,294450728,793317814
202103,'105,中華人民共和国,1634297185,4041330857,1583034434,4758693872
202103,'106,台湾,490874693,1316911976,258732057,759678002
202103,'107,モンゴル,4284518,9906094,172839,1494904
202103,'108,香港,319853639,872457208,10438549,27459393
202103,'110,ベトナム,179608846,467135675,220341039,623862189
202103,'111,タイ,305356792,849595815,267027368,706557898
202103,'112,シンガポール,194015867,512209146,79321743,218368775
202103,'113,マレーシア,162368622,427177540,194742302,530397859
202103,'116,ブルネイ,962116,2204338,20624127,64792830
202103,'117,フィリピン,105922914,264413627,109444253,278877400
202103,'118,インドネシア,124785760,312361197,189248632,487731539
202103,'120,カンボジア,7128614,15139160,20831091,51705692
202103,'121,ラオス,1281477,3904409,1480118,4015132
202103,'122,ミャンマー,3057857,11781145,10434641,30122265
202103,'123,インド,143821411,349628117,62823600,153514113
202103,'124,パキスタン,20271726,52614633,2864582,9438028
202103,'125,スリランカ,3273910,8507395,2581642,7220274
202103,'126,モルディブ,332329,719271,40742,106789
202103,'127,バングラデシュ,23899617,57821943,18079321,41369000
202103,'128,東ティモール,168368,290332,17146,42810
202103,'129,マカオ,2581592,6990945,150814,429825
202103,'130,アフガニスタン,395331,1139581,15349,19838
202103,'131,ネパール,336837,767431,125366,241578
202103,'132,ブータン,18937,89643,243,1123
202103,'133,イラン,645593,1601315,504564,1201887
202103,'134,イラク,4553966,10806752,-,10241854
202103,'135,バーレーン,7221500,17081775,16336438,42190809
202103,'137,サウジアラビア,61832102,139490321,249829164,645791774
202103,'138,クウェート,25107477,51983908,50404650,137000201
202103,'140,カタール,9652113,25979107,104236155,300374423
202103,'141,オマーン,13195548,38252537,6563969,33746947
202103,'143,イスラエル,19986190,58773911,11850630,33599089
202103,'144,ヨルダン,3412352,10657475,291965,1382587
202103,'145,シリア,10833,153789,11086,11731
202103,'146,レバノン,1654090,4492716,13637,372998
202103,'147,アラブ首長国連邦,85726664,196332927,176247238,463506067
202103,'149,イエメン,2503440,6514000,95921,235636
202103,'150,アゼルバイジャン,1142705,1619407,808,51572
202103,'151,アルメニア,21838,75589,92017,452132
202103,'152,ウズベキスタン,1796498,4580924,134084,471864
202103,'153,カザフスタン,3259964,7718790,2933659,9546651
202103,'154,キルギス,107868,265643,6771,8261
202103,'155,タジキスタン,91243,201674,34078,73635
202103,'156,トルクメニスタン,83648,491019,243,460
202103,'157,ジョージア,1307791,3126912,408985,897515
202103,'158,ヨルダン川西岸及びガザ,12201,21644,26682,37589
202103,'201,アイスランド,464227,1944102,566493,1848983
202103,'202,ノルウェー,14575278,33902710,13430949,47450883
202103,'203,スウェーデン,17325764,40624358,37589698,86918288
202103,'204,デンマーク,7271531,16621382,26187810,68097507
202103,'205,英国,89172665,263485812,67466664,183627138
202103,'206,アイルランド,8168810,24178973,84727446,203294564
202103,'207,オランダ,133061014,343483232,42192074,97912496
202103,'208,ベルギー,75726838,188916317,43532528,92136594
202103,'209,ルクセンブルク,5326213,11418023,860435,2913151
202103,'210,フランス,70063032,177781596,97952203,267603422
202103,'211,モナコ,2427,15666,10110,41968
202103,'212,アンドラ,3434,3434,1596,2832
202103,'213,ドイツ,204274245,530737365,222707760,647605188
202103,'215,スイス,48501957,132195969,90471711,239220493
202103,'217,ポルトガル,6522904,14047294,4727181,10933313
202103,'218,スペイン,28732893,63777782,35810489,95641168
202103,'219,ジブラルタル（英）,1327208,3549247,-,374
202103,'220,イタリア,51445123,137925564,110215887,285321370
202103,'221,マルタ,1036834,2021317,1400105,5490411
202103,'222,フィンランド,5078260,14153157,15844770,43406856
202103,'223,ポーランド,33717644,86632377,10023519,26371510
202103,'224,ロシア,74298714,190970595,99044271,284809675
202103,'225,オーストリア,11623077,33903023,19511973,55880173
202103,'227,ハンガリー,19469180,51128469,9599193,27762507
202103,'228,セルビア,309460,842771,7180625,16370098
202103,'229,アルバニア,6402,44510,119522,452671
202103,'230,ギリシャ,2378230,6103417,6711381,16993115
202103,'231,ルーマニア,4577285,12714459,7026382,26370223
202103,'232,ブルガリア,1642721,5100554,1127960,3540618
202103,'233,キプロス,949703,2257773,14196,27333
202103,'234,トルコ,31913964,83792502,8959229,21898012
202103,'235,エストニア,2081732,5759884,5159699,8115969
202103,'236,ラトビア,431612,1091002,726170,2061055
202103,'237,リトアニア,1001001,2476193,1422291,3772564
202103,'238,ウクライナ,6837317,17510877,5972106,15891709
202103,'239,ベラルーシ,183660,493372,159084,386150
202103,'240,モルドバ,38544,73183,103361,351080
202103,'241,クロアチア,496676,1806495,1381630,1789486
202103,'242,スロベニア,1924158,5060776,1155890,3160615
202103,'243,ボスニア・ヘルツェゴビナ,10388,43984,63148,175805
202103,'244,北マケドニア,194598,491514,200482,509677
202103,'245,チェコ,18808829,52261953,14074813,38947741
202103,'246,スロバキア,1400093,3831541,3178272,8569204
202103,'247,モンテネグロ,19435,81592,7042,16887
202103,'248,コソボ,630,11103,6724,12523
202103,'249,フェロー諸島（デンマーク）,493,493,51795,309337
202103,'301,グリーンランド（デンマーク）,638,638,399054,1771660
202103,'302,カナダ,90416264,237342587,105389782,306589069
202103,'304,アメリカ合衆国,1239276100,3333127376,797637186,2009578794
202103,'305,メキシコ,103168723,283889177,53787020,136832900
202103,'306,グアテマラ,2929796,7101209,1566965,2854638
202103,'307,ホンジュラス,1248151,2733531,755792,1465737
202103,'308,ベリーズ,138102,187553,-,54420
202103,'309,エルサルバドル,1389262,4251486,189334,342033
202103,'310,ニカラグア,781782,1923313,278148,605575
202103,'311,コスタリカ,2114843,5676000,4641444,10815401
202103,'312,パナマ,64117945,179321344,9829851,20141875
202103,'314,バーミュダ（英）,248309,452907,279,279
202103,'315,バハマ,360384,4188585,3138,22375
202103,'316,ジャマイカ,1518594,4104613,108782,277979
202103,'317,タークス及びカイコス諸島（英）,3397,22155,-,0
202103,'319,バルバドス,185622,586183,940,2925
202103,'320,トリニダード・トバゴ,1048988,2475635,969604,1560899
202103,'321,キューバ,17253,304383,49045,140369
202103,'322,ハイチ,179118,822074,51639,108508
202103,'323,ドミニカ共和国,2089768,4782647,960043,2580987
202103,'324,プエルトリコ（米）,8826235,18904883,23166119,47353305
202103,'325,米領バージン諸島,-,1681,-,204
202103,'326,蘭領アンティール,149775,325370,1504,1504
202103,'327,仏領西インド諸島,257038,555871,1842,7757
202103,'328,ケイマン諸島（英）,140082,371630,1659680,1659680
202103,'329,グレナダ,68241,152273,903,903
202103,'330,セントルシア,79671,214738,-,370
202103,'331,アンティグア・バーブーダ,52553,135476,318,1174
202103,'332,英領バージン諸島,23538,34904,-,520
202103,'333,ドミニカ,17523,72539,5122,5757
202103,'334,モントセラト（英）,3225,11667,-,0
202103,'335,セントクリストファー・ネービス,27085,106779,-,0
202103,'336,セントビンセント,33479,112798,-,14821
202103,'337,英領アンギラ,7624,22902,-,0
202103,'338,サン・バルテルミー島（仏）,24911,43252,238,238
202103,'401,コロンビア,13226935,32201250,4751228,12407365
202103,'402,ベネズエラ,239042,405482,355637,536209
202103,'403,ガイアナ,1016649,2220897,377320,407007
202103,'404,スリナム,582894,1440380,23093,84107
202103,'405,仏領ギアナ,63210,139740,-,0
202103,'406,エクアドル,2888589,8872387,11918196,31190537
202103,'407,ペルー,6694597,16845670,29717463,82107767
202103,'408,ボリビア,1022766,2161731,5816047,13050796
202103,'409,チリ,13917259,35208424,66920905,222861519
202103,'410,ブラジル,47665118,112312545,68530874,198167065
202103,'411,パラグアイ,966880,2143297,370085,1314044
202103,'412,ウルグアイ,888890,2116883,227318,773977
202103,'413,アルゼンチン,7972725,21755292,3803366,11949497
202103,'414,フォークランド諸島及びその附属諸島（英）,-,0,27361,44520
202103,'501,モロッコ,3208309,6742486,2818272,8380547
202103,'502,セウタ及びメリリア（西）,2780,7536,6554,8680
202103,'503,アルジェリア,710883,2280780,-,8284530
202103,'504,チュニジア,685789,1944775,800167,2232890
202103,'505,リビア,315176,695899,-,475
202103,'506,エジプト,12266873,32618660,644583,8321919
202103,'507,スーダン,642663,1250065,96049,166865
202103,'509,モーリタニア,219399,475174,1013659,3804574
202103,'510,セネガル,1089991,3077339,202987,420160
202103,'511,ガンビア,3652,196833,7142,7142
202103,'512,ギニア・ビサウ,75939,148024,-,0
202103,'513,ギニア,158395,341777,539,3864
202103,'514,シエラレオネ,168212,673232,15138,15430
202103,'515,リベリア,34449526,88431560,-,24807
202103,'516,コートジボワール,973914,2249740,147451,205742
202103,'517,ガーナ,2078314,4606937,1760304,2388133
202103,'518,トーゴ,270448,704560,40296,56460
202103,'519,ベナン,198254,586633,-,0
202103,'520,マリ,80332,178361,5533,10088
202103,'521,ブルキナファソ,113263,269099,916,61023
202103,'522,カーボベルデ,21649,118848,-,0
202103,'523,カナリー諸島（西）,225339,433891,-,203
202103,'524,ナイジェリア,2703722,6150933,4738685,23425920
202103,'525,ニジェール,24769,34099,12345,13071
202103,'526,ルワンダ,145842,359576,114476,214770
202103,'527,カメルーン,345080,678640,87602,188238
202103,'528,チャド,19415,79641,211,3044
202103,'529,中央アフリカ,-,17191,8005,36052
202103,'530,赤道ギニア,2252,3586,2781233,11206645
202103,'531,ガボン,185734,505225,121824,1094854
202103,'532,コンゴ共和国,108702,260127,7430,31796
202103,'533,コンゴ民主共和国,903318,1760133,273229,556150
202103,'534,ブルンジ,187849,417646,18842,45648
202103,'535,アンゴラ,379631,685955,-,0
202103,'536,サントメ・プリンシペ,-,0,533,16318
202103,'537,セントヘレナ及びその附属諸島（英）,398,3317,51676,71048
202103,'538,エチオピア,1423241,1915263,577501,1504890
202103,'539,ジブチ,1088474,1536250,680,680
202103,'540,ソマリア,62260,137477,241979,477030
202103,'541,ケニア,9933308,22927652,514515,1363027
202103,'542,ウガンダ,1810993,3985750,124301,463163
202103,'543,タンザニア,2764530,7253174,1127733,3037480
202103,'544,セーシェル,10187,18655,1104978,3115817
202103,'545,モザンビーク,992051,2287697,117708,1482719
202103,'546,マダガスカル,74380,213908,304708,687381
202103,'547,モーリシャス,1141448,2994788,101746,273487
202103,'548,レユニオン（仏）,168802,467041,14303,14668
202103,'549,ジンバブエ,118576,359374,723191,1655600
202103,'550,ナミビア,74939,419637,2132,79568
202103,'551,南アフリカ共和国,22175405,54829636,61627323,186303124
202103,'552,レソト,66176,165071,48481,58302
202103,'553,マラウイ,201359,417263,47099,131130
202103,'554,ザンビア,537923,1155164,487755,724128
202103,'555,ボツワナ,286372,642563,546299,921422
202103,'556,エスワティニ,103906,223819,15383,32204
202103,'558,コモロ,59516,191744,-,2414
202103,'559,エリトリア,2752,40878,943,1516
202103,'560,南スーダン,42071,252872,370,370
202103,'601,オーストラリア,160232526,411288913,377246478,1085468352
202103,'602,パプアニューギニア,1409987,4318016,21238310,73601845
202103,'605,その他のオーストラリア領,1000,7541,-,890
202103,'606,ニュージーランド,24591043,64341239,22408339,54063169
202103,'607,クック,15204,33740,66314,485626
202103,'608,トケラウ諸島（ニュージーランド）,-,0,363,363
202103,'609,ニウエ,116720,229227,310,765
202103,'610,サモア,97690,212556,6345,10111
202103,'611,バヌアツ,13490,166900,545086,1496508
202103,'612,フィジー,478441,1269413,439555,589429
202103,'613,ソロモン,17628,166669,-,13966
202103,'614,トンガ,63821,140491,1870,11175
202103,'615,キリバス,41671,126059,12098,60426
202103,'617,ナウル,46692,205721,4697,89063
202103,'618,ニューカレドニア（仏）,91636,625531,1659412,3192743
202103,'619,仏領ポリネシア,165410,466023,490344,807233
202103,'620,グアム（米）,1611793,3767770,4657,13639
202103,'621,米領サモア,22032,66305,-,468
202103,'622,米領オセアニア,1307,1307,1949,3802
202103,'624,ツバル,55392,261025,10766,10766
202103,'625,マーシャル,14501729,33794410,13924,158593
202103,'626,ミクロネシア,136296,351114,33965,806938
202103,'627,北マリアナ諸島（米）,113023,410321,-,0
202103,'628,パラオ,97101,180972,6599,36366
202103,'702,不明,-,0,1706,13958
202104,'103,大韓民国,517508968,1866291537,294959271,1088277085
202104,'105,中華人民共和国,1582718637,5624049494,1754294737,6512988609
202104,'106,台湾,493541692,1810453668,323003951,1082681953
202104,'107,モンゴル,4802630,14708724,276482,1771386
202104,'108,香港,326907109,1199364317,12670374,40129767
202104,'110,ベトナム,192138639,659274314,227348683,851210872
202104,'111,タイ,313751840,1163347655,239680444,946238342
202104,'112,シンガポール,187363353,699572499,66151904,284520679
202104,'113,マレーシア,152813375,579990915,182142387,712540246
202104,'116,ブルネイ,587506,2791844,16703070,81495900
202104,'117,フィリピン,99618342,364031969,96230382,375107782
202104,'118,インドネシア,103306604,415667801,168666841,656398380
202104,'120,カンボジア,6747420,21886580,16779791,68485483
202104,'121,ラオス,1627980,5532389,1476741,5491873
202104,'122,ミャンマー,2313363,14094508,8651292,38773557
202104,'123,インド,121883205,471511322,60299569,213813682
202104,'124,パキスタン,20545216,73159849,2037904,11475932
202104,'125,スリランカ,3946544,12453939,3406316,10626590
202104,'126,モルディブ,136287,855558,194041,300830
202104,'127,バングラデシュ,20261508,78083451,13988648,55357648
202104,'128,東ティモール,38681,329013,3933,46743
202104,'129,マカオ,2497843,9488788,187877,617702
202104,'130,アフガニスタン,373058,1512639,1549,21387
202104,'131,ネパール,309358,1076789,54646,296224
202104,'132,ブータン,23453,113096,550,1673
202104,'133,イラン,382412,1983727,320766,1522653
202104,'134,イラク,3254031,14060783,1715204,11957058
202104,'135,バーレーン,4383401,21465176,8541626,50732435
202104,'137,サウジアラビア,41452039,180942360,231014194,876805968
202104,'138,クウェート,19165155,71149063,64036891,201037092
202104,'140,カタール,7247349,33226456,94012853,394387276
202104,'141,オマーン,12309386,50561923,6278993,40025940
202104,'143,イスラエル,15394986,74168897,9743722,43342811
202104,'144,ヨルダン,2651807,13309282,558707,1941294
202104,'145,シリア,53589,207378,1384,13115
202104,'146,レバノン,1747054,6239770,342663,715661
202104,'147,アラブ首長国連邦,67045222,263378149,254026224,717532291
202104,'149,イエメン,2188521,8702521,75490,311126
202104,'150,アゼルバイジャン,314055,1933462,60267,111839
202104,'151,アルメニア,55172,130761,172192,624324
202104,'152,ウズベキスタン,1877783,6458707,478900,950764
202104,'153,カザフスタン,2837854,10556644,8030084,17576735
202104,'154,キルギス,182823,448466,1948,10209
202104,'155,タジキスタン,479683,681357,569,74204
202104,'156,トルクメニスタン,109180,600199,1922,2382
202104,'157,ジョージア,1484420,4611332,205818,1103333
202104,'158,ヨルダン川西岸及びガザ,886,22530,1904,39493
202104,'201,アイスランド,663332,2607434,1119792,2968775
202104,'202,ノルウェー,10931075,44833785,15696877,63147760
202104,'203,スウェーデン,12695745,53320103,30947568,117865856
202104,'204,デンマーク,6552131,23173513,22353960,90451467
202104,'205,英国,90671257,354157069,67029077,250656215
202104,'206,アイルランド,10197416,34376389,56300491,259595055
202104,'207,オランダ,120507726,463990958,33610369,131522865
202104,'208,ベルギー,73142237,262058554,87669723,179806317
202104,'209,ルクセンブルク,5467611,16885634,807622,3720773
202104,'210,フランス,66145391,243926987,89772952,357376374
202104,'211,モナコ,2057,17723,20998,62966
202104,'212,アンドラ,48176,51610,376,3208
202104,'213,ドイツ,194335117,725072482,204163644,851768832
202104,'215,スイス,41595042,173791011,85624705,324845198
202104,'217,ポルトガル,9050597,23097891,6606812,17540125
202104,'218,スペイン,24632331,88410113,45913410,141554578
202104,'219,ジブラルタル（英）,686419,4235666,-,374
202104,'220,イタリア,51413544,189339108,97575628,382896998
202104,'221,マルタ,848192,2869509,5157453,10647864
202104,'222,フィンランド,4477960,18631117,20106115,63512971
202104,'223,ポーランド,34370622,121002999,11346030,37717540
202104,'224,ロシア,77389465,268360060,111654640,396464315
202104,'225,オーストリア,10683963,44586986,19707809,75587982
202104,'227,ハンガリー,16780784,67909253,12009180,39771687
202104,'228,セルビア,494777,1337548,10043392,26413490
202104,'229,アルバニア,23461,67971,174592,627263
202104,'230,ギリシャ,1652217,7755634,9728877,26721992
202104,'231,ルーマニア,4062245,16776704,9205916,35576139
202104,'232,ブルガリア,1554076,6654630,1151696,4692314
202104,'233,キプロス,818957,3076730,13227,40560
202104,'234,トルコ,31837522,115630024,11757219,33655231
202104,'235,エストニア,2027250,7787134,1147667,9263636
202104,'236,ラトビア,555888,1646890,625156,2686211
202104,'237,リトアニア,1210275,3686468,1105164,4877728
202104,'238,ウクライナ,4925588,22436465,8631092,24522801
202104,'239,ベラルーシ,176742,670114,198592,584742
202104,'240,モルドバ,21036,94219,87192,438272
202104,'241,クロアチア,388285,2194780,1957190,3746676
202104,'242,スロベニア,2018975,7079751,1930663,5091278
202104,'243,ボスニア・ヘルツェゴビナ,26177,70161,48440,224245
202104,'244,北マケドニア,159941,651455,141454,651131
202104,'245,チェコ,18986226,71248179,18241461,57189202
202104,'246,スロバキア,1347899,5179440,2758598,11327802
202104,'247,モンテネグロ,36019,117611,4023,20910
202104,'248,コソボ,17154,28257,2644,15167
202104,'249,フェロー諸島（デンマーク）,-,493,101836,411173
202104,'301,グリーンランド（デンマーク）,-,638,759815,2531475
202104,'302,カナダ,89200182,326542769,125893017,432482086
202104,'304,アメリカ合衆国,1275834731,4608962107,741039139,2750617933
202104,'305,メキシコ,104452509,388341686,50980492,187813392
202104,'306,グアテマラ,3339342,10440551,1886484,4741122
202104,'307,ホンジュラス,1759052,4492583,690459,2156196
202104,'308,ベリーズ,328461,516014,52414,106834
202104,'309,エルサルバドル,980330,5231816,272967,615000
202104,'310,ニカラグア,836719,2760032,271193,876768
202104,'311,コスタリカ,2085167,7761167,3982147,14797548
202104,'312,パナマ,38995232,218316576,613039,20754914
202104,'314,バーミュダ（英）,71646,524553,-,279
202104,'315,バハマ,7414942,11603527,14063,36438
202104,'316,ジャマイカ,1656631,5761244,45269,323248
202104,'317,タークス及びカイコス諸島（英）,3147,25302,-,0
202104,'319,バルバドス,129215,715398,2145,5070
202104,'320,トリニダード・トバゴ,616133,3091768,952257,2513156
202104,'321,キューバ,77364,381747,133341,273710
202104,'322,ハイチ,281338,1103412,58270,166778
202104,'323,ドミニカ共和国,1175278,5957925,1117586,3698573
202104,'324,プエルトリコ（米）,7575902,26480785,15421232,62774537
202104,'325,米領バージン諸島,901,2582,2496,2700
202104,'326,蘭領アンティール,201841,527211,247,1751
202104,'327,仏領西インド諸島,186849,742720,648,8405
202104,'328,ケイマン諸島（英）,57022,428652,-,1659680
202104,'329,グレナダ,37684,189957,-,903
202104,'330,セントルシア,71944,286682,-,370
202104,'331,アンティグア・バーブーダ,38210,173686,-,1174
202104,'332,英領バージン諸島,6843,41747,828,1348
202104,'333,ドミニカ,17749,90288,671,6428
202104,'334,モントセラト（英）,2466,14133,1747,1747
202104,'335,セントクリストファー・ネービス,67524,174303,-,0
202104,'336,セントビンセント,18944,131742,-,14821
202104,'337,英領アンギラ,9135,32037,-,0
202104,'338,サン・バルテルミー島（仏）,15939,59191,-,238
202104,'401,コロンビア,14858993,47060243,4931068,17338433
202104,'402,ベネズエラ,108193,513675,1400283,1936492
202104,'403,ガイアナ,762975,2983872,13392,420399
202104,'404,スリナム,392572,1832952,2953,87060
202104,'405,仏領ギアナ,64803,204543,307,307
202104,'406,エクアドル,1961966,10834353,13943798,45134335
202104,'407,ペルー,6386017,23231687,29556503,111664270
202104,'408,ボリビア,802206,2963937,3053961,16104757
202104,'409,チリ,14566413,49774837,65166158,288027677
202104,'410,ブラジル,38393028,150705573,67136919,265303984
202104,'411,パラグアイ,725800,2869097,419753,1733797
202104,'412,ウルグアイ,718908,2835791,221324,995301
202104,'413,アルゼンチン,8491054,30246346,2977844,14927341
202104,'414,フォークランド諸島及びその附属諸島（英）,-,0,12994,57514
202104,'501,モロッコ,1264088,8006574,3859770,12240317
202104,'502,セウタ及びメリリア（西）,2786,10322,363,9043
202104,'503,アルジェリア,918898,3199678,5702860,13987390
202104,'504,チュニジア,792267,2737042,3243106,5475996
202104,'505,リビア,228636,924535,-,475
202104,'506,エジプト,9730418,42349078,3073200,11395119
202104,'507,スーダン,391642,1641707,62598,229463
202104,'509,モーリタニア,93303,568477,998989,4803563
202104,'510,セネガル,646662,3724001,127836,547996
202104,'511,ガンビア,-,196833,-,7142
202104,'512,ギニア・ビサウ,1180,149204,-,0
202104,'513,ギニア,70179,411956,17080,20944
202104,'514,シエラレオネ,500040,1173272,1248750,1264180
202104,'515,リベリア,15345910,103777470,-,24807
202104,'516,コートジボワール,941494,3191234,65733,271475
202104,'517,ガーナ,1500140,6107077,1592638,3980771
202104,'518,トーゴ,349601,1054161,55236,111696
202104,'519,ベナン,18487,605120,-,0
202104,'520,マリ,36226,214587,236,10324
202104,'521,ブルキナファソ,91760,360859,95865,156888
202104,'522,カーボベルデ,30454,149302,-,0
202104,'523,カナリー諸島（西）,233239,667130,704,907
202104,'524,ナイジェリア,3929275,10080208,1889681,25315601
202104,'525,ニジェール,79337,113436,800,13871
202104,'526,ルワンダ,111148,470724,10278,225048
202104,'527,カメルーン,272096,950736,69643,257881
202104,'528,チャド,27631,107272,-,3044
202104,'529,中央アフリカ,11093,28284,-,36052
202104,'530,赤道ギニア,753,4339,-,11206645
202104,'531,ガボン,143292,648517,125554,1220408
202104,'532,コンゴ共和国,39864,299991,17361,49157
202104,'533,コンゴ民主共和国,667151,2427284,476167,1032317
202104,'534,ブルンジ,98341,515987,21732,67380
202104,'535,アンゴラ,291113,977068,51710,51710
202104,'536,サントメ・プリンシペ,-,0,-,16318
202104,'537,セントヘレナ及びその附属諸島（英）,-,3317,33072,104120
202104,'538,エチオピア,238018,2153281,465175,1970065
202104,'539,ジブチ,144573,1680823,-,680
202104,'540,ソマリア,43503,180980,121099,598129
202104,'541,ケニア,9456587,32384239,869656,2232683
202104,'542,ウガンダ,2682758,6668508,205940,669103
202104,'543,タンザニア,2786970,10040144,842146,3879626
202104,'544,セーシェル,10253,28908,423426,3539243
202104,'545,モザンビーク,1022863,3310560,1042306,2525025
202104,'546,マダガスカル,32834,246742,367516,1054897
202104,'547,モーリシャス,944482,3939270,35125,308612
202104,'548,レユニオン（仏）,104177,571218,-,14668
202104,'549,ジンバブエ,139715,499089,397967,2053567
202104,'550,ナミビア,407935,827572,103361,182929
202104,'551,南アフリカ共和国,21746096,76575732,83162393,269465517
202104,'552,レソト,73109,238180,2061,60363
202104,'553,マラウイ,237064,654327,16388,147518
202104,'554,ザンビア,567026,1722190,199518,923646
202104,'555,ボツワナ,180513,823076,6798084,7719506
202104,'556,エスワティニ,83394,307213,3925,36129
202104,'558,コモロ,40472,232216,1755,4169
202104,'559,エリトリア,5236,46114,520,2036
202104,'560,南スーダン,36243,289115,2694903,2695273
202104,'601,オーストラリア,159856518,571145431,382043050,1467511402
202104,'602,パプアニューギニア,1907585,6225601,16450631,90052476
202104,'605,その他のオーストラリア領,3000,10541,376,1266
202104,'606,ニュージーランド,26312499,90653738,33114190,87177359
202104,'607,クック,6492,40232,93763,579389
202104,'608,トケラウ諸島（ニュージーランド）,-,0,506,869
202104,'609,ニウエ,134350,363577,986,1751
202104,'610,サモア,107575,320131,4202,14313
202104,'611,バヌアツ,69396,236296,909549,2406057
202104,'612,フィジー,471501,1740914,163564,752993
202104,'613,ソロモン,212825,379494,-,13966
202104,'614,トンガ,68124,208615,841,12016
202104,'615,キリバス,81893,207952,31341,91767
202104,'617,ナウル,9634,215355,28247,117310
202104,'618,ニューカレドニア（仏）,585213,1210744,2550783,5743526
202104,'619,仏領ポリネシア,307225,773248,168944,976177
202104,'620,グアム（米）,710876,4478646,6716,20355
202104,'621,米領サモア,43619,109924,-,468
202104,'622,米領オセアニア,-,1307,269,4071
202104,'624,ツバル,1004040,1265065,-,10766
202104,'625,マーシャル,6456092,40250502,850,159443
202104,'626,ミクロネシア,68516,419630,65405,872343
202104,'627,北マリアナ諸島（米）,153985,564306,228,228
202104,'628,パラオ,51485,232457,39783,76149
202104,'702,不明,-,0,960,14918
202105,'103,大韓民国,390321977,2256613514,271934726,1360211811
202105,'105,中華人民共和国,1392874376,7016923870,1588617124,8101605733
202105,'106,台湾,452043780,2262497448,270861323,1353543276
202105,'107,モンゴル,4401378,19110102,168259,1939645
202105,'108,香港,301955616,1501319933,9962459,50092226
202105,'110,ベトナム,165742125,825016439,192348669,1043559541
202105,'111,タイ,268223161,1431570816,216483761,1162722103
202105,'112,シンガポール,172171576,871744075,78648367,363169046
202105,'113,マレーシア,134279312,714270227,153467963,866008209
202105,'116,ブルネイ,501745,3293589,18478064,99973964
202105,'117,フィリピン,92937948,456969917,92869262,467977044
202105,'118,インドネシア,112607228,528275029,147130325,803528705
202105,'120,カンボジア,4670952,26557532,7960797,76446280
202105,'121,ラオス,1260606,6792995,882926,6374799
202105,'122,ミャンマー,1835261,15929769,7665621,46439178
202105,'123,インド,106339019,577850341,43181443,256995125
202105,'124,パキスタン,14772722,87932571,1734876,13210808
202105,'125,スリランカ,2867964,15321903,1861927,12488517
202105,'126,モルディブ,135713,991271,28130,328960
202105,'127,バングラデシュ,14105263,92188714,9959762,65317410
202105,'128,東ティモール,36499,365512,1831069,1877812
202105,'129,マカオ,2850741,12339529,164440,782142
202105,'130,アフガニスタン,343162,1855801,925,22312
202105,'131,ネパール,260549,1337338,32461,328685
202105,'132,ブータン,32988,146084,547,2220
202105,'133,イラン,684712,2668439,257584,1780237
202105,'134,イラク,1396421,15457204,-,11957058
202105,'135,バーレーン,4125197,25590373,10672365,61404800
202105,'137,サウジアラビア,34442197,215384557,161676449,1038482417
202105,'138,クウェート,8538970,79688033,45823339,246860431
202105,'140,カタール,3565164,36791620,88500721,482887997
202105,'141,オマーン,8706951,59268874,9243459,49269399
202105,'143,イスラエル,11462399,85631296,10823537,54166348
202105,'144,ヨルダン,2244000,15553282,851209,2792503
202105,'145,シリア,112379,319757,11217,24332
202105,'146,レバノン,914541,7154311,146687,862348
202105,'147,アラブ首長国連邦,46847556,310225705,217207344,934739635
202105,'149,イエメン,3571318,12273839,48728,359854
202105,'150,アゼルバイジャン,240418,2173880,49277,161116
202105,'151,アルメニア,61247,192008,340105,964429
202105,'152,ウズベキスタン,2487959,8946666,12900,963664
202105,'153,カザフスタン,2936753,13493397,4139187,21715922
202105,'154,キルギス,86277,534743,3715,13924
202105,'155,タジキスタン,177945,859302,74142,148346
202105,'156,トルクメニスタン,417213,1017412,-,2382
202105,'157,ジョージア,1338828,5950160,253886,1357219
202105,'158,ヨルダン川西岸及びガザ,8676,31206,-,39493
202105,'201,アイスランド,649034,3256468,1094437,4063212
202105,'202,ノルウェー,7240534,52074319,12897163,76044923
202105,'203,スウェーデン,10834977,64155080,24028736,141894592
202105,'204,デンマーク,4573316,27746829,22530251,112981718
202105,'205,英国,96584773,450741842,60033977,310690192
202105,'206,アイルランド,8310797,42687186,62431625,322026680
202105,'207,オランダ,112015779,576006737,27474237,158997102
202105,'208,ベルギー,58340588,320399142,110732628,290538945
202105,'209,ルクセンブルク,6745399,23631033,1088850,4809623
202105,'210,フランス,57163661,301090648,76470067,433846441
202105,'211,モナコ,65945,83668,8809,71775
202105,'212,アンドラ,706,52316,294,3502
202105,'213,ドイツ,183769242,908841724,223983371,1075752203
202105,'215,スイス,42437146,216228157,75874467,400719665
202105,'217,ポルトガル,8236508,31334399,7763093,25303218
202105,'218,スペイン,17719937,106130050,42133148,183687726
202105,'219,ジブラルタル（英）,781964,5017630,427,801
202105,'220,イタリア,44622317,233961425,103883382,486780380
202105,'221,マルタ,12494496,15364005,1812976,12460840
202105,'222,フィンランド,3750117,22381234,15789631,79302602
202105,'223,ポーランド,29945787,150948786,10083501,47801041
202105,'224,ロシア,61488838,329848898,115358355,511822670
202105,'225,オーストリア,8823914,53410900,21909132,97497114
202105,'227,ハンガリー,15427881,83337134,14584077,54355764
202105,'228,セルビア,348018,1685566,4877235,31290725
202105,'229,アルバニア,46327,114298,394576,1021839
202105,'230,ギリシャ,2128519,9884153,5911689,32633681
202105,'231,ルーマニア,3868464,20645168,6765108,42341247
202105,'232,ブルガリア,1212229,7866859,1127794,5820108
202105,'233,キプロス,1349304,4426034,12792,53352
202105,'234,トルコ,26805517,142435541,7888911,41544142
202105,'235,エストニア,1480427,9267561,1662077,10925713
202105,'236,ラトビア,651442,2298332,854970,3541181
202105,'237,リトアニア,1099700,4786168,1090222,5967950
202105,'238,ウクライナ,4635356,27071821,4691287,29214088
202105,'239,ベラルーシ,395630,1065744,185522,770264
202105,'240,モルドバ,14861,109080,88606,526878
202105,'241,クロアチア,309138,2503918,3259240,7005916
202105,'242,スロベニア,1492828,8572579,1488398,6579676
202105,'243,ボスニア・ヘルツェゴビナ,11195,81356,66048,290293
202105,'244,北マケドニア,126096,777551,229710,880841
202105,'245,チェコ,19546866,90795045,12302731,69491933
202105,'246,スロバキア,1127416,6306856,6870801,18198603
202105,'247,モンテネグロ,31221,148832,-,20910
202105,'248,コソボ,13731,41988,1421,16588
202105,'249,フェロー諸島（デンマーク）,18285,18778,44828,456001
202105,'301,グリーンランド（デンマーク）,255,893,646106,3177581
202105,'302,カナダ,85336587,411879356,118593901,551075987
202105,'304,アメリカ合衆国,1104572280,5713534387,746928965,3497546898
202105,'305,メキシコ,80035543,468377229,55912695,243726087
202105,'306,グアテマラ,2230404,12670955,1822745,6563867
202105,'307,ホンジュラス,946468,5439051,729366,2885562
202105,'308,ベリーズ,49824,565838,38250,145084
202105,'309,エルサルバドル,1990660,7222476,221282,836282
202105,'310,ニカラグア,977756,3737788,181689,1058457
202105,'311,コスタリカ,1641043,9402210,4062752,18860300
202105,'312,パナマ,27036008,245352584,3025903,23780817
202105,'314,バーミュダ（英）,90541,615094,-,279
202105,'315,バハマ,414854,12018381,-,36438
202105,'316,ジャマイカ,1943759,7705003,79792,403040
202105,'317,タークス及びカイコス諸島（英）,2351,27653,-,0
202105,'319,バルバドス,3501238,4216636,928,5998
202105,'320,トリニダード・トバゴ,1116302,4208070,903050,3416206
202105,'321,キューバ,91997,473744,11516,285226
202105,'322,ハイチ,412852,1516264,71838,238616
202105,'323,ドミニカ共和国,1752922,7710847,976667,4675240
202105,'324,プエルトリコ（米）,6596726,33077511,12271836,75046373
202105,'325,米領バージン諸島,29555,32137,-,2700
202105,'326,蘭領アンティール,111172,638383,225,1976
202105,'327,仏領西インド諸島,160191,902911,2319,10724
202105,'328,ケイマン諸島（英）,135358,564010,-,1659680
202105,'329,グレナダ,74687,264644,855,1758
202105,'330,セントルシア,120539,407221,-,370
202105,'331,アンティグア・バーブーダ,45858,219544,266,1440
202105,'332,英領バージン諸島,7315,49062,810,2158
202105,'333,ドミニカ,33977,124265,-,6428
202105,'334,モントセラト（英）,3006,17139,-,1747
202105,'335,セントクリストファー・ネービス,31519,205822,1077,1077
202105,'336,セントビンセント,43072,174814,14861,29682
202105,'337,英領アンギラ,21280,53317,-,0
202105,'338,サン・バルテルミー島（仏）,-,59191,-,238
202105,'401,コロンビア,7871770,54932013,3605831,20944264
202105,'402,ベネズエラ,138629,652304,66119,2002611
202105,'403,ガイアナ,899131,3883003,16706,437105
202105,'404,スリナム,557792,2390744,12671,99731
202105,'405,仏領ギアナ,29407,233950,-,307
202105,'406,エクアドル,3750436,14584789,6097824,51232159
202105,'407,ペルー,5329012,28560699,26006569,137670839
202105,'408,ボリビア,690535,3654472,5554240,21658997
202105,'409,チリ,12598956,62373793,54108096,342135773
202105,'410,ブラジル,33860871,184566444,81944704,347248688
202105,'411,パラグアイ,726090,3595187,121863,1855660
202105,'412,ウルグアイ,594155,3429946,264680,1259981
202105,'413,アルゼンチン,8747715,38994061,3500481,18427822
202105,'414,フォークランド諸島及びその附属諸島（英）,1691,1691,22573,80087
202105,'501,モロッコ,1870308,9876882,4829185,17069502
202105,'502,セウタ及びメリリア（西）,-,10322,6649,15692
202105,'503,アルジェリア,255183,3454861,1616583,15603973
202105,'504,チュニジア,494150,3231192,1974423,7450419
202105,'505,リビア,250961,1175496,1819713,1820188
202105,'506,エジプト,7992240,50341318,2857445,14252564
202105,'507,スーダン,560967,2202674,103862,333325
202105,'509,モーリタニア,149349,717826,1077217,5880780
202105,'510,セネガル,396798,4120799,250259,798255
202105,'511,ガンビア,802,197635,-,7142
202105,'512,ギニア・ビサウ,7080,156284,-,0
202105,'513,ギニア,41085,453041,15363,36307
202105,'514,シエラレオネ,29343,1202615,49593,1313773
202105,'515,リベリア,15933054,119710524,17689,42496
202105,'516,コートジボワール,715765,3906999,103981,375456
202105,'517,ガーナ,1534253,7641330,2228857,6209628
202105,'518,トーゴ,443063,1497224,21318,133014
202105,'519,ベナン,37072,642192,-,0
202105,'520,マリ,40977,255564,191701,202025
202105,'521,ブルキナファソ,124316,485175,25816,182704
202105,'522,カーボベルデ,37374,186676,-,0
202105,'523,カナリー諸島（西）,197325,864455,-,907
202105,'524,ナイジェリア,3020328,13100536,2182540,27498141
202105,'525,ニジェール,32571,146007,3378,17249
202105,'526,ルワンダ,111413,582137,4334,229382
202105,'527,カメルーン,200176,1150912,49630,307511
202105,'528,チャド,-,107272,-,3044
202105,'529,中央アフリカ,16700,44984,7724,43776
202105,'530,赤道ギニア,-,4339,-,11206645
202105,'531,ガボン,78890,727407,120579,1340987
202105,'532,コンゴ共和国,3802,303793,45765,94922
202105,'533,コンゴ民主共和国,753018,3180302,111405,1143722
202105,'534,ブルンジ,142821,658808,8454,75834
202105,'535,アンゴラ,618192,1595260,-,51710
202105,'536,サントメ・プリンシペ,68355,68355,749,17067
202105,'537,セントヘレナ及びその附属諸島（英）,-,3317,34697,138817
202105,'538,エチオピア,819749,2973030,459130,2429195
202105,'539,ジブチ,832009,2512832,-,680
202105,'540,ソマリア,31197,212177,140971,739100
202105,'541,ケニア,8478016,40862255,484645,2717328
202105,'542,ウガンダ,2470355,9138863,70728,739831
202105,'543,タンザニア,3830892,13871036,975436,4855062
202105,'544,セーシェル,10383,39291,608535,4147778
202105,'545,モザンビーク,1187371,4497931,104120,2629145
202105,'546,マダガスカル,56208,302950,191163,1246060
202105,'547,モーリシャス,829702,4768972,58612,367224
202105,'548,レユニオン（仏）,94603,665821,-,14668
202105,'549,ジンバブエ,187891,686980,316167,2369734
202105,'550,ナミビア,123525,951097,108643,291572
202105,'551,南アフリカ共和国,17382761,93958493,106679659,376145176
202105,'552,レソト,85786,323966,2199,62562
202105,'553,マラウイ,362612,1016939,126333,273851
202105,'554,ザンビア,474078,2196268,116925,1040571
202105,'555,ボツワナ,117495,940571,490583,8210089
202105,'556,エスワティニ,114427,421640,12247,48376
202105,'558,コモロ,-,232216,-,4169
202105,'559,エリトリア,-,46114,260,2296
202105,'560,南スーダン,158214,447329,-,2695273
202105,'601,オーストラリア,113589888,684735319,410330702,1877842104
202105,'602,パプアニューギニア,1811036,8036637,23613655,113666131
202105,'605,その他のオーストラリア領,6425,16966,496,1762
202105,'606,ニュージーランド,24270656,114924394,25102520,112279879
202105,'607,クック,7072,47304,128938,708327
202105,'608,トケラウ諸島（ニュージーランド）,-,0,288,1157
202105,'609,ニウエ,237888,601465,-,1751
202105,'610,サモア,37805,357936,7139,21452
202105,'611,バヌアツ,4483,240779,462200,2868257
202105,'612,フィジー,381731,2122645,84068,837061
202105,'613,ソロモン,98331,477825,1640,15606
202105,'614,トンガ,21762,230377,745,12761
202105,'615,キリバス,92562,300514,72986,164753
202105,'617,ナウル,25257,240612,-,117310
202105,'618,ニューカレドニア（仏）,238206,1448950,1593726,7337252
202105,'619,仏領ポリネシア,54414,827662,250955,1227132
202105,'620,グアム（米）,550075,5028721,6883,27238
202105,'621,米領サモア,-,109924,-,468
202105,'622,米領オセアニア,-,1307,692,4763
202105,'624,ツバル,453730,1718795,-,10766
202105,'625,マーシャル,16538175,56788677,7645,167088
202105,'626,ミクロネシア,142745,562375,40327,912670
202105,'627,北マリアナ諸島（米）,134258,698564,-,228
202105,'628,パラオ,56622,289079,14018,90167
202105,'702,不明,-,0,708,15626
202106,'103,大韓民国,478197892,2734811406,297570531,1657782342
202106,'105,中華人民共和国,1587290057,8604213927,1638202074,9739807807
202106,'106,台湾,508825594,2771323042,291439364,1644982640
202106,'107,モンゴル,4698246,23808348,253709,2193354
202106,'108,香港,347940069,1849260002,10847639,60939865
202106,'110,ベトナム,182694659,1007711098,213909927,1257469468
202106,'111,タイ,308929610,1740500426,241862242,1404584345
202106,'112,シンガポール,171504382,1043248457,84357818,447526864
202106,'113,マレーシア,141989042,856259269,175261898,1041270107
202106,'116,ブルネイ,444758,3738347,22905226,122879190
202106,'117,フィリピン,103114263,560084180,101272827,569249871
202106,'118,インドネシア,129280016,657555045,149861697,953390402
202106,'120,カンボジア,5172661,31730193,10874413,87320693
202106,'121,ラオス,1047787,7840782,957324,7332123
202106,'122,ミャンマー,4265663,20195432,6768440,53207618
202106,'123,インド,115725431,693575772,56078386,313073511
202106,'124,パキスタン,24622983,112555554,1786920,14997728
202106,'125,スリランカ,2760380,18082283,1955175,14443692
202106,'126,モルディブ,1168833,2160104,230064,559024
202106,'127,バングラデシュ,15408156,107596870,9801151,75118561
202106,'128,東ティモール,62793,428305,70542,1948354
202106,'129,マカオ,2979731,15319260,154509,936651
202106,'130,アフガニスタン,197047,2052848,1301,23613
202106,'131,ネパール,421339,1758677,49478,378163
202106,'132,ブータン,43911,189995,-,2220
202106,'133,イラン,788131,3456570,354067,2134304
202106,'134,イラク,4911939,20369143,-,11957058
202106,'135,バーレーン,6547532,32137905,7355669,68760469
202106,'137,サウジアラビア,36311293,251695850,195753726,1234236143
202106,'138,クウェート,14851600,94539633,53845615,300706046
202106,'140,カタール,11784936,48576556,123361256,606249253
202106,'141,オマーン,14766398,74035272,18586360,67855759
202106,'143,イスラエル,15761136,101392432,12133841,66300189
202106,'144,ヨルダン,6427056,21980338,219610,3012113
202106,'145,シリア,21058,340815,2696,27028
202106,'146,レバノン,2376153,9530464,257118,1119466
202106,'147,アラブ首長国連邦,68982254,379207959,202066420,1136806055
202106,'149,イエメン,4256513,16530352,29795,389649
202106,'150,アゼルバイジャン,476421,2650301,71981,233097
202106,'151,アルメニア,53559,245567,342676,1307105
202106,'152,ウズベキスタン,1129340,10076006,114215,1077879
202106,'153,カザフスタン,4779413,18272810,8411606,30127528
202106,'154,キルギス,127264,662007,1093,15017
202106,'155,タジキスタン,246211,1105513,-,148346
202106,'156,トルクメニスタン,230721,1248133,480,2862
202106,'157,ジョージア,3184712,9134872,252981,1610200
202106,'158,ヨルダン川西岸及びガザ,26058,57264,858,40351
202106,'201,アイスランド,710475,3966943,2575696,6638908
202106,'202,ノルウェー,9163901,61238220,15059126,91104049
202106,'203,スウェーデン,11981697,76136777,31981944,173876536
202106,'204,デンマーク,5202050,32948879,21154432,134136150
202106,'205,英国,111466003,562207845,61983417,372673609
202106,'206,アイルランド,7143465,49830651,42262432,364289112
202106,'207,オランダ,115161882,691168619,26103083,185100185
202106,'208,ベルギー,69114013,389513155,45396119,335935064
202106,'209,ルクセンブルク,6671334,30302367,793029,5602652
202106,'210,フランス,61639926,362730574,108527815,542374256
202106,'211,モナコ,8568,92236,16381,88156
202106,'212,アンドラ,-,52316,263,3765
202106,'213,ドイツ,197607143,1106448867,222224280,1297976483
202106,'215,スイス,49160020,265388177,77935026,478654691
202106,'217,ポルトガル,7383363,38717762,5599286,30902504
202106,'218,スペイン,21755493,127885543,58136257,241823983
202106,'219,ジブラルタル（英）,1645525,6663155,-,801
202106,'220,イタリア,44635548,278596973,117907535,604687915
202106,'221,マルタ,681833,16045838,193716,12654556
202106,'222,フィンランド,4656143,27037377,20599158,99901760
202106,'223,ポーランド,33508945,184457731,13401431,61202472
202106,'224,ロシア,79497024,409345922,125078403,636901073
202106,'225,オーストリア,10227071,63637971,22339093,119836207
202106,'227,ハンガリー,16223322,99560456,12924481,67280245
202106,'228,セルビア,597176,2282742,6528664,37819389
202106,'229,アルバニア,91166,205464,606477,1628316
202106,'230,ギリシャ,1944980,11829133,6937863,39571544
202106,'231,ルーマニア,4617344,25262512,9904691,52245938
202106,'232,ブルガリア,1641814,9508673,1170766,6990874
202106,'233,キプロス,894097,5320131,4458,57810
202106,'234,トルコ,31580476,174016017,7215430,48759572
202106,'235,エストニア,1688059,10955620,1854894,12780607
202106,'236,ラトビア,491988,2790320,704682,4245863
202106,'237,リトアニア,2607397,7393565,1206825,7174775
202106,'238,ウクライナ,9682589,36754410,9900899,39114987
202106,'239,ベラルーシ,175917,1241661,220294,990558
202106,'240,モルドバ,21739,130819,178481,705359
202106,'241,クロアチア,343894,2847812,271254,7277170
202106,'242,スロベニア,2649382,11221961,1177605,7757281
202106,'243,ボスニア・ヘルツェゴビナ,22045,103401,89417,379710
202106,'244,北マケドニア,143137,920688,258041,1138882
202106,'245,チェコ,21662963,112458008,18428874,87920807
202106,'246,スロバキア,1515668,7822524,4135945,22334548
202106,'247,モンテネグロ,34788,183620,226,21136
202106,'248,コソボ,53533,95521,1919,18507
202106,'249,フェロー諸島（デンマーク）,-,18778,93927,549928
202106,'301,グリーンランド（デンマーク）,-,893,593161,3770742
202106,'302,カナダ,86310171,498189527,115541365,666617352
202106,'304,アメリカ合衆国,1345670152,7059204539,769544748,4267091646
202106,'305,メキシコ,95548380,563925609,63641857,307367944
202106,'306,グアテマラ,3429868,16100823,2853140,9417007
202106,'307,ホンジュラス,703247,6142298,529032,3414594
202106,'308,ベリーズ,97597,663435,30375,175459
202106,'309,エルサルバドル,1694847,8917323,211255,1047537
202106,'310,ニカラグア,1038785,4776573,261203,1319660
202106,'311,コスタリカ,3014712,12416922,3783689,22643989
202106,'312,パナマ,41398414,286750998,12316074,36096891
202106,'314,バーミュダ（英）,153536,768630,268,547
202106,'315,バハマ,7408224,19426605,1819,38257
202106,'316,ジャマイカ,1878488,9583491,32773,435813
202106,'317,タークス及びカイコス諸島（英）,23168,50821,-,0
202106,'319,バルバドス,320092,4536728,1450,7448
202106,'320,トリニダード・トバゴ,716214,4924284,600418,4016624
202106,'321,キューバ,48629,522373,14298,299524
202106,'322,ハイチ,194646,1710910,74549,313165
202106,'323,ドミニカ共和国,2101897,9812744,1132780,5808020
202106,'324,プエルトリコ（米）,7997328,41074839,18110337,93156710
202106,'325,米領バージン諸島,1252,33389,330,3030
202106,'326,蘭領アンティール,152629,791012,453,2429
202106,'327,仏領西インド諸島,216262,1119173,548,11272
202106,'328,ケイマン諸島（英）,217410,781420,-,1659680
202106,'329,グレナダ,50879,315523,-,1758
202106,'330,セントルシア,67560,474781,-,370
202106,'331,アンティグア・バーブーダ,46676,266220,-,1440
202106,'332,英領バージン諸島,20667,69729,6032,8190
202106,'333,ドミニカ,32048,156313,352,6780
202106,'334,モントセラト（英）,7177,24316,-,1747
202106,'335,セントクリストファー・ネービス,19764,225586,-,1077
202106,'336,セントビンセント,48069,222883,12392,42074
202106,'337,英領アンギラ,14485,67802,-,0
202106,'338,サン・バルテルミー島（仏）,17159,76350,-,238
202106,'401,コロンビア,7869333,62801346,3237434,24181698
202106,'402,ベネズエラ,231663,883967,2024052,4026663
202106,'403,ガイアナ,799497,4682500,20013,457118
202106,'404,スリナム,514819,2905563,47224,146955
202106,'405,仏領ギアナ,33037,266987,-,307
202106,'406,エクアドル,3373488,17958277,3997127,55229286
202106,'407,ペルー,7119770,35680469,31598215,169269054
202106,'408,ボリビア,1228840,4883312,5182948,26841945
202106,'409,チリ,14981367,77355160,80222130,422357903
202106,'410,ブラジル,44012754,228579198,79439447,426688135
202106,'411,パラグアイ,789662,4384849,84349,1940009
202106,'412,ウルグアイ,631212,4061158,337358,1597339
202106,'413,アルゼンチン,8173414,47167475,3759278,22187100
202106,'414,フォークランド諸島及びその附属諸島（英）,-,1691,8788,88875
202106,'501,モロッコ,1862911,11739793,2493589,19563091
202106,'502,セウタ及びメリリア（西）,-,10322,221,15913
202106,'503,アルジェリア,384896,3839757,4896,15608869
202106,'504,チュニジア,603809,3835001,559241,8009660
202106,'505,リビア,393544,1569040,3995,1824183
202106,'506,エジプト,9251649,59592967,2624852,16877416
202106,'507,スーダン,287427,2490101,169211,502536
202106,'509,モーリタニア,86676,804502,3315381,9196161
202106,'510,セネガル,569281,4690080,990224,1788479
202106,'511,ガンビア,3652,201287,3190,10332
202106,'512,ギニア・ビサウ,5657,161941,-,0
202106,'513,ギニア,120926,573967,35405,71712
202106,'514,シエラレオネ,20129,1222744,2352,1316125
202106,'515,リベリア,13976300,133686824,17217,59713
202106,'516,コートジボワール,801196,4708195,181198,556654
202106,'517,ガーナ,3104038,10745368,2521413,8731041
202106,'518,トーゴ,449535,1946759,1522,134536
202106,'519,ベナン,103723,745915,-,0
202106,'520,マリ,117263,372827,123021,325046
202106,'521,ブルキナファソ,129172,614347,253044,435748
202106,'522,カーボベルデ,21472,208148,-,0
202106,'523,カナリー諸島（西）,163569,1028024,-,907
202106,'524,ナイジェリア,2568775,15669311,9709419,37207560
202106,'525,ニジェール,45135,191142,47160,64409
202106,'526,ルワンダ,176342,758479,116257,345639
202106,'527,カメルーン,324303,1475215,42703,350214
202106,'528,チャド,18044,125316,2820,5864
202106,'529,中央アフリカ,11821,56805,4258,48034
202106,'530,赤道ギニア,29725,34064,3425187,14631832
202106,'531,ガボン,215321,942728,1015868,2356855
202106,'532,コンゴ共和国,8128,311921,84953,179875
202106,'533,コンゴ民主共和国,693844,3874146,6915,1150637
202106,'534,ブルンジ,97985,756793,10283,86117
202106,'535,アンゴラ,267735,1862995,402,52112
202106,'536,サントメ・プリンシペ,1416,69771,4570,21637
202106,'537,セントヘレナ及びその附属諸島（英）,1522,4839,1215,140032
202106,'538,エチオピア,384801,3357831,945529,3374724
202106,'539,ジブチ,351293,2864125,-,680
202106,'540,ソマリア,15579,227756,65055,804155
202106,'541,ケニア,8420719,49282974,598983,3316311
202106,'542,ウガンダ,1843248,10982111,30003,769834
202106,'543,タンザニア,2859311,16730347,820646,5675708
202106,'544,セーシェル,3665,42956,539444,4687222
202106,'545,モザンビーク,1338908,5836839,663220,3292365
202106,'546,マダガスカル,130900,433850,1281921,2527981
202106,'547,モーリシャス,922245,5691217,26366,393590
202106,'548,レユニオン（仏）,190759,856580,33690,48358
202106,'549,ジンバブエ,250561,937541,168467,2538201
202106,'550,ナミビア,206431,1157528,84574,376146
202106,'551,南アフリカ共和国,22252211,116210704,110617298,486762474
202106,'552,レソト,87679,411645,391,62953
202106,'553,マラウイ,262154,1279093,48034,321885
202106,'554,ザンビア,626901,2823169,227762,1268333
202106,'555,ボツワナ,226786,1167357,272381,8482470
202106,'556,エスワティニ,86207,507847,14973,63349
202106,'558,コモロ,14280,246496,1477,5646
202106,'559,エリトリア,-,46114,-,2296
202106,'560,南スーダン,77814,525143,-,2695273
202106,'601,オーストラリア,125522964,810258283,418818401,2296660505
202106,'602,パプアニューギニア,1385405,9422042,22416980,136083111
202106,'605,その他のオーストラリア領,1994,18960,-,1762
202106,'606,ニュージーランド,25216654,140141048,31079320,143359199
202106,'607,クック,39987,87291,102201,810528
202106,'608,トケラウ諸島（ニュージーランド）,-,0,475,1632
202106,'609,ニウエ,79582,681047,-,1751
202106,'610,サモア,130755,488691,-,21452
202106,'611,バヌアツ,133620,374399,233264,3101521
202106,'612,フィジー,426536,2549181,448985,1286046
202106,'613,ソロモン,115837,593662,2127,17733
202106,'614,トンガ,147695,378072,1219,13980
202106,'615,キリバス,317979,618493,73234,237987
202106,'617,ナウル,31376,271988,25854,143164
202106,'618,ニューカレドニア（仏）,475572,1924522,3022581,10359833
202106,'619,仏領ポリネシア,312195,1139857,136745,1363877
202106,'620,グアム（米）,750399,5779120,1950,29188
202106,'621,米領サモア,50535,160459,-,468
202106,'622,米領オセアニア,-,1307,6923,11686
202106,'624,ツバル,96886,1815681,2634,13400
202106,'625,マーシャル,15756464,72545141,847,167935
202106,'626,ミクロネシア,84823,647198,30464,943134
202106,'627,北マリアナ諸島（米）,182260,880824,-,228
202106,'628,パラオ,110147,399226,7143,97310
202106,'702,不明,-,0,738,16364
202107,'103,大韓民国,466023559,3200834965,305449196,1963231538
202107,'105,中華人民共和国,1580604353,10184818280,1639060469,11378868276
202107,'106,台湾,538117529,3309440571,317370988,1962353628
202107,'107,モンゴル,4736363,28544711,184627,2377981
202107,'108,香港,337617061,2186877063,9464928,70404793
202107,'110,ベトナム,191375549,1199086647,226258475,1483727943
202107,'111,タイ,347735972,2088236398,240780842,1645365187
202107,'112,シンガポール,199072312,1242320769,88368058,535894922
202107,'113,マレーシア,130004632,986263901,169763057,1211033164
202107,'116,ブルネイ,2335892,6074239,20471292,143350482
202107,'117,フィリピン,109188739,669272919,109063275,678313146
202107,'118,インドネシア,128035496,785590541,175914624,1129305026
202107,'120,カンボジア,4961811,36692004,13192017,100512710
202107,'121,ラオス,959617,8800399,1425999,8758122
202107,'122,ミャンマー,3038871,23234303,5632032,58839650
202107,'123,インド,112854941,806430713,50500518,363574029
202107,'124,パキスタン,17745594,130301148,1904549,16902277
202107,'125,スリランカ,3393263,21475546,2788940,17232632
202107,'126,モルディブ,121533,2281637,14098,573122
202107,'127,バングラデシュ,26018105,133614975,11628192,86746753
202107,'128,東ティモール,76334,504639,681166,2629520
202107,'129,マカオ,2722683,18041943,154898,1091549
202107,'130,アフガニスタン,291213,2344061,8538,32151
202107,'131,ネパール,341666,2100343,92025,470188
202107,'132,ブータン,47723,237718,1489,3709
202107,'133,イラン,2139767,5596337,202704,2337008
202107,'134,イラク,6191330,26560473,-,11957058
202107,'135,バーレーン,5122540,37260445,6799575,75560044
202107,'137,サウジアラビア,48941718,300637568,225946150,1460182293
202107,'138,クウェート,13116335,107655968,63173369,363879415
202107,'140,カタール,12352929,60929485,87607809,693857062
202107,'141,オマーン,12673573,86708845,17583964,85439723
202107,'143,イスラエル,12568524,113960956,11207513,77507702
202107,'144,ヨルダン,7156282,29136620,284662,3296775
202107,'145,シリア,70772,411587,3170,30198
202107,'146,レバノン,2036783,11567247,111499,1230965
202107,'147,アラブ首長国連邦,68433498,447641457,250222067,1387028122
202107,'149,イエメン,4065111,20595463,125878,515527
202107,'150,アゼルバイジャン,90239,2740540,43472,276569
202107,'151,アルメニア,95494,341061,205010,1512115
202107,'152,ウズベキスタン,1498849,11574855,55478,1133357
202107,'153,カザフスタン,4187567,22460377,6442476,36570004
202107,'154,キルギス,47430,709437,12573,27590
202107,'155,タジキスタン,401843,1507356,206,148552
202107,'156,トルクメニスタン,184753,1432886,1105,3967
202107,'157,ジョージア,2031966,11166838,132115,1742315
202107,'158,ヨルダン川西岸及びガザ,70949,128213,-,40351
202107,'201,アイスランド,420584,4387527,1504643,8143551
202107,'202,ノルウェー,8440607,69678827,13335120,104439169
202107,'203,スウェーデン,11038572,87175349,28931614,202808150
202107,'204,デンマーク,4864661,37813540,21078583,155214733
202107,'205,英国,91066874,653274719,68239068,440912677
202107,'206,アイルランド,7835924,57666575,44551341,408840453
202107,'207,オランダ,110853975,802022594,28498817,213599002
202107,'208,ベルギー,65956648,455469803,83141042,419076106
202107,'209,ルクセンブルク,5533162,35835529,1059099,6661751
202107,'210,フランス,66208411,428938985,79273519,621647775
202107,'211,モナコ,3658,95894,34156,122312
202107,'212,アンドラ,470,52786,-,3765
202107,'213,ドイツ,183828234,1290277101,193364984,1491341467
202107,'215,スイス,35505288,300893465,68684457,547339148
202107,'217,ポルトガル,10526533,49244295,4366510,35269014
202107,'218,スペイン,25323014,153208557,64577814,306401797
202107,'219,ジブラルタル（英）,1051275,7714430,408,1209
202107,'220,イタリア,41365733,319962706,102187792,706875707
202107,'221,マルタ,1174308,17220146,228523,12883079
202107,'222,フィンランド,3593403,30630780,17787212,117688972
202107,'223,ポーランド,33526063,217983794,9875138,71077610
202107,'224,ロシア,80771248,490117170,133137155,770038228
202107,'225,オーストリア,11123731,74761702,17281209,137117416
202107,'227,ハンガリー,16275300,115835756,10777636,78057881
202107,'228,セルビア,404242,2686984,7562304,45381693
202107,'229,アルバニア,52191,257655,263787,1892103
202107,'230,ギリシャ,7110924,18940057,3883886,43455430
202107,'231,ルーマニア,4423475,29685987,9329332,61575270
202107,'232,ブルガリア,1675190,11183863,979639,7970513
202107,'233,キプロス,1317900,6638031,5073,62883
202107,'234,トルコ,29267790,203283807,6502620,55262192
202107,'235,エストニア,1803308,12758928,1587422,14368029
202107,'236,ラトビア,403617,3193937,764193,5010056
202107,'237,リトアニア,955147,8348712,1156573,8331348
202107,'238,ウクライナ,6127554,42881964,4398864,43513851
202107,'239,ベラルーシ,133338,1374999,222859,1213417
202107,'240,モルドバ,34209,165028,213255,918614
202107,'241,クロアチア,375162,3222974,169651,7446821
202107,'242,スロベニア,1803539,13025500,1565398,9322679
202107,'243,ボスニア・ヘルツェゴビナ,10968,114369,158277,537987
202107,'244,北マケドニア,138597,1059285,175603,1314485
202107,'245,チェコ,20082894,132540902,15222310,103143117
202107,'246,スロバキア,1013623,8836147,2530083,24864631
202107,'247,モンテネグロ,75579,259199,5783,26919
202107,'248,コソボ,-,95521,3354,21861
202107,'249,フェロー諸島（デンマーク）,-,18778,98338,648266
202107,'301,グリーンランド（デンマーク）,-,893,667248,4437990
202107,'302,カナダ,76677319,574866846,126306372,792923724
202107,'304,アメリカ合衆国,1383795480,8443000019,723556660,4990648306
202107,'305,メキシコ,110815192,674740801,53594464,360962408
202107,'306,グアテマラ,4144341,20245164,2630093,12047100
202107,'307,ホンジュラス,872227,7014525,338842,3753436
202107,'308,ベリーズ,269766,933201,22764,198223
202107,'309,エルサルバドル,1742676,10659999,264859,1312396
202107,'310,ニカラグア,1080217,5856790,233496,1553156
202107,'311,コスタリカ,2636699,15053621,4369269,27013258
202107,'312,パナマ,63127814,349878812,4011916,40108807
202107,'314,バーミュダ（英）,100831,869461,-,547
202107,'315,バハマ,401196,19827801,9445,47702
202107,'316,ジャマイカ,1863518,11447009,90022,525835
202107,'317,タークス及びカイコス諸島（英）,7201,58022,-,0
202107,'319,バルバドス,379842,4916570,2245,9693
202107,'320,トリニダード・トバゴ,604228,5528512,1353124,5369748
202107,'321,キューバ,164191,686564,12363,311887
202107,'322,ハイチ,168666,1879576,30083,343248
202107,'323,ドミニカ共和国,1718720,11531464,874970,6682990
202107,'324,プエルトリコ（米）,7968177,49043016,15655198,108811908
202107,'325,米領バージン諸島,4948,38337,-,3030
202107,'326,蘭領アンティール,103616,894628,4877,7306
202107,'327,仏領西インド諸島,173240,1292413,1538,12810
202107,'328,ケイマン諸島（英）,188322,969742,1354465,3014145
202107,'329,グレナダ,64494,380017,-,1758
202107,'330,セントルシア,91674,566455,243,613
202107,'331,アンティグア・バーブーダ,36336,302556,-,1440
202107,'332,英領バージン諸島,22930,92659,-,8190
202107,'333,ドミニカ,36616,192929,-,6780
202107,'334,モントセラト（英）,4881,29197,-,1747
202107,'335,セントクリストファー・ネービス,37304,262890,-,1077
202107,'336,セントビンセント,43067,265950,-,42074
202107,'337,英領アンギラ,17825,85627,-,0
202107,'338,サン・バルテルミー島（仏）,5955,82305,-,238
202107,'401,コロンビア,13765708,76567054,2300062,26481760
202107,'402,ベネズエラ,108814,992781,145419,4172082
202107,'403,ガイアナ,761553,5444053,19739,476857
202107,'404,スリナム,358501,3264064,11323,158278
202107,'405,仏領ギアナ,16081,283068,-,307
202107,'406,エクアドル,5443333,23401610,14273982,69503268
202107,'407,ペルー,6694071,42374540,27756488,197025542
202107,'408,ボリビア,716324,5599636,4185254,31027199
202107,'409,チリ,12303560,89658720,77545872,499903775
202107,'410,ブラジル,40882215,269461413,95723858,522411993
202107,'411,パラグアイ,865674,5250523,370777,2310786
202107,'412,ウルグアイ,518416,4579574,435094,2032433
202107,'413,アルゼンチン,8495027,55662502,5941268,28128368
202107,'414,フォークランド諸島及びその附属諸島（英）,-,1691,3017,91892
202107,'501,モロッコ,2464710,14204503,2675260,22238351
202107,'502,セウタ及びメリリア（西）,2891,13213,-,15913
202107,'503,アルジェリア,252499,4092256,2310348,17919217
202107,'504,チュニジア,1476987,5311988,674855,8684515
202107,'505,リビア,294415,1863455,1898901,3723084
202107,'506,エジプト,9440447,69033414,889995,17767411
202107,'507,スーダン,783933,3274034,275093,777629
202107,'509,モーリタニア,137069,941571,4397138,13593299
202107,'510,セネガル,342435,5032515,415597,2204076
202107,'511,ガンビア,48841,250128,-,10332
202107,'512,ギニア・ビサウ,997,162938,-,0
202107,'513,ギニア,125055,699022,38359,110071
202107,'514,シエラレオネ,114621,1337365,330,1316455
202107,'515,リベリア,10279298,143966122,37883,97596
202107,'516,コートジボワール,855545,5563740,90687,647341
202107,'517,ガーナ,2278873,13024241,1622290,10353331
202107,'518,トーゴ,144382,2091141,199488,334024
202107,'519,ベナン,18166,764081,467,467
202107,'520,マリ,98140,470967,78163,403209
202107,'521,ブルキナファソ,116012,730359,73556,509304
202107,'522,カーボベルデ,29588,237736,-,0
202107,'523,カナリー諸島（西）,203045,1231069,-,907
202107,'524,ナイジェリア,2522728,18192039,1477273,38684833
202107,'525,ニジェール,49205,240347,39636,104045
202107,'526,ルワンダ,226761,985240,100660,446299
202107,'527,カメルーン,192471,1667686,107779,457993
202107,'528,チャド,1802,127118,-,5864
202107,'529,中央アフリカ,43020,99825,-,48034
202107,'530,赤道ギニア,-,34064,-,14631832
202107,'531,ガボン,416217,1358945,261834,2618689
202107,'532,コンゴ共和国,44211,356132,-,179875
202107,'533,コンゴ民主共和国,961271,4835417,13177,1163814
202107,'534,ブルンジ,106888,863681,320,86437
202107,'535,アンゴラ,1028764,2891759,-,52112
202107,'536,サントメ・プリンシペ,2571,72342,-,21637
202107,'537,セントヘレナ及びその附属諸島（英）,-,4839,1331,141363
202107,'538,エチオピア,920820,4278651,919451,4294175
202107,'539,ジブチ,568053,3432178,-,680
202107,'540,ソマリア,11808,239564,43433,847588
202107,'541,ケニア,9331607,58614581,698963,4015274
202107,'542,ウガンダ,2646048,13628159,81161,850995
202107,'543,タンザニア,2998486,19728833,441121,6116829
202107,'544,セーシェル,31914,74870,890667,5577889
202107,'545,モザンビーク,1353099,7189938,3418036,6710401
202107,'546,マダガスカル,237896,671746,2307143,4835124
202107,'547,モーリシャス,1055012,6746229,54868,448458
202107,'548,レユニオン（仏）,123201,979781,-,48358
202107,'549,ジンバブエ,205437,1142978,131849,2670050
202107,'550,ナミビア,76992,1234520,160525,536671
202107,'551,南アフリカ共和国,23345589,139556293,97433572,584196046
202107,'552,レソト,67566,479211,9757,72710
202107,'553,マラウイ,554581,1833674,104498,426383
202107,'554,ザンビア,622833,3446002,51321,1319654
202107,'555,ボツワナ,187263,1354620,551862,9034332
202107,'556,エスワティニ,213048,720895,7110,70459
202107,'558,コモロ,7275,253771,2008,7654
202107,'559,エリトリア,-,46114,-,2296
202107,'560,南スーダン,240950,766093,1462209,4157482
202107,'601,オーストラリア,181518120,991776403,466518647,2763179152
202107,'602,パプアニューギニア,1920783,11342825,28421772,164504883
202107,'605,その他のオーストラリア領,1891,20851,-,1762
202107,'606,ニュージーランド,29986463,170127511,28726750,172085949
202107,'607,クック,2517,89808,127658,938186
202107,'608,トケラウ諸島（ニュージーランド）,-,0,-,1632
202107,'609,ニウエ,19060,700107,-,1751
202107,'610,サモア,63262,551953,4287,25739
202107,'611,バヌアツ,17660,392059,295721,3397242
202107,'612,フィジー,418118,2967299,178500,1464546
202107,'613,ソロモン,46604,640266,6234,23967
202107,'614,トンガ,46497,424569,847,14827
202107,'615,キリバス,52841,671334,93975,331962
202107,'617,ナウル,24356,296344,2492,145656
202107,'618,ニューカレドニア（仏）,145147,2069669,1427181,11787014
202107,'619,仏領ポリネシア,78748,1218605,318607,1682484
202107,'620,グアム（米）,674470,6453590,5526,34714
202107,'621,米領サモア,4053,164512,502,970
202107,'622,米領オセアニア,-,1307,161750,173436
202107,'624,ツバル,548107,2363788,-,13400
202107,'625,マーシャル,3938985,76484126,208685,376620
202107,'626,ミクロネシア,284030,931228,138551,1081685
202107,'627,北マリアナ諸島（米）,121000,1001824,-,228
202107,'628,パラオ,168445,567671,25732,123042
202107,'702,不明,-,0,4522,20886
202108,'103,大韓民国,478480463,3679315428,276743762,2239975300
202108,'105,中華人民共和国,1421073588,11605891868,1632033929,13010902205
202108,'106,台湾,520987329,3830427900,322079995,2284433623
202108,'107,モンゴル,4393790,32938501,336107,2714088
202108,'108,香港,335482332,2522359395,9099248,79504041
202108,'110,ベトナム,140943969,1340030616,195757951,1679485894
202108,'111,タイ,293716521,2381952919,245878376,1891243563
202108,'112,シンガポール,181708870,1424029639,88001355,623896277
202108,'113,マレーシア,116348605,1102612506,170440333,1381473497
202108,'116,ブルネイ,442079,6516318,22642237,165992719
202108,'117,フィリピン,97770263,767043182,96322830,774635976
202108,'118,インドネシア,109260522,894851063,207062163,1336367189
202108,'120,カンボジア,4946463,41638467,21043013,121555723
202108,'121,ラオス,1345067,10145466,1502221,10260343
202108,'122,ミャンマー,2064470,25298773,9880968,68720618
202108,'123,インド,119051744,925482457,56861968,420435997
202108,'124,パキスタン,24132463,154433611,2498355,19400632
202108,'125,スリランカ,2954434,24429980,2661277,19893909
202108,'126,モルディブ,270402,2552039,28537,601659
202108,'127,バングラデシュ,20744011,154358986,15974499,102721252
202108,'128,東ティモール,228989,733628,110755,2740275
202108,'129,マカオ,3738307,21780250,231733,1323282
202108,'130,アフガニスタン,303125,2647186,1696,33847
202108,'131,ネパール,1270461,3370804,142070,612258
202108,'132,ブータン,16012,253730,15684,19393
202108,'133,イラン,410071,6006408,468408,2805416
202108,'134,イラク,5315600,31876073,2808,11959866
202108,'135,バーレーン,4013339,41273784,6072968,81633012
202108,'137,サウジアラビア,35662853,336300421,320832632,1781014925
202108,'138,クウェート,8696625,116352593,61463194,425342609
202108,'140,カタール,5808174,66737659,110668331,804525393
202108,'141,オマーン,7451276,94160121,21509040,106948763
202108,'143,イスラエル,12741576,126702532,12818744,90326446
202108,'144,ヨルダン,2817940,31954560,264814,3561589
202108,'145,シリア,28367,439954,2080,32278
202108,'146,レバノン,2089025,13656272,126111,1357076
202108,'147,アラブ首長国連邦,59192993,506834450,305206578,1692234700
202108,'149,イエメン,3056021,23651484,13061,528588
202108,'150,アゼルバイジャン,322763,3063303,30521,307090
202108,'151,アルメニア,96257,437318,346075,1858190
202108,'152,ウズベキスタン,783118,12357973,100972,1234329
202108,'153,カザフスタン,2764423,25224800,7396165,43966169
202108,'154,キルギス,147137,856574,10993,38583
202108,'155,タジキスタン,202523,1709879,23778,172330
202108,'156,トルクメニスタン,2013631,3446517,1582,5549
202108,'157,ジョージア,1641961,12808799,228332,1970647
202108,'158,ヨルダン川西岸及びガザ,16228,144441,1258,41609
202108,'201,アイスランド,254770,4642297,1686721,9830272
202108,'202,ノルウェー,8564029,78242856,14415746,118854915
202108,'203,スウェーデン,11254509,98429858,28942784,231750934
202108,'204,デンマーク,4690809,42504349,23833443,179048176
202108,'205,英国,81639366,734914085,63321446,504234123
202108,'206,アイルランド,8491885,66158460,84265095,493105548
202108,'207,オランダ,110592833,912615427,28069866,241668868
202108,'208,ベルギー,56451507,511921310,78348841,497424947
202108,'209,ルクセンブルク,5626326,41461855,1330020,7991771
202108,'210,フランス,53952158,482891143,118386644,740034419
202108,'211,モナコ,5875,101769,18633,140945
202108,'212,アンドラ,-,52786,650,4415
202108,'213,ドイツ,186727570,1477004671,211735870,1703077337
202108,'215,スイス,31990546,332884011,61982220,609321368
202108,'217,ポルトガル,9103465,58347760,3214363,38483377
202108,'218,スペイン,23114225,176322782,78577738,384979535
202108,'219,ジブラルタル（英）,1314382,9028812,1091,2300
202108,'220,イタリア,46511948,366474654,113395677,820271384
202108,'221,マルタ,806919,18027065,313669,13196748
202108,'222,フィンランド,4059837,34690617,16725679,134414651
202108,'223,ポーランド,30849747,248833541,10199490,81277100
202108,'224,ロシア,70037475,560154645,98221597,868259825
202108,'225,オーストリア,11075852,85837554,21588978,158706394
202108,'227,ハンガリー,15322440,131158196,9942573,88000454
202108,'228,セルビア,586812,3273796,7352593,52734286
202108,'229,アルバニア,30603,288258,216536,2108639
202108,'230,ギリシャ,1789659,20729716,2161356,45616786
202108,'231,ルーマニア,4594290,34280277,7939062,69514332
202108,'232,ブルガリア,2256300,13440163,1471679,9442192
202108,'233,キプロス,1273737,7911768,5005,67888
202108,'234,トルコ,26202938,229486745,6472706,61734898
202108,'235,エストニア,1202431,13961359,1609507,15977536
202108,'236,ラトビア,596265,3790202,916675,5926731
202108,'237,リトアニア,1077169,9425881,1287945,9619293
202108,'238,ウクライナ,3581179,46463143,4903041,48416892
202108,'239,ベラルーシ,310758,1685757,316667,1530084
202108,'240,モルドバ,10507,175535,259626,1178240
202108,'241,クロアチア,504233,3727207,153116,7599937
202108,'242,スロベニア,1494832,14520332,1222058,10544737
202108,'243,ボスニア・ヘルツェゴビナ,21472,135841,101719,639706
202108,'244,北マケドニア,130874,1190159,221493,1535978
202108,'245,チェコ,23988593,156529495,19827162,122970279
202108,'246,スロバキア,1297495,10133642,2013682,26878313
202108,'247,モンテネグロ,32474,291673,426,27345
202108,'248,コソボ,-,95521,3231,25092
202108,'249,フェロー諸島（デンマーク）,-,18778,61078,709344
202108,'301,グリーンランド（デンマーク）,-,893,829817,5267807
202108,'302,カナダ,62638902,637505748,135526530,928450254
202108,'304,アメリカ合衆国,1150628246,9593628265,760369455,5751017761
202108,'305,メキシコ,94215592,768956393,50774941,411737349
202108,'306,グアテマラ,2719449,22964613,1833154,13880254
202108,'307,ホンジュラス,1248408,8262933,676249,4429685
202108,'308,ベリーズ,1032437,1965638,3203,201426
202108,'309,エルサルバドル,1441322,12101321,300457,1612853
202108,'310,ニカラグア,841900,6698690,275253,1828409
202108,'311,コスタリカ,2967355,18020976,3961809,30975067
202108,'312,パナマ,35449353,385328165,18731672,58840479
202108,'314,バーミュダ（英）,101133,970594,-,547
202108,'315,バハマ,505420,20333221,-,47702
202108,'316,ジャマイカ,1732004,13179013,191839,717674
202108,'317,タークス及びカイコス諸島（英）,23220,81242,510,510
202108,'319,バルバドス,300236,5216806,711,10404
202108,'320,トリニダード・トバゴ,426865,5955377,6914,5376662
202108,'321,キューバ,58918,745482,86167,398054
202108,'322,ハイチ,109236,1988812,32673,375921
202108,'323,ドミニカ共和国,1605794,13137258,915401,7598391
202108,'324,プエルトリコ（米）,6738533,55781549,18418764,127230672
202108,'325,米領バージン諸島,-,38337,-,3030
202108,'326,蘭領アンティール,85811,980439,-,7306
202108,'327,仏領西インド諸島,158647,1451060,3151,15961
202108,'328,ケイマン諸島（英）,86781,1056523,-,3014145
202108,'329,グレナダ,43118,423135,-,1758
202108,'330,セントルシア,98280,664735,-,613
202108,'331,アンティグア・バーブーダ,65542,368098,234,1674
202108,'332,英領バージン諸島,12275,104934,501,8691
202108,'333,ドミニカ,27927,220856,-,6780
202108,'334,モントセラト（英）,1323,30520,-,1747
202108,'335,セントクリストファー・ネービス,29608,292498,-,1077
202108,'336,セントビンセント,51752,317702,-,42074
202108,'337,英領アンギラ,17002,102629,-,0
202108,'338,サン・バルテルミー島（仏）,2940,85245,-,238
202108,'401,コロンビア,11727901,88294955,5156552,31638312
202108,'402,ベネズエラ,103416,1096197,123593,4295675
202108,'403,ガイアナ,693954,6138007,16482,493339
202108,'404,スリナム,513777,3777841,70689,228967
202108,'405,仏領ギアナ,38880,321948,-,307
202108,'406,エクアドル,8408516,31810126,13134953,82638221
202108,'407,ペルー,10940936,53315476,18156289,215181831
202108,'408,ボリビア,888785,6488421,2658076,33685275
202108,'409,チリ,27300393,116959113,64573207,564476982
202108,'410,ブラジル,34571144,304032557,87433195,609845188
202108,'411,パラグアイ,861551,6112074,189284,2500070
202108,'412,ウルグアイ,512009,5091583,733135,2765568
202108,'413,アルゼンチン,8060152,63722654,13704126,41832494
202108,'414,フォークランド諸島及びその附属諸島（英）,3196,4887,26353,118245
202108,'501,モロッコ,2558197,16762700,1757019,23995370
202108,'502,セウタ及びメリリア（西）,5698,18911,3211,19124
202108,'503,アルジェリア,477609,4569865,18817343,36736560
202108,'504,チュニジア,474451,5786439,667369,9351884
202108,'505,リビア,516913,2380368,-,3723084
202108,'506,エジプト,9122038,78155452,4959753,22727164
202108,'507,スーダン,327065,3601099,138850,916479
202108,'508,西サハラ,-,0,313917,313917
202108,'509,モーリタニア,430462,1372033,3606128,17199427
202108,'510,セネガル,369042,5401557,204003,2408079
202108,'511,ガンビア,6219,256347,417,10749
202108,'512,ギニア・ビサウ,21637,184575,-,0
202108,'513,ギニア,69176,768198,20449,130520
202108,'514,シエラレオネ,31448,1368813,-,1316455
202108,'515,リベリア,25440167,169406289,18927,116523
202108,'516,コートジボワール,886265,6450005,190815,838156
202108,'517,ガーナ,1637781,14662022,1600083,11953414
202108,'518,トーゴ,126890,2218031,349079,683103
202108,'519,ベナン,18503,782584,10727,11194
202108,'520,マリ,37589,508556,12387,415596
202108,'521,ブルキナファソ,393516,1123875,181998,691302
202108,'522,カーボベルデ,30227,267963,-,0
202108,'523,カナリー諸島（西）,157927,1388996,-,907
202108,'524,ナイジェリア,2726182,20918221,5037321,43722154
202108,'525,ニジェール,214283,454630,283,104328
202108,'526,ルワンダ,325137,1310377,896,447195
202108,'527,カメルーン,348432,2016118,50416,508409
202108,'528,チャド,47496,174614,-,5864
202108,'529,中央アフリカ,501,100326,-,48034
202108,'530,赤道ギニア,-,34064,-,14631832
202108,'531,ガボン,203007,1561952,149688,2768377
202108,'532,コンゴ共和国,20640,376772,14923,194798
202108,'533,コンゴ民主共和国,692931,5528348,1590,1165404
202108,'534,ブルンジ,82340,946021,-,86437
202108,'535,アンゴラ,324926,3216685,1172,53284
202108,'536,サントメ・プリンシペ,73951,146293,-,21637
202108,'537,セントヘレナ及びその附属諸島（英）,-,4839,34331,175694
202108,'538,エチオピア,1665806,5944457,1241568,5535743
202108,'539,ジブチ,828196,4260374,-,680
202108,'540,ソマリア,6465,246029,33910,881498
202108,'541,ケニア,10742649,69357230,529309,4544583
202108,'542,ウガンダ,2413417,16041576,126875,977870
202108,'543,タンザニア,3430160,23158993,348860,6465689
202108,'544,セーシェル,28980,103850,397598,5975487
202108,'545,モザンビーク,1245744,8435682,112056,6822457
202108,'546,マダガスカル,84480,756226,2019440,6854564
202108,'547,モーリシャス,838145,7584374,83198,531656
202108,'548,レユニオン（仏）,76232,1056013,32875,81233
202108,'549,ジンバブエ,160296,1303274,111761,2781811
202108,'550,ナミビア,106215,1340735,213066,749737
202108,'551,南アフリカ共和国,20261025,159817318,84252771,668448817
202108,'552,レソト,47228,526439,5446,78156
202108,'553,マラウイ,185086,2018760,128277,554660
202108,'554,ザンビア,533585,3979587,201054,1520708
202108,'555,ボツワナ,121133,1475753,449973,9484305
202108,'556,エスワティニ,60144,781039,16669,87128
202108,'558,コモロ,37380,291151,1874,9528
202108,'559,エリトリア,-,46114,2428,4724
202108,'560,南スーダン,75953,842046,-,4157482
202108,'601,オーストラリア,112792055,1104568458,533583535,3296762687
202108,'602,パプアニューギニア,1819883,13162708,21968099,186472982
202108,'605,その他のオーストラリア領,1800,22651,555,2317
202108,'606,ニュージーランド,27822558,197950069,29652449,201738398
202108,'607,クック,25189,114997,180105,1118291
202108,'608,トケラウ諸島（ニュージーランド）,-,0,226,1858
202108,'609,ニウエ,1259,701366,950,2701
202108,'610,サモア,177488,729441,2499,28238
202108,'611,バヌアツ,112012,504071,264603,3661845
202108,'612,フィジー,414337,3381636,152699,1617245
202108,'613,ソロモン,296554,936820,-,23967
202108,'614,トンガ,128704,553273,1038,15865
202108,'615,キリバス,192906,864240,83831,415793
202108,'617,ナウル,45999,342343,-,145656
202108,'618,ニューカレドニア（仏）,479386,2549055,2849924,14636938
202108,'619,仏領ポリネシア,341290,1559895,73153,1755637
202108,'620,グアム（米）,5841052,12294642,4715,39429
202108,'621,米領サモア,28888,193400,1010,1980
202108,'622,米領オセアニア,-,1307,247,173683
202108,'624,ツバル,605953,2969741,-,13400
202108,'625,マーシャル,11284545,87768671,51906,428526
202108,'626,ミクロネシア,101345,1032573,101423,1183108
202108,'627,北マリアナ諸島（米）,758321,1760145,-,228
202108,'628,パラオ,42227,609898,33471,156513
202108,'702,不明,-,0,5557,26443
202109,'103,大韓民国,496321491,4175636919,308080225,2548055525
202109,'105,中華人民共和国,1479259795,13085151663,1774978188,14785880393
202109,'106,台湾,516287245,4346715145,337534500,2621968123
202109,'107,モンゴル,4264943,37203444,227434,2941522
202109,'108,香港,348329690,2870689085,9374894,88878935
202109,'110,ベトナム,168302437,1508333053,195448851,1874934745
202109,'111,タイ,305979200,2687932119,243396904,2134640467
202109,'112,シンガポール,188902525,1612932164,84977001,708873278
202109,'113,マレーシア,143137681,1245750187,146594527,1528068024
202109,'116,ブルネイ,909657,7425975,28985419,194978138
202109,'117,フィリピン,113516958,880560140,98074052,872710028
202109,'118,インドネシア,142281969,1037133032,187607363,1523974552
202109,'120,カンボジア,5820361,47458828,20963069,142518792
202109,'121,ラオス,1163369,11308835,1136295,11396638
202109,'122,ミャンマー,1902917,27201690,9993131,78713749
202109,'123,インド,121971525,1047453982,53788714,474224711
202109,'124,パキスタン,25356826,179790437,2016385,21417017
202109,'125,スリランカ,2847565,27277545,2203001,22096910
202109,'126,モルディブ,379448,2931487,27610,629269
202109,'127,バングラデシュ,21783799,176142785,14121425,116842677
202109,'128,東ティモール,108829,842457,1935719,4675994
202109,'129,マカオ,4666750,26447000,287184,1610466
202109,'130,アフガニスタン,350901,2998087,652,34499
202109,'131,ネパール,232292,3603096,130974,743232
202109,'132,ブータン,79769,333499,10790,30183
202109,'133,イラン,214595,6221003,359630,3165046
202109,'134,イラク,5407028,37283101,2420028,14379894
202109,'135,バーレーン,3388256,44662040,18714313,100347325
202109,'137,サウジアラビア,30899168,367199589,236392006,2017406931
202109,'138,クウェート,9994371,126346964,74684657,500027266
202109,'140,カタール,4984854,71722513,121093428,925618821
202109,'141,オマーン,6767799,100927920,8209827,115158590
202109,'143,イスラエル,13664286,140366818,10670732,100997178
202109,'144,ヨルダン,2040813,33995373,304641,3866230
202109,'145,シリア,27288,467242,8778,41056
202109,'146,レバノン,1159486,14815758,935,1358011
202109,'147,アラブ首長国連邦,49527584,556362034,316888233,2009122933
202109,'149,イエメン,1427894,25079378,43875,572463
202109,'150,アゼルバイジャン,228857,3292160,14102,321192
202109,'151,アルメニア,91922,529240,224129,2082319
202109,'152,ウズベキスタン,2547027,14905000,42612,1276941
202109,'153,カザフスタン,2684212,27909012,12550440,56516609
202109,'154,キルギス,51004,907578,13670,52253
202109,'155,タジキスタン,188698,1898577,-,172330
202109,'156,トルクメニスタン,88991,3535508,-,5549
202109,'157,ジョージア,952862,13761661,96850,2067497
202109,'158,ヨルダン川西岸及びガザ,13485,157926,-,41609
202109,'201,アイスランド,232319,4874616,1093166,10923438
202109,'202,ノルウェー,10224118,88466974,12860990,131715905
202109,'203,スウェーデン,9359106,107788964,28113707,259864641
202109,'204,デンマーク,4202929,46707278,20255707,199303883
202109,'205,英国,94099014,829013099,57408188,561642311
202109,'206,アイルランド,9167607,75326067,55476426,548581974
202109,'207,オランダ,115469971,1028085398,33902693,275571561
202109,'208,ベルギー,67178461,579099771,78677557,576102504
202109,'209,ルクセンブルク,5590159,47052014,654683,8646454
202109,'210,フランス,51542529,534433672,102897494,842931913
202109,'211,モナコ,5833,107602,33405,174350
202109,'212,アンドラ,-,52786,5456,9871
202109,'213,ドイツ,202025413,1679030084,230839367,1933916704
202109,'215,スイス,31037104,363921115,75711808,685033176
202109,'217,ポルトガル,4258472,62606232,2981085,41464462
202109,'218,スペイン,16633347,192956129,73228289,458207824
202109,'219,ジブラルタル（英）,756826,9785638,1958,4258
202109,'220,イタリア,40493406,406968060,118958677,939230061
202109,'221,マルタ,1009698,19036763,216886,13413634
202109,'222,フィンランド,3328396,38019013,18201991,152616642
202109,'223,ポーランド,29979023,278812564,10502820,91779920
202109,'224,ロシア,68075637,628230282,138380830,1006640655
202109,'225,オーストリア,10031638,95869192,19848756,178555150
202109,'227,ハンガリー,13598749,144756945,11236503,99236957
202109,'228,セルビア,448171,3721967,9586869,62321155
202109,'229,アルバニア,15038,303296,487370,2596009
202109,'230,ギリシャ,2120925,22850641,4808373,50425159
202109,'231,ルーマニア,3757142,38037419,8574011,78088343
202109,'232,ブルガリア,2027856,15468019,1241301,10683493
202109,'233,キプロス,1072351,8984119,3350,71238
202109,'234,トルコ,30198391,259685136,6004993,67739891
202109,'235,エストニア,1342784,15304143,853414,16830950
202109,'236,ラトビア,636450,4426652,776125,6702856
202109,'237,リトアニア,936315,10362196,1013002,10632295
202109,'238,ウクライナ,4300334,50763477,5484908,53901800
202109,'239,ベラルーシ,214292,1900049,108410,1638494
202109,'240,モルドバ,6745,182280,305357,1483597
202109,'241,クロアチア,452870,4180077,141313,7741250
202109,'242,スロベニア,1843400,16363732,1454313,11999050
202109,'243,ボスニア・ヘルツェゴビナ,12914,148755,174347,814053
202109,'244,北マケドニア,144537,1334696,212260,1748238
202109,'245,チェコ,21874385,178403880,14833822,137804101
202109,'246,スロバキア,1040450,11174092,4724859,31603172
202109,'247,モンテネグロ,20126,311799,14030,41375
202109,'248,コソボ,15399,110920,3220,28312
202109,'249,フェロー諸島（デンマーク）,-,18778,31162,740506
202109,'301,グリーンランド（デンマーク）,270,1163,486096,5753903
202109,'302,カナダ,63221587,700727335,151722004,1080172258
202109,'304,アメリカ合衆国,1155188553,10748816818,764625370,6515643131
202109,'305,メキシコ,104717524,873673917,51907412,463644761
202109,'306,グアテマラ,2483144,25447757,1363401,15243655
202109,'307,ホンジュラス,1319511,9582444,607244,5036929
202109,'308,ベリーズ,124215,2089853,20363,221789
202109,'309,エルサルバドル,2106082,14207403,190550,1803403
202109,'310,ニカラグア,1162833,7861523,276177,2104586
202109,'311,コスタリカ,5567368,23588344,3862884,34837951
202109,'312,パナマ,51020554,436348719,16302889,75143368
202109,'314,バーミュダ（英）,76110,1046704,266,813
202109,'315,バハマ,393068,20726289,-,47702
202109,'316,ジャマイカ,1566941,14745954,36612,754286
202109,'317,タークス及びカイコス諸島（英）,16459,97701,-,510
202109,'319,バルバドス,335006,5551812,-,10404
202109,'320,トリニダード・トバゴ,587612,6542989,1414463,6791125
202109,'321,キューバ,89688,835170,39364,437418
202109,'322,ハイチ,201891,2190703,29521,405442
202109,'323,ドミニカ共和国,1693188,14830446,1153785,8752176
202109,'324,プエルトリコ（米）,5769021,61550570,16488986,143719658
202109,'325,米領バージン諸島,25371,63708,258,3288
202109,'326,蘭領アンティール,211799,1192238,-,7306
202109,'327,仏領西インド諸島,158581,1609641,6929,22890
202109,'328,ケイマン諸島（英）,128817,1185340,2654330,5668475
202109,'329,グレナダ,77911,501046,-,1758
202109,'330,セントルシア,93193,757928,-,613
202109,'331,アンティグア・バーブーダ,72041,440139,-,1674
202109,'332,英領バージン諸島,14872,119806,598,9289
202109,'333,ドミニカ,17943,238799,22458,29238
202109,'334,モントセラト（英）,3418,33938,-,1747
202109,'335,セントクリストファー・ネービス,18003,310501,-,1077
202109,'336,セントビンセント,52517,370219,-,42074
202109,'337,英領アンギラ,7899,110528,-,0
202109,'338,サン・バルテルミー島（仏）,13356,98601,-,238
202109,'401,コロンビア,13890067,102185022,7170151,38808463
202109,'402,ベネズエラ,127997,1224194,936029,5231704
202109,'403,ガイアナ,761312,6899319,2777,496116
202109,'404,スリナム,567858,4345699,23369,252336
202109,'405,仏領ギアナ,-,321948,-,307
202109,'406,エクアドル,3398897,35209023,13958948,96597169
202109,'407,ペルー,5650007,58965483,20586542,235768373
202109,'408,ボリビア,910361,7398782,6578243,40263518
202109,'409,チリ,31476472,148435585,88274909,652751891
202109,'410,ブラジル,39406767,343439324,102508111,712353299
202109,'411,パラグアイ,889780,7001854,109023,2609093
202109,'412,ウルグアイ,427119,5518702,777698,3543266
202109,'413,アルゼンチン,7359443,71082097,17924399,59756893
202109,'414,フォークランド諸島及びその附属諸島（英）,-,4887,14685,132930
202109,'501,モロッコ,2262406,19025106,1716069,25711439
202109,'502,セウタ及びメリリア（西）,-,18911,879,20003
202109,'503,アルジェリア,305820,4875685,5793176,42529736
202109,'504,チュニジア,380004,6166443,738176,10090060
202109,'505,リビア,318369,2698737,-,3723084
202109,'506,エジプト,10975130,89130582,545976,23273140
202109,'507,スーダン,417903,4019002,123671,1040150
202109,'508,西サハラ,-,0,-,313917
202109,'509,モーリタニア,143354,1515387,146225,17345652
202109,'510,セネガル,916589,6318146,220525,2628604
202109,'511,ガンビア,3652,259999,-,10749
202109,'512,ギニア・ビサウ,-,184575,-,0
202109,'513,ギニア,46900,815098,34504,165024
202109,'514,シエラレオネ,167682,1536495,-,1316455
202109,'515,リベリア,24190785,193597074,19744,136267
202109,'516,コートジボワール,403248,6853253,76464,914620
202109,'517,ガーナ,1212196,15874218,715131,12668545
202109,'518,トーゴ,312475,2530506,146921,830024
202109,'519,ベナン,30616,813200,348,11542
202109,'520,マリ,186110,694666,76492,492088
202109,'521,ブルキナファソ,157541,1281416,150808,842110
202109,'522,カーボベルデ,48478,316441,-,0
202109,'523,カナリー諸島（西）,140541,1529537,-,907
202109,'524,ナイジェリア,1801218,22719439,2313945,46036099
202109,'525,ニジェール,54620,509250,322,104650
202109,'526,ルワンダ,230833,1541210,13527,460722
202109,'527,カメルーン,558121,2574239,65316,573725
202109,'528,チャド,-,174614,-,5864
202109,'529,中央アフリカ,28264,128590,-,48034
202109,'530,赤道ギニア,3438,37502,-,14631832
202109,'531,ガボン,298958,1860910,183055,2951432
202109,'532,コンゴ共和国,8422,385194,32248,227046
202109,'533,コンゴ民主共和国,992641,6520989,101478,1266882
202109,'534,ブルンジ,168318,1114339,-,86437
202109,'535,アンゴラ,898573,4115258,-,53284
202109,'536,サントメ・プリンシペ,67733,214026,-,21637
202109,'537,セントヘレナ及びその附属諸島（英）,-,4839,14784,190478
202109,'538,エチオピア,619165,6563622,1171884,6707627
202109,'539,ジブチ,416380,4676754,-,680
202109,'540,ソマリア,9880,255909,30892,912390
202109,'541,ケニア,10974540,80331770,687375,5231958
202109,'542,ウガンダ,2365786,18407362,84269,1062139
202109,'543,タンザニア,5982011,29141004,832614,7298303
202109,'544,セーシェル,17384,121234,624895,6600382
202109,'545,モザンビーク,1505562,9941244,176454,6998911
202109,'546,マダガスカル,129379,885605,2065364,8919928
202109,'547,モーリシャス,937452,8521826,106715,638371
202109,'548,レユニオン（仏）,132579,1188592,-,81233
202109,'549,ジンバブエ,228236,1531510,170642,2952453
202109,'550,ナミビア,197215,1537950,70740,820477
202109,'551,南アフリカ共和国,20862541,180679859,109319300,777768117
202109,'552,レソト,122892,649331,512,78668
202109,'553,マラウイ,675427,2694187,120621,675281
202109,'554,ザンビア,746303,4725890,73015,1593723
202109,'555,ボツワナ,228967,1704720,34362,9518667
202109,'556,エスワティニ,133739,914778,10695,97823
202109,'558,コモロ,14083,305234,1909,11437
202109,'559,エリトリア,10665,56779,1554,6278
202109,'560,南スーダン,163512,1005558,-,4157482
202109,'601,オーストラリア,108221835,1212790293,549767071,3846529758
202109,'602,パプアニューギニア,1961876,15124584,31618261,218091243
202109,'605,その他のオーストラリア領,3123,25774,945,3262
202109,'606,ニュージーランド,25590263,223540332,26518461,228256859
202109,'607,クック,12598,127595,72006,1190297
202109,'608,トケラウ諸島（ニュージーランド）,-,0,2522,4380
202109,'609,ニウエ,-,701366,240,2941
202109,'610,サモア,93743,823184,-,28238
202109,'611,バヌアツ,52387,556458,237165,3899010
202109,'612,フィジー,539477,3921113,534160,2151405
202109,'613,ソロモン,163745,1100565,6683,30650
202109,'614,トンガ,92498,645771,1354,17219
202109,'615,キリバス,40985,905225,71931,487724
202109,'617,ナウル,477280,819623,-,145656
202109,'618,ニューカレドニア（仏）,409695,2958750,2046934,16683872
202109,'619,仏領ポリネシア,332549,1892444,128813,1884450
202109,'620,グアム（米）,638945,12933587,4830,44259
202109,'621,米領サモア,42441,235841,-,1980
202109,'622,米領オセアニア,-,1307,2639,176322
202109,'624,ツバル,412983,3382724,280,13680
202109,'625,マーシャル,12068979,99837650,393514,822040
202109,'626,ミクロネシア,212247,1244820,191496,1374604
202109,'627,北マリアナ諸島（米）,71852,1831997,-,228
202109,'628,パラオ,175799,785697,12258,168771
202109,'702,不明,-,0,520,26963
202110,'103,大韓民国,506856676,4682493595,298276537,2846332062
202110,'105,中華人民共和国,1597210219,14682361882,1717095239,16502975632
202110,'106,台湾,524184987,4870900132,332414772,2954382895
202110,'107,モンゴル,3671482,40874926,314933,3256455
202110,'108,香港,338181416,3208870501,10151685,99030620
202110,'110,ベトナム,177695109,1686028162,176025294,2050960039
202110,'111,タイ,319521067,3007453186,241172250,2375812717
202110,'112,シンガポール,195025661,1807957825,88265337,797138615
202110,'113,マレーシア,143400038,1389150225,179345808,1707413832
202110,'116,ブルネイ,278511,7704486,12963319,207941457
202110,'117,フィリピン,110860574,991420714,100423259,973133287
202110,'118,インドネシア,134156799,1171289831,203508537,1727483089
202110,'120,カンボジア,4339318,51798146,19043803,161562595
202110,'121,ラオス,869951,12178786,811432,12208070
202110,'122,ミャンマー,3332984,30534674,11190096,89903845
202110,'123,インド,122391605,1169845587,62485395,536710106
202110,'124,パキスタン,26852946,206643383,1644582,23061599
202110,'125,スリランカ,2772371,30049916,3312850,25409760
202110,'126,モルディブ,136018,3067505,29127,658396
202110,'127,バングラデシュ,28898984,205041769,16687185,133529862
202110,'128,東ティモール,106546,949003,46092,4722086
202110,'129,マカオ,3825029,30272029,171855,1782321
202110,'130,アフガニスタン,93514,3091601,1564,36063
202110,'131,ネパール,332903,3935999,95048,838280
202110,'132,ブータン,198526,532025,1080,31263
202110,'133,イラン,389022,6610025,321647,3486693
202110,'134,イラク,1960722,39243823,1609,14381503
202110,'135,バーレーン,3398021,48060061,7303952,107651277
202110,'137,サウジアラビア,35298454,402498043,267234595,2284641526
202110,'138,クウェート,8978427,135325391,76080538,576107804
202110,'140,カタール,5220802,76943315,99756516,1025375337
202110,'141,オマーン,6613417,107541337,17373109,132531699
202110,'143,イスラエル,12634329,153001147,12729288,113726466
202110,'144,ヨルダン,2872526,36867899,320160,4186390
202110,'145,シリア,112862,580104,10029,51085
202110,'146,レバノン,516151,15331909,10576,1368587
202110,'147,アラブ首長国連邦,58268833,614630867,268432394,2277555327
202110,'149,イエメン,1593106,26672484,85700,658163
202110,'150,アゼルバイジャン,340362,3632522,53920,375112
202110,'151,アルメニア,66967,596207,447636,2529955
202110,'152,ウズベキスタン,1045339,15950339,110901,1387842
202110,'153,カザフスタン,3450389,31359401,4992929,61509538
202110,'154,キルギス,50244,957822,6008,58261
202110,'155,タジキスタン,313046,2211623,24120,196450
202110,'156,トルクメニスタン,43763,3579271,466,6015
202110,'157,ジョージア,1434922,15196583,267150,2334647
202110,'158,ヨルダン川西岸及びガザ,19153,177079,8880,50489
202110,'201,アイスランド,597633,5472249,1265773,12189211
202110,'202,ノルウェー,7192243,95659217,13614506,145330411
202110,'203,スウェーデン,12834854,120623818,24579670,284444311
202110,'204,デンマーク,4510835,51218113,21773223,221077106
202110,'205,英国,105947876,934960975,66543114,628185425
202110,'206,アイルランド,10232572,85558639,51635698,600217672
202110,'207,オランダ,116390110,1144475508,27316046,302887607
202110,'208,ベルギー,69856909,648956680,76503749,652606253
202110,'209,ルクセンブルク,6413870,53465884,996670,9643124
202110,'210,フランス,60355053,594788725,146812022,989743935
202110,'211,モナコ,20434,128036,12604,186954
202110,'212,アンドラ,24770,77556,2967,12838
202110,'213,ドイツ,213380492,1892410576,195468959,2129385663
202110,'215,スイス,33872923,397794038,64865418,749898594
202110,'217,ポルトガル,6064245,68670477,2242124,43706586
202110,'218,スペイン,20765976,213722105,42479368,500687192
202110,'219,ジブラルタル（英）,912638,10698276,-,4258
202110,'220,イタリア,49442364,456410424,90518585,1029748646
202110,'221,マルタ,868018,19904781,123905,13537539
202110,'222,フィンランド,4022930,42041943,19766642,172383284
202110,'223,ポーランド,26870766,305683330,10226217,102006137
202110,'224,ロシア,69389439,697619721,145001617,1151642272
202110,'225,オーストリア,14036940,109906132,17027152,195582302
202110,'227,ハンガリー,15549317,160306262,8662661,107899618
202110,'228,セルビア,393231,4115198,8054610,70375765
202110,'229,アルバニア,14795,318091,427634,3023643
202110,'230,ギリシャ,2532136,25382777,748172,51173331
202110,'231,ルーマニア,3560320,41597739,5340122,83428465
202110,'232,ブルガリア,2030269,17498288,1155347,11838840
202110,'233,キプロス,1153287,10137406,2521,73759
202110,'234,トルコ,27965726,287650862,6227138,73967029
202110,'235,エストニア,1897496,17201639,1045920,17876870
202110,'236,ラトビア,529120,4955772,1018772,7721628
202110,'237,リトアニア,691968,11054164,1354011,11986306
202110,'238,ウクライナ,5390703,56154180,11810475,65712275
202110,'239,ベラルーシ,376480,2276529,109002,1747496
202110,'240,モルドバ,21670,203950,334529,1818126
202110,'241,クロアチア,573524,4753601,150619,7891869
202110,'242,スロベニア,1869744,18233476,846880,12845930
202110,'243,ボスニア・ヘルツェゴビナ,21099,169854,66882,880935
202110,'244,北マケドニア,184409,1519105,209250,1957488
202110,'245,チェコ,23798413,202202293,16788070,154592171
202110,'246,スロバキア,1312755,12486847,1556479,33159651
202110,'247,モンテネグロ,37787,349586,3146,44521
202110,'248,コソボ,9943,120863,798,29110
202110,'249,フェロー諸島（デンマーク）,1205,19983,72861,813367
202110,'301,グリーンランド（デンマーク）,-,1163,742270,6496173
202110,'302,カナダ,61889169,762616504,148059034,1228231292
202110,'304,アメリカ合衆国,1302427273,12051244091,718908746,7234551877
202110,'305,メキシコ,97832483,971506400,57021494,520666255
202110,'306,グアテマラ,4375025,29822782,1209696,16453351
202110,'307,ホンジュラス,1715447,11297891,765318,5802247
202110,'308,ベリーズ,84108,2173961,65250,287039
202110,'309,エルサルバドル,1133514,15340917,170229,1973632
202110,'310,ニカラグア,369129,8230652,468710,2573296
202110,'311,コスタリカ,3537207,27125551,4348456,39186407
202110,'312,パナマ,32235817,468584536,15378709,90522077
202110,'314,バーミュダ（英）,118280,1164984,-,813
202110,'315,バハマ,568818,21295107,866531,914233
202110,'316,ジャマイカ,1784417,16530371,96362,850648
202110,'317,タークス及びカイコス諸島（英）,26195,123896,-,510
202110,'319,バルバドス,341903,5893715,-,10404
202110,'320,トリニダード・トバゴ,777804,7320793,1481016,8272141
202110,'321,キューバ,116869,952039,49354,486772
202110,'322,ハイチ,331740,2522443,29561,435003
202110,'323,ドミニカ共和国,3435104,18265550,1113735,9865911
202110,'324,プエルトリコ（米）,7804582,69355152,19147653,162867311
202110,'325,米領バージン諸島,1135,64843,-,3288
202110,'326,蘭領アンティール,240476,1432714,-,7306
202110,'327,仏領西インド諸島,190624,1800265,251,23141
202110,'328,ケイマン諸島（英）,148096,1333436,-,5668475
202110,'329,グレナダ,78668,579714,-,1758
202110,'330,セントルシア,199212,957140,6121,6734
202110,'331,アンティグア・バーブーダ,43052,483191,-,1674
202110,'332,英領バージン諸島,6689,126495,-,9289
202110,'333,ドミニカ,35046,273845,-,29238
202110,'334,モントセラト（英）,3324,37262,-,1747
202110,'335,セントクリストファー・ネービス,29942,340443,-,1077
202110,'336,セントビンセント,63068,433287,-,42074
202110,'337,英領アンギラ,19110,129638,437,437
202110,'338,サン・バルテルミー島（仏）,6321,104922,-,238
202110,'401,コロンビア,9823352,112008374,4611554,43420017
202110,'402,ベネズエラ,218873,1443067,25557,5257261
202110,'403,ガイアナ,819598,7718917,8439,504555
202110,'404,スリナム,596314,4942013,23619,275955
202110,'405,仏領ギアナ,43295,365243,-,307
202110,'406,エクアドル,3234410,38443433,11094613,107691782
202110,'407,ペルー,4424780,63390263,28369198,264137571
202110,'408,ボリビア,806146,8204928,4929502,45193020
202110,'409,チリ,14440304,162875889,70258802,723010693
202110,'410,ブラジル,31848180,375287504,110815420,823168719
202110,'411,パラグアイ,706210,7708064,2179080,4788173
202110,'412,ウルグアイ,543304,6062006,710461,4253727
202110,'413,アルゼンチン,7065870,78147967,16497044,76253937
202110,'414,フォークランド諸島及びその附属諸島（英）,-,4887,8658,141588
202110,'501,モロッコ,2042853,21067959,1934321,27645760
202110,'502,セウタ及びメリリア（西）,2814,21725,-,20003
202110,'503,アルジェリア,1434911,6310596,1295617,43825353
202110,'504,チュニジア,261277,6427720,628059,10718119
202110,'505,リビア,269411,2968148,4548,3727632
202110,'506,エジプト,7045208,96175790,846023,24119163
202110,'507,スーダン,484157,4503159,233111,1273261
202110,'508,西サハラ,-,0,-,313917
202110,'509,モーリタニア,133516,1648903,4164726,21510378
202110,'510,セネガル,1978015,8296161,355942,2984546
202110,'511,ガンビア,126921,386920,-,10749
202110,'512,ギニア・ビサウ,-,184575,-,0
202110,'513,ギニア,23935,839033,162133,327157
202110,'514,シエラレオネ,4236,1540731,-,1316455
202110,'515,リベリア,28584881,222181955,19755,156022
202110,'516,コートジボワール,588187,7441440,87624,1002244
202110,'517,ガーナ,1370611,17244829,813161,13481706
202110,'518,トーゴ,170923,2701429,42848,872872
202110,'519,ベナン,25643,838843,20223,31765
202110,'520,マリ,39976,734642,12683,504771
202110,'521,ブルキナファソ,239730,1521146,140657,982767
202110,'522,カーボベルデ,41379,357820,-,0
202110,'523,カナリー諸島（西）,269856,1799393,6308,7215
202110,'524,ナイジェリア,2416589,25136028,2474971,48511070
202110,'525,ニジェール,91370,600620,601,105251
202110,'526,ルワンダ,139091,1680301,327959,788681
202110,'527,カメルーン,372766,2947005,33006,606731
202110,'528,チャド,1405,176019,3296,9160
202110,'529,中央アフリカ,-,128590,8156,56190
202110,'530,赤道ギニア,3655,41157,3076398,17708230
202110,'531,ガボン,213770,2074680,271048,3222480
202110,'532,コンゴ共和国,45502,430696,108545,335591
202110,'533,コンゴ民主共和国,1071533,7592522,104207,1371089
202110,'534,ブルンジ,79487,1193826,-,86437
202110,'535,アンゴラ,519677,4634935,22178,75462
202110,'536,サントメ・プリンシペ,-,214026,-,21637
202110,'537,セントヘレナ及びその附属諸島（英）,-,4839,346,190824
202110,'538,エチオピア,183092,6746714,1069980,7777607
202110,'539,ジブチ,210288,4887042,326,1006
202110,'540,ソマリア,13191,269100,49005,961395
202110,'541,ケニア,11724638,92056408,2117791,7349749
202110,'542,ウガンダ,3447610,21854972,31031,1093170
202110,'543,タンザニア,3955037,33096041,943330,8241633
202110,'544,セーシェル,28271,149505,437513,7037895
202110,'545,モザンビーク,1008578,10949822,936322,7935233
202110,'546,マダガスカル,127982,1013587,2406176,11326104
202110,'547,モーリシャス,904851,9426677,22338,660709
202110,'548,レユニオン（仏）,134917,1323509,34834,116067
202110,'549,ジンバブエ,282683,1814193,87660,3040113
202110,'550,ナミビア,396008,1933958,34312,854789
202110,'551,南アフリカ共和国,29930130,210609989,95034913,872803030
202110,'552,レソト,84544,733875,516,79184
202110,'553,マラウイ,573160,3267347,85136,760417
202110,'554,ザンビア,1049492,5775382,166009,1759732
202110,'555,ボツワナ,167153,1871873,298848,9817515
202110,'556,エスワティニ,84505,999283,18916,116739
202110,'558,コモロ,129384,434618,692,12129
202110,'559,エリトリア,20013,76792,-,6278
202110,'560,南スーダン,104769,1110327,1621125,5778607
202110,'601,オーストラリア,117475883,1330266176,563761231,4410290989
202110,'602,パプアニューギニア,1699750,16824334,25133773,243225016
202110,'605,その他のオーストラリア領,16239,42013,-,3262
202110,'606,ニュージーランド,34721996,258262328,23070796,251327655
202110,'607,クック,20407,148002,82584,1272881
202110,'608,トケラウ諸島（ニュージーランド）,-,0,1165,5545
202110,'609,ニウエ,5500,706866,693,3634
202110,'610,サモア,70166,893350,9097,37335
202110,'611,バヌアツ,46560,603018,275481,4174491
202110,'612,フィジー,384843,4305956,126858,2278263
202110,'613,ソロモン,78084,1178649,-,30650
202110,'614,トンガ,173631,819402,13053,30272
202110,'615,キリバス,41283,946508,37453,525177
202110,'616,ピットケルン（英）,-,0,275,275
202110,'617,ナウル,328069,1147692,123358,269014
202110,'618,ニューカレドニア（仏）,311166,3269916,2851992,19535864
202110,'619,仏領ポリネシア,161895,2054339,411864,2296314
202110,'620,グアム（米）,2157152,15090739,2643,46902
202110,'621,米領サモア,22380,258221,636,2616
202110,'622,米領オセアニア,-,1307,2568,178890
202110,'624,ツバル,576041,3958765,-,13680
202110,'625,マーシャル,9572609,109410259,74265,896305
202110,'626,ミクロネシア,112490,1357310,65820,1440424
202110,'627,北マリアナ諸島（米）,272394,2104391,-,228
202110,'628,パラオ,48275,833972,26872,195643
202110,'702,不明,-,0,812,27775
202111,'103,大韓民国,534299381,5216792976,331611556,3177943618
202111,'105,中華人民共和国,1577190946,16259552828,1980806421,18483782053
202111,'106,台湾,533386391,5404286523,355314049,3309696944
202111,'107,モンゴル,6511838,47386764,370328,3626783
202111,'108,香港,322913595,3531784096,9321108,108351728
202111,'110,ベトナム,201270727,1887298889,230120953,2281080992
202111,'111,タイ,305164813,3312617999,258481247,2634293964
202111,'112,シンガポール,196646951,2004604776,83411384,880549999
202111,'113,マレーシア,162914606,1552064831,223223299,1930637131
202111,'116,ブルネイ,17531561,25236047,22588652,230530109
202111,'117,フィリピン,115455632,1106876346,116819342,1089952629
202111,'118,インドネシア,147379199,1318669030,196789312,1924272401
202111,'120,カンボジア,5537812,57335958,15462987,177025582
202111,'121,ラオス,924766,13103552,794563,13002633
202111,'122,ミャンマー,3020046,33554720,8304863,98208708
202111,'123,インド,115349947,1285195534,69659855,606369961
202111,'124,パキスタン,22458061,229101444,2351719,25413318
202111,'125,スリランカ,2501865,32551781,2896588,28306348
202111,'126,モルディブ,412628,3480133,367,658763
202111,'127,バングラデシュ,21781297,226823066,13028262,146558124
202111,'128,東ティモール,47397,996400,2583561,7305647
202111,'129,マカオ,3973681,34245710,330017,2112338
202111,'130,アフガニスタン,68831,3160432,1232,37295
202111,'131,ネパール,345819,4281818,55746,894026
202111,'132,ブータン,23846,555871,467,31730
202111,'133,イラン,640698,7250723,433241,3919934
202111,'134,イラク,2298055,41541878,9483466,23864969
202111,'135,バーレーン,4270783,52330844,8466183,116117460
202111,'137,サウジアラビア,44439108,446937151,337327962,2621969488
202111,'138,クウェート,14214682,149540073,72497647,648605451
202111,'140,カタール,13335560,90278875,108479230,1133854567
202111,'141,オマーン,11154187,118695524,10324425,142856124
202111,'143,イスラエル,18514810,171515957,13714599,127441065
202111,'144,ヨルダン,5014413,41882312,676515,4862905
202111,'145,シリア,12022,592126,-,51085
202111,'146,レバノン,573227,15905136,106419,1475006
202111,'147,アラブ首長国連邦,76230833,690861700,331112020,2608667347
202111,'149,イエメン,1462163,28134647,28833,686996
202111,'150,アゼルバイジャン,290864,3923386,86203,461315
202111,'151,アルメニア,96896,693103,146021,2675976
202111,'152,ウズベキスタン,1184720,17135059,196529,1584371
202111,'153,カザフスタン,3419038,34778439,9425792,70935330
202111,'154,キルギス,113020,1070842,869,59130
202111,'155,タジキスタン,252341,2463964,-,196450
202111,'156,トルクメニスタン,200166,3779437,2155,8170
202111,'157,ジョージア,1401241,16597824,158961,2493608
202111,'158,ヨルダン川西岸及びガザ,102946,280025,-,50489
202111,'201,アイスランド,307263,5779512,1357976,13547187
202111,'202,ノルウェー,8018097,103677314,17264161,162594572
202111,'203,スウェーデン,11600790,132224608,34756977,319201288
202111,'204,デンマーク,6055563,57273676,21735626,242812732
202111,'205,英国,102800956,1037761931,65039575,693225000
202111,'206,アイルランド,11254802,96813441,75225663,675443335
202111,'207,オランダ,112227099,1256702607,26042025,328929632
202111,'208,ベルギー,67959843,716916523,25767961,678374214
202111,'209,ルクセンブルク,5847947,59313831,520315,10163439
202111,'210,フランス,71659371,666448096,168784200,1158528135
202111,'211,モナコ,3121,131157,19975,206929
202111,'212,アンドラ,3557,81113,2386,15224
202111,'213,ドイツ,186165344,2078575920,237030166,2366415829
202111,'215,スイス,44402977,442197015,93385274,843283868
202111,'217,ポルトガル,9443405,78113882,2691232,46397818
202111,'218,スペイン,26479732,240201837,49324867,550012059
202111,'219,ジブラルタル（英）,1504961,12203237,1347,5605
202111,'220,イタリア,42956876,499367300,126572435,1156321081
202111,'221,マルタ,990431,20895212,415263,13952802
202111,'222,フィンランド,4709438,46751381,19900515,192283799
202111,'223,ポーランド,32190583,337873913,14055430,116061567
202111,'224,ロシア,86445293,784065014,207481444,1359123716
202111,'225,オーストリア,12628261,122534393,29525080,225107382
202111,'227,ハンガリー,15504280,175810542,11088746,118988364
202111,'228,セルビア,645452,4760650,7516402,77892167
202111,'229,アルバニア,26383,344474,598299,3621942
202111,'230,ギリシャ,1491361,26874138,6081441,57254772
202111,'231,ルーマニア,3538561,45136300,10952233,94380698
202111,'232,ブルガリア,2195973,19694261,1213971,13052811
202111,'233,キプロス,1362667,11500073,2443,76202
202111,'234,トルコ,27688197,315339059,8041710,82008739
202111,'235,エストニア,2636425,19838064,2849346,20726216
202111,'236,ラトビア,337489,5293261,1212516,8934144
202111,'237,リトアニア,708058,11762222,1246554,13232860
202111,'238,ウクライナ,2625431,58779611,11039724,76751999
202111,'239,ベラルーシ,139732,2416261,320000,2067496
202111,'240,モルドバ,10703,214653,231544,2049670
202111,'241,クロアチア,1067661,5821262,109832,8001701
202111,'242,スロベニア,1677515,19910991,1478783,14324713
202111,'243,ボスニア・ヘルツェゴビナ,15540,185394,69440,950375
202111,'244,北マケドニア,148362,1667467,185137,2142625
202111,'245,チェコ,18513427,220715720,15110412,169702583
202111,'246,スロバキア,1562578,14049425,3206727,36366378
202111,'247,モンテネグロ,38865,388451,1628,46149
202111,'248,コソボ,6617,127480,4243,33353
202111,'249,フェロー諸島（デンマーク）,-,19983,38218,851585
202111,'301,グリーンランド（デンマーク）,340,1503,833498,7329671
202111,'302,カナダ,75419766,838036270,147434644,1375665936
202111,'304,アメリカ合衆国,1299440211,13350684302,857621292,8092173169
202111,'305,メキシコ,97867894,1069374294,57942687,578608942
202111,'306,グアテマラ,2487056,32309838,1310927,17764278
202111,'307,ホンジュラス,1237349,12535240,680662,6482909
202111,'308,ベリーズ,55292,2229253,39963,327002
202111,'309,エルサルバドル,2370223,17711140,191672,2165304
202111,'310,ニカラグア,925744,9156396,302074,2875370
202111,'311,コスタリカ,3521951,30647502,4874762,44061169
202111,'312,パナマ,37420323,506004859,6770387,97292464
202111,'314,バーミュダ（英）,43365,1208349,833,1646
202111,'315,バハマ,341841,21636948,-,914233
202111,'316,ジャマイカ,2297088,18827459,28073,878721
202111,'317,タークス及びカイコス諸島（英）,20133,144029,-,510
202111,'319,バルバドス,350099,6243814,3066,13470
202111,'320,トリニダード・トバゴ,640716,7961509,1427587,9699728
202111,'321,キューバ,249921,1201960,12082,498854
202111,'322,ハイチ,206135,2728578,32163,467166
202111,'323,ドミニカ共和国,2646847,20912397,1174259,11040170
202111,'324,プエルトリコ（米）,11513351,80868503,20492752,183360063
202111,'325,米領バージン諸島,10366,75209,-,3288
202111,'326,蘭領アンティール,183629,1616343,2039,9345
202111,'327,仏領西インド諸島,154571,1954836,1210,24351
202111,'328,ケイマン諸島（英）,185361,1518797,-,5668475
202111,'329,グレナダ,42081,621795,-,1758
202111,'330,セントルシア,112105,1069245,-,6734
202111,'331,アンティグア・バーブーダ,63290,546481,-,1674
202111,'332,英領バージン諸島,24836,151331,698,9987
202111,'333,ドミニカ,188243,462088,842,30080
202111,'334,モントセラト（英）,3177,40439,-,1747
202111,'335,セントクリストファー・ネービス,24360,364803,-,1077
202111,'336,セントビンセント,39464,472751,30967,73041
202111,'337,英領アンギラ,26991,156629,-,437
202111,'338,サン・バルテルミー島（仏）,-,104922,-,238
202111,'401,コロンビア,10807270,122815644,5627325,49047342
202111,'402,ベネズエラ,243475,1686542,24072,5281333
202111,'403,ガイアナ,726488,8445405,343658,848213
202111,'404,スリナム,717955,5659968,70007,345962
202111,'405,仏領ギアナ,17449,382692,-,307
202111,'406,エクアドル,2968287,41411720,14182584,121874366
202111,'407,ペルー,7006599,70396862,26425521,290563092
202111,'408,ボリビア,849816,9054744,5180271,50373291
202111,'409,チリ,21205094,184080983,59882930,782893623
202111,'410,ブラジル,35956608,411244112,123715083,946883802
202111,'411,パラグアイ,1026562,8734626,551695,5339868
202111,'412,ウルグアイ,750152,6812158,796149,5049876
202111,'413,アルゼンチン,8275510,86423477,16053647,92307584
202111,'414,フォークランド諸島及びその附属諸島（英）,-,4887,-,141588
202111,'415,英領南極地域,-,0,283,283
202111,'501,モロッコ,1744825,22812784,5710236,33355996
202111,'502,セウタ及びメリリア（西）,2887,24612,1704,21707
202111,'503,アルジェリア,2083670,8394266,10473863,54299216
202111,'504,チュニジア,319007,6746727,594002,11312121
202111,'505,リビア,397201,3365349,-,3727632
202111,'506,エジプト,9184516,105360306,2347680,26466843
202111,'507,スーダン,252252,4755411,149725,1422986
202111,'508,西サハラ,-,0,-,313917
202111,'509,モーリタニア,168714,1817617,7847867,29358245
202111,'510,セネガル,1124869,9421030,244201,3228747
202111,'511,ガンビア,-,386920,-,10749
202111,'512,ギニア・ビサウ,674,185249,-,0
202111,'513,ギニア,66259,905292,55621,382778
202111,'514,シエラレオネ,105580,1646311,-,1316455
202111,'515,リベリア,11633697,233815652,60688,216710
202111,'516,コートジボワール,705121,8146561,148887,1151131
202111,'517,ガーナ,1161999,18406828,567752,14049458
202111,'518,トーゴ,200560,2901989,112449,985321
202111,'519,ベナン,6397,845240,-,31765
202111,'520,マリ,129939,864581,211,504982
202111,'521,ブルキナファソ,237470,1758616,205697,1188464
202111,'522,カーボベルデ,25323,383143,-,0
202111,'523,カナリー諸島（西）,189205,1988598,-,7215
202111,'524,ナイジェリア,3789656,28925684,18387293,66898363
202111,'525,ニジェール,23078,623698,-,105251
202111,'526,ルワンダ,257805,1938106,217586,1006267
202111,'527,カメルーン,173455,3120460,33429,640160
202111,'528,チャド,8620,184639,1294,10454
202111,'529,中央アフリカ,4517,133107,3798,59988
202111,'530,赤道ギニア,32702,73859,-,17708230
202111,'531,ガボン,481933,2556613,138831,3361311
202111,'532,コンゴ共和国,7022,437718,56468,392059
202111,'533,コンゴ民主共和国,808344,8400866,11972,1383061
202111,'534,ブルンジ,68220,1262046,10193,96630
202111,'535,アンゴラ,453695,5088630,-,75462
202111,'536,サントメ・プリンシペ,-,214026,-,21637
202111,'537,セントヘレナ及びその附属諸島（英）,801,5640,14063,204887
202111,'538,エチオピア,756130,7502844,1275127,9052734
202111,'539,ジブチ,365119,5252161,497,1503
202111,'540,ソマリア,9459,278559,125621,1087016
202111,'541,ケニア,10375779,102432187,768463,8118212
202111,'542,ウガンダ,1887571,23742543,142538,1235708
202111,'543,タンザニア,4375741,37471782,1019889,9261522
202111,'544,セーシェル,28290,177795,678516,7716411
202111,'545,モザンビーク,1340713,12290535,3536377,11471610
202111,'546,マダガスカル,103674,1117261,5274099,16600203
202111,'547,モーリシャス,1134086,10560763,32779,693488
202111,'548,レユニオン（仏）,245538,1569047,597,116664
202111,'549,ジンバブエ,289594,2103787,145815,3185928
202111,'550,ナミビア,281641,2215599,146608,1001397
202111,'551,南アフリカ共和国,24091520,234701509,98644825,971447855
202111,'552,レソト,55152,789027,462,79646
202111,'553,マラウイ,635650,3902997,202749,963166
202111,'554,ザンビア,788460,6563842,93926,1853658
202111,'555,ボツワナ,143353,2015226,244384,10061899
202111,'556,エスワティニ,116733,1116016,49176,165915
202111,'558,コモロ,11300,445918,1783,13912
202111,'559,エリトリア,-,76792,-,6278
202111,'560,南スーダン,142796,1253123,622500,6401107
202111,'601,オーストラリア,175403113,1505669289,641180871,5051471860
202111,'602,パプアニューギニア,1689252,18513586,25905865,269130881
202111,'605,その他のオーストラリア領,-,42013,-,3262
202111,'606,ニュージーランド,30385764,288648092,27933521,279261176
202111,'607,クック,25473,173475,185420,1458301
202111,'608,トケラウ諸島（ニュージーランド）,-,0,-,5545
202111,'609,ニウエ,567,707433,3299,6933
202111,'610,サモア,90997,984347,-,37335
202111,'611,バヌアツ,10719,613737,328109,4502600
202111,'612,フィジー,450618,4756574,401969,2680232
202111,'613,ソロモン,124355,1303004,-,30650
202111,'614,トンガ,90635,910037,12164,42436
202111,'615,キリバス,85368,1031876,25483,550660
202111,'616,ピットケルン（英）,-,0,-,275
202111,'617,ナウル,30864,1178556,60023,329037
202111,'618,ニューカレドニア（仏）,266948,3536864,3040708,22576572
202111,'619,仏領ポリネシア,79657,2133996,369480,2665794
202111,'620,グアム（米）,1145637,16236376,6404,53306
202111,'621,米領サモア,18498,276719,1525,4141
202111,'622,米領オセアニア,824,2131,8758,187648
202111,'624,ツバル,598088,4556853,-,13680
202111,'625,マーシャル,18406608,127816867,1075,897380
202111,'626,ミクロネシア,157785,1515095,92179,1532603
202111,'627,北マリアナ諸島（米）,169585,2273976,-,228
202111,'628,パラオ,107429,941401,3551,199194
202111,'702,不明,-,0,952,28727
202112,'103,大韓民国,552777676,5769570652,343317874,3521261492
202112,'105,中華人民共和国,1724819632,17984372460,1898032355,20381814408
202112,'106,台湾,583797380,5988083903,368496175,3678193119
202112,'107,モンゴル,7447546,54834310,282736,3909519
202112,'108,香港,358624904,3890409000,11849444,120201172
202112,'110,ベトナム,209509389,2096808278,244454461,2525535453
202112,'111,タイ,311982371,3624600370,258829037,2893123001
202112,'112,シンガポール,196033579,2200638355,93163828,973713827
202112,'113,マレーシア,161625999,1713690830,235760015,2166397146
202112,'116,ブルネイ,351541,25587588,28828509,259358618
202112,'117,フィリピン,112799885,1219676231,106811745,1196764374
202112,'118,インドネシア,146734053,1465403083,232669094,2156941495
202112,'120,カンボジア,6203185,63539143,14773209,191798791
202112,'121,ラオス,1003818,14107370,1257754,14260387
202112,'122,ミャンマー,3365969,36920689,7158604,105367312
202112,'123,インド,125870571,1411066105,68025310,674395271
202112,'124,パキスタン,23844773,252946217,4030408,29443726
202112,'125,スリランカ,2986283,35538064,3061205,31367553
202112,'126,モルディブ,244220,3724353,15062,673825
202112,'127,バングラデシュ,30956077,257779143,12344186,158902310
202112,'128,東ティモール,70607,1067007,40867,7346514
202112,'129,マカオ,4815173,39060883,114269,2226607
202112,'130,アフガニスタン,151429,3311861,425,37720
202112,'131,ネパール,313330,4595148,67149,961175
202112,'132,ブータン,303276,859147,2749,34479
202112,'133,イラン,436378,7687101,257986,4177920
202112,'134,イラク,5064610,46606488,1330405,25195374
202112,'135,バーレーン,4868797,57199641,18440707,134558167
202112,'137,サウジアラビア,42001143,488938294,397381494,3019350982
202112,'138,クウェート,12307712,161847785,78712456,727317907
202112,'140,カタール,10864998,101143873,143112516,1276967083
202112,'141,オマーン,10231622,128927146,12925875,155781999
202112,'143,イスラエル,16920792,188436749,14776868,142217933
202112,'144,ヨルダン,6517094,48399406,322686,5185591
202112,'145,シリア,183095,775221,1634,52719
202112,'146,レバノン,2019555,17924691,29090,1504096
202112,'147,アラブ首長国連邦,80821176,771682876,369303734,2977971081
202112,'149,イエメン,4221422,32356069,11270,698266
202112,'150,アゼルバイジャン,91392,4014778,83877,545192
202112,'151,アルメニア,58694,751797,116202,2792178
202112,'152,ウズベキスタン,3141171,20276230,107724,1692095
202112,'153,カザフスタン,3574280,38352719,8499752,79435082
202112,'154,キルギス,156289,1227131,3455,62585
202112,'155,タジキスタン,285552,2749516,24927,221377
202112,'156,トルクメニスタン,258540,4037977,1807,9977
202112,'157,ジョージア,2284473,18882297,136897,2630505
202112,'158,ヨルダン川西岸及びガザ,13679,293704,-,50489
202112,'201,アイスランド,414143,6193655,1096382,14643569
202112,'202,ノルウェー,7115155,110792469,22480339,185074911
202112,'203,スウェーデン,13145242,145369850,27488297,346689585
202112,'204,デンマーク,5475889,62749565,20506420,263319152
202112,'205,英国,99989117,1137751048,64726802,757951802
202112,'206,アイルランド,14113660,110927101,71740563,747183898
202112,'207,オランダ,125051098,1381753705,28832547,357762179
202112,'208,ベルギー,72753229,789669752,22182259,700556473
202112,'209,ルクセンブルク,4696059,64009890,1032409,11195848
202112,'210,フランス,64467056,730915152,120707154,1279235289
202112,'211,モナコ,4439,135596,16520,223449
202112,'212,アンドラ,3932,85045,7764,22988
202112,'213,ドイツ,200476902,2279052822,236538467,2602954296
202112,'215,スイス,41365224,483562239,78258007,921541875
202112,'217,ポルトガル,5718400,83832282,3332445,49730263
202112,'218,スペイン,23445682,263647519,43232503,593244562
202112,'219,ジブラルタル（英）,1187224,13390461,-,5605
202112,'220,イタリア,49848110,549215410,124555634,1280876715
202112,'221,マルタ,922608,21817820,5036661,18989463
202112,'222,フィンランド,5136293,51887674,23993218,216277017
202112,'223,ポーランド,30400871,368274784,12222160,128283727
202112,'224,ロシア,78234374,862299388,192518957,1551642673
202112,'225,オーストリア,13664922,136199315,22531719,247639101
202112,'227,ハンガリー,15215200,191025742,11989254,130977618
202112,'228,セルビア,263524,5024174,4686258,82578425
202112,'229,アルバニア,36334,380808,299480,3921422
202112,'230,ギリシャ,1946863,28821001,8758671,66013443
202112,'231,ルーマニア,4547480,49683780,8432901,102813599
202112,'232,ブルガリア,1924797,21619058,1106345,14159156
202112,'233,キプロス,2241153,13741226,3897,80099
202112,'234,トルコ,33684146,349023205,6640269,88649008
202112,'235,エストニア,2222772,22060836,1249583,21975799
202112,'236,ラトビア,516114,5809375,1153664,10087808
202112,'237,リトアニア,927609,12689831,1185607,14418467
202112,'238,ウクライナ,5252415,64032026,3163480,79915479
202112,'239,ベラルーシ,212450,2628711,141102,2208598
202112,'240,モルドバ,431980,646633,134183,2183853
202112,'241,クロアチア,756783,6578045,233033,8234734
202112,'242,スロベニア,2061824,21972815,1062942,15387655
202112,'243,ボスニア・ヘルツェゴビナ,25045,210439,68985,1019360
202112,'244,北マケドニア,139517,1806984,53868,2196493
202112,'245,チェコ,18517425,239233145,14589910,184292493
202112,'246,スロバキア,1516226,15565651,4491204,40857582
202112,'247,モンテネグロ,77076,465527,5240,51389
202112,'248,コソボ,3930,131410,11690,45043
202112,'249,フェロー諸島（デンマーク）,4239,24222,97771,949356
202112,'301,グリーンランド（デンマーク）,1656,3159,738194,8067865
202112,'302,カナダ,78874228,916910498,130840423,1506506359
202112,'304,アメリカ合衆国,1480822870,14831507172,823456285,8915629454
202112,'305,メキシコ,120175581,1189549875,56142396,634751338
202112,'306,グアテマラ,2689343,34999181,896805,18661083
202112,'307,ホンジュラス,1224775,13760015,454514,6937423
202112,'308,ベリーズ,71457,2300710,49683,376685
202112,'309,エルサルバドル,1779544,19490684,95645,2260949
202112,'310,ニカラグア,1267200,10423596,213367,3088737
202112,'311,コスタリカ,3161294,33808796,4147945,48209114
202112,'312,パナマ,21659081,527663940,2516200,99808664
202112,'314,バーミュダ（英）,107748,1316097,-,1646
202112,'315,バハマ,388750,22025698,-,914233
202112,'316,ジャマイカ,2016612,20844071,183054,1061775
202112,'317,タークス及びカイコス諸島（英）,2677,146706,364,874
202112,'319,バルバドス,297245,6541059,308,13778
202112,'320,トリニダード・トバゴ,584517,8546026,1523386,11223114
202112,'321,キューバ,416106,1618066,34010,532864
202112,'322,ハイチ,343088,3071666,18622,485788
202112,'323,ドミニカ共和国,4586390,25498787,931832,11972002
202112,'324,プエルトリコ（米）,11545012,92413515,20171814,203531877
202112,'325,米領バージン諸島,55546,130755,367,3655
202112,'326,蘭領アンティール,236988,1853331,912,10257
202112,'327,仏領西インド諸島,153959,2108795,2611,26962
202112,'328,ケイマン諸島（英）,161745,1680542,-,5668475
202112,'329,グレナダ,61530,683325,-,1758
202112,'330,セントルシア,95488,1164733,-,6734
202112,'331,アンティグア・バーブーダ,72655,619136,-,1674
202112,'332,英領バージン諸島,26353,177684,-,9987
202112,'333,ドミニカ,44089,506177,1814,31894
202112,'334,モントセラト（英）,1459,41898,-,1747
202112,'335,セントクリストファー・ネービス,22884,387687,1008,2085
202112,'336,セントビンセント,40337,513088,-,73041
202112,'337,英領アンギラ,7436,164065,-,437
202112,'338,サン・バルテルミー島（仏）,22616,127538,-,238
202112,'401,コロンビア,10704178,133519822,5970691,55018033
202112,'402,ベネズエラ,312093,1998635,576647,5857980
202112,'403,ガイアナ,703404,9148809,11813,860026
202112,'404,スリナム,767669,6427637,53835,399797
202112,'405,仏領ギアナ,42966,425658,-,307
202112,'406,エクアドル,6347299,47759019,17312157,139186523
202112,'407,ペルー,6789247,77186109,25046527,315609619
202112,'408,ボリビア,1296177,10350921,5652326,56025617
202112,'409,チリ,18997492,203078475,71849186,854742809
202112,'410,ブラジル,48373927,459618039,135649191,1082532993
202112,'411,パラグアイ,877302,9611928,1315808,6655676
202112,'412,ウルグアイ,459144,7271302,895448,5945324
202112,'413,アルゼンチン,9075022,95498499,14134861,106442445
202112,'414,フォークランド諸島及びその附属諸島（英）,-,4887,40823,182411
202112,'415,英領南極地域,-,0,-,283
202112,'501,モロッコ,2024216,24837000,5892448,39248444
202112,'502,セウタ及びメリリア（西）,2914,27526,7243,28950
202112,'503,アルジェリア,1326720,9720986,7205997,61505213
202112,'504,チュニジア,694944,7441671,636499,11948620
202112,'505,リビア,391884,3757233,-,3727632
202112,'506,エジプト,14200954,119561260,8479211,34946054
202112,'507,スーダン,400982,5156393,77347,1500333
202112,'508,西サハラ,-,0,-,313917
202112,'509,モーリタニア,80960,1898577,776180,30134425
202112,'510,セネガル,689055,10110085,396888,3625635
202112,'511,ガンビア,2661,389581,-,10749
202112,'512,ギニア・ビサウ,-,185249,-,0
202112,'513,ギニア,39772,945064,271296,654074
202112,'514,シエラレオネ,352311,1998622,1049,1317504
202112,'515,リベリア,29971203,263786855,58754,275464
202112,'516,コートジボワール,2142317,10288878,264056,1415187
202112,'517,ガーナ,1470304,19877132,457859,14507317
202112,'518,トーゴ,159291,3061280,232303,1217624
202112,'519,ベナン,30535,875775,687,32452
202112,'520,マリ,120085,984666,-,504982
202112,'521,ブルキナファソ,227701,1986317,94009,1282473
202112,'522,カーボベルデ,58667,441810,-,0
202112,'523,カナリー諸島（西）,323514,2312112,-,7215
202112,'524,ナイジェリア,2618451,31544135,16594861,83493224
202112,'525,ニジェール,14778,638476,121053,226304
202112,'526,ルワンダ,333282,2271388,17441,1023708
202112,'527,カメルーン,292029,3412489,157509,797669
202112,'528,チャド,156959,341598,-,10454
202112,'529,中央アフリカ,20526,153633,17087,77075
202112,'530,赤道ギニア,388,74247,-,17708230
202112,'531,ガボン,310543,2867156,537127,3898438
202112,'532,コンゴ共和国,12458,450176,80260,472319
202112,'533,コンゴ民主共和国,696646,9097512,457101,1840162
202112,'534,ブルンジ,125297,1387343,39216,135846
202112,'535,アンゴラ,651578,5740208,7808,83270
202112,'536,サントメ・プリンシペ,-,214026,-,21637
202112,'537,セントヘレナ及びその附属諸島（英）,-,5640,13453,218340
202112,'538,エチオピア,284510,7787354,735099,9787833
202112,'539,ジブチ,2083979,7336140,13301,14804
202112,'540,ソマリア,34453,313012,93205,1180221
202112,'541,ケニア,10358057,112790244,380548,8498760
202112,'542,ウガンダ,1898864,25641407,56032,1291740
202112,'543,タンザニア,5107741,42579523,816242,10077764
202112,'544,セーシェル,27198,204993,1049002,8765413
202112,'545,モザンビーク,1957480,14248015,4552250,16023860
202112,'546,マダガスカル,309538,1426799,3332563,19932766
202112,'547,モーリシャス,1000827,11561590,41913,735401
202112,'548,レユニオン（仏）,230539,1799586,-,116664
202112,'549,ジンバブエ,250870,2354657,328264,3514192
202112,'550,ナミビア,194176,2409775,64409,1065806
202112,'551,南アフリカ共和国,24565075,259266584,139431143,1110878998
202112,'552,レソト,108223,897250,1283,80929
202112,'553,マラウイ,376694,4279691,28908,992074
202112,'554,ザンビア,831208,7395050,34762,1888420
202112,'555,ボツワナ,145759,2160985,350331,10412230
202112,'556,エスワティニ,90072,1206088,37807,203722
202112,'558,コモロ,-,445918,-,13912
202112,'559,エリトリア,37790,114582,-,6278
202112,'560,南スーダン,80018,1333141,913682,7314789
202112,'601,オーストラリア,168861793,1674531082,701863582,5753335442
202112,'602,パプアニューギニア,1803341,20316927,64107100,333237981
202112,'605,その他のオーストラリア領,8885,50898,-,3262
202112,'606,ニュージーランド,32188246,320836338,24936276,304197452
202112,'607,クック,5963,179438,41804,1500105
202112,'608,トケラウ諸島（ニュージーランド）,-,0,-,5545
202112,'609,ニウエ,30500,737933,396,7329
202112,'610,サモア,109899,1094246,-,37335
202112,'611,バヌアツ,74461,688198,1098997,5601597
202112,'612,フィジー,689858,5446432,174692,2854924
202112,'613,ソロモン,141365,1444369,-,30650
202112,'614,トンガ,108774,1018811,18761,61197
202112,'615,キリバス,78587,1110463,57161,607821
202112,'616,ピットケルン（英）,-,0,-,275
202112,'617,ナウル,14485,1193041,6957,335994
202112,'618,ニューカレドニア（仏）,278435,3815299,3793699,26370271
202112,'619,仏領ポリネシア,228542,2362538,368495,3034289
202112,'620,グアム（米）,986975,17223351,6265,59571
202112,'621,米領サモア,52766,329485,-,4141
202112,'622,米領オセアニア,-,2131,-,187648
202112,'624,ツバル,47408,4604261,2250,15930
202112,'625,マーシャル,4209226,132026093,14411,911791
202112,'626,ミクロネシア,137473,1652568,26295,1558898
202112,'627,北マリアナ諸島（米）,144297,2418273,310,538
202112,'628,パラオ,95558,1036959,1105,200299
202112,'702,不明,-,0,4443,33170
202201,'103,大韓民国,507589581,507589581,325956874,325956874
202201,'105,中華人民共和国,1166630232,1166630232,2130308239,2130308239
202201,'106,台湾,441962664,441962664,363513060,363513060
202201,'107,モンゴル,4581569,4581569,236926,236926
202201,'108,香港,307839878,307839878,18719469,18719469
202201,'110,ベトナム,139822348,139822348,263177347,263177347
202201,'111,タイ,287888922,287888922,259756177,259756177
202201,'112,シンガポール,186528503,186528503,92881689,92881689
202201,'113,マレーシア,137296591,137296591,241091785,241091785
202201,'116,ブルネイ,317002,317002,35830233,35830233
202201,'117,フィリピン,104233111,104233111,106765542,106765542
202201,'118,インドネシア,130391885,130391885,236772498,236772498
202201,'120,カンボジア,4506936,4506936,16577357,16577357
202201,'121,ラオス,947711,947711,1366337,1366337
202201,'122,ミャンマー,2468711,2468711,9324067,9324067
202201,'123,インド,99581981,99581981,74477584,74477584
202201,'124,パキスタン,17687148,17687148,2486104,2486104
202201,'125,スリランカ,3118881,3118881,3095946,3095946
202201,'126,モルディブ,234506,234506,393,393
202201,'127,バングラデシュ,30039821,30039821,14360843,14360843
202201,'128,東ティモール,96332,96332,17499,17499
202201,'129,マカオ,3924194,3924194,300496,300496
202201,'130,アフガニスタン,35621,35621,2993,2993
202201,'131,ネパール,212112,212112,75270,75270
202201,'132,ブータン,7860,7860,-,0
202201,'133,イラン,862897,862897,316893,316893
202201,'134,イラク,6300894,6300894,831,831
202201,'135,バーレーン,3656163,3656163,15283527,15283527
202201,'137,サウジアラビア,34044994,34044994,371102792,371102792
202201,'138,クウェート,10324637,10324637,69966311,69966311
202201,'140,カタール,8257422,8257422,107663529,107663529
202201,'141,オマーン,9827344,9827344,17065079,17065079
202201,'143,イスラエル,11212162,11212162,11649415,11649415
202201,'144,ヨルダン,8214100,8214100,1977910,1977910
202201,'145,シリア,38748,38748,13551,13551
202201,'146,レバノン,1138933,1138933,33890,33890
202201,'147,アラブ首長国連邦,65350657,65350657,349759190,349759190
202201,'149,イエメン,1411126,1411126,88612,88612
202201,'150,アゼルバイジャン,86297,86297,37320,37320
202201,'151,アルメニア,54169,54169,71562,71562
202201,'152,ウズベキスタン,558363,558363,485014,485014
202201,'153,カザフスタン,2985577,2985577,7831005,7831005
202201,'154,キルギス,98266,98266,10685,10685
202201,'155,タジキスタン,283459,283459,-,0
202201,'156,トルクメニスタン,87984,87984,-,0
202201,'157,ジョージア,753288,753288,151044,151044
202201,'158,ヨルダン川西岸及びガザ,16838,16838,-,0
202201,'201,アイスランド,630722,630722,1434202,1434202
202201,'202,ノルウェー,5377945,5377945,17431448,17431448
202201,'203,スウェーデン,9388336,9388336,43215607,43215607
202201,'204,デンマーク,4793898,4793898,25832904,25832904
202201,'205,英国,96085773,96085773,67295692,67295692
202201,'206,アイルランド,17870579,17870579,45028880,45028880
202201,'207,オランダ,111444387,111444387,42792251,42792251
202201,'208,ベルギー,69899611,69899611,45795618,45795618
202201,'209,ルクセンブルク,7166670,7166670,718289,718289
202201,'210,フランス,64245996,64245996,99074908,99074908
202201,'211,モナコ,-,0,23616,23616
202201,'212,アンドラ,2351,2351,2519,2519
202201,'213,ドイツ,173269901,173269901,246332037,246332037
202201,'215,スイス,31791967,31791967,83345749,83345749
202201,'217,ポルトガル,4354756,4354756,5280507,5280507
202201,'218,スペイン,21784375,21784375,78082019,78082019
202201,'219,ジブラルタル（英）,1337058,1337058,3102,3102
202201,'220,イタリア,44128768,44128768,118980578,118980578
202201,'221,マルタ,539424,539424,1946236,1946236
202201,'222,フィンランド,3679968,3679968,26382280,26382280
202201,'223,ポーランド,28355295,28355295,14030489,14030489
202201,'224,ロシア,68139534,68139534,174020044,174020044
202201,'225,オーストリア,11876647,11876647,20848866,20848866
202201,'227,ハンガリー,11799701,11799701,9208708,9208708
202201,'228,セルビア,445006,445006,6359981,6359981
202201,'229,アルバニア,25902,25902,408514,408514
202201,'230,ギリシャ,1830119,1830119,11171636,11171636
202201,'231,ルーマニア,3173808,3173808,7085294,7085294
202201,'232,ブルガリア,1427413,1427413,1042647,1042647
202201,'233,キプロス,480530,480530,1466,1466
202201,'234,トルコ,31209545,31209545,7943723,7943723
202201,'235,エストニア,1867772,1867772,3118978,3118978
202201,'236,ラトビア,393149,393149,1646674,1646674
202201,'237,リトアニア,884422,884422,1527492,1527492
202201,'238,ウクライナ,3416541,3416541,12615072,12615072
202201,'239,ベラルーシ,318699,318699,189002,189002
202201,'240,モルドバ,26609,26609,143638,143638
202201,'241,クロアチア,440990,440990,298305,298305
202201,'242,スロベニア,1529495,1529495,1566729,1566729
202201,'243,ボスニア・ヘルツェゴビナ,6718,6718,72659,72659
202201,'244,北マケドニア,118860,118860,119145,119145
202201,'245,チェコ,19731388,19731388,16694069,16694069
202201,'246,スロバキア,1524379,1524379,4592653,4592653
202201,'247,モンテネグロ,48499,48499,2631,2631
202201,'248,コソボ,830,830,2295,2295
202201,'249,フェロー諸島（デンマーク）,264,264,14837,14837
202201,'301,グリーンランド（デンマーク）,-,0,780365,780365
202201,'302,カナダ,66601931,66601931,128356996,128356996
202201,'304,アメリカ合衆国,1115405586,1115405586,784880700,784880700
202201,'305,メキシコ,89395943,89395943,56969702,56969702
202201,'306,グアテマラ,2668761,2668761,782885,782885
202201,'307,ホンジュラス,1075225,1075225,342538,342538
202201,'308,ベリーズ,60944,60944,75079,75079
202201,'309,エルサルバドル,1252047,1252047,152904,152904
202201,'310,ニカラグア,438747,438747,120872,120872
202201,'311,コスタリカ,4461644,4461644,4865729,4865729
202201,'312,パナマ,31399312,31399312,7204932,7204932
202201,'314,バーミュダ（英）,128331,128331,-,0
202201,'315,バハマ,11166240,11166240,-,0
202201,'316,ジャマイカ,1799653,1799653,187894,187894
202201,'317,タークス及びカイコス諸島（英）,18639,18639,751,751
202201,'319,バルバドス,314744,314744,847,847
202201,'320,トリニダード・トバゴ,553269,553269,5424391,5424391
202201,'321,キューバ,89907,89907,50171,50171
202201,'322,ハイチ,183421,183421,46872,46872
202201,'323,ドミニカ共和国,1478190,1478190,1072369,1072369
202201,'324,プエルトリコ（米）,6832106,6832106,13580823,13580823
202201,'325,米領バージン諸島,15493,15493,-,0
202201,'326,蘭領アンティール,249497,249497,262,262
202201,'327,仏領西インド諸島,179115,179115,-,0
202201,'328,ケイマン諸島（英）,121051,121051,-,0
202201,'329,グレナダ,57668,57668,-,0
202201,'330,セントルシア,125315,125315,-,0
202201,'331,アンティグア・バーブーダ,61033,61033,-,0
202201,'332,英領バージン諸島,4246,4246,297,297
202201,'333,ドミニカ,20717,20717,1689,1689
202201,'334,モントセラト（英）,2392,2392,-,0
202201,'335,セントクリストファー・ネービス,27339,27339,-,0
202201,'336,セントビンセント,50412,50412,-,0
202201,'337,英領アンギラ,34630,34630,-,0
202201,'338,サン・バルテルミー島（仏）,8706,8706,-,0
202201,'401,コロンビア,11797482,11797482,6915002,6915002
202201,'402,ベネズエラ,269655,269655,1183929,1183929
202201,'403,ガイアナ,677510,677510,700,700
202201,'404,スリナム,437660,437660,23468,23468
202201,'405,仏領ギアナ,46554,46554,-,0
202201,'406,エクアドル,6635927,6635927,14241380,14241380
202201,'407,ペルー,7514109,7514109,36245227,36245227
202201,'408,ボリビア,663085,663085,4210984,4210984
202201,'409,チリ,13286009,13286009,81432345,81432345
202201,'410,ブラジル,38846137,38846137,102420462,102420462
202201,'411,パラグアイ,771282,771282,509739,509739
202201,'412,ウルグアイ,682725,682725,593795,593795
202201,'413,アルゼンチン,7197877,7197877,9408242,9408242
202201,'414,フォークランド諸島及びその附属諸島（英）,-,0,344,344
202201,'501,モロッコ,1529907,1529907,1434859,1434859
202201,'502,セウタ及びメリリア（西）,5394,5394,619,619
202201,'503,アルジェリア,2432823,2432823,215,215
202201,'504,チュニジア,314517,314517,1402284,1402284
202201,'505,リビア,629685,629685,-,0
202201,'506,エジプト,8300371,8300371,11839158,11839158
202201,'507,スーダン,380869,380869,177311,177311
202201,'509,モーリタニア,74090,74090,3339699,3339699
202201,'510,セネガル,620438,620438,311256,311256
202201,'511,ガンビア,31668,31668,-,0
202201,'513,ギニア,89099,89099,337,337
202201,'514,シエラレオネ,254216,254216,418,418
202201,'515,リベリア,20069949,20069949,19575,19575
202201,'516,コートジボワール,473516,473516,261731,261731
202201,'517,ガーナ,1037480,1037480,699113,699113
202201,'518,トーゴ,164156,164156,240616,240616
202201,'519,ベナン,15590,15590,4030,4030
202201,'520,マリ,102021,102021,9288,9288
202201,'521,ブルキナファソ,98480,98480,90646,90646
202201,'522,カーボベルデ,40317,40317,-,0
202201,'523,カナリー諸島（西）,150772,150772,290,290
202201,'524,ナイジェリア,1571413,1571413,2849154,2849154
202201,'525,ニジェール,20612,20612,3237,3237
202201,'526,ルワンダ,37694,37694,163502,163502
202201,'527,カメルーン,275287,275287,87214,87214
202201,'528,チャド,28143,28143,397,397
202201,'529,中央アフリカ,4036,4036,7949,7949
202201,'531,ガボン,180403,180403,1970657,1970657
202201,'532,コンゴ共和国,20238,20238,70612,70612
202201,'533,コンゴ民主共和国,593975,593975,135000,135000
202201,'534,ブルンジ,60800,60800,29135,29135
202201,'535,アンゴラ,594608,594608,629,629
202201,'536,サントメ・プリンシペ,516,516,-,0
202201,'537,セントヘレナ及びその附属諸島（英）,-,0,7100,7100
202201,'538,エチオピア,319815,319815,1359829,1359829
202201,'539,ジブチ,1295238,1295238,-,0
202201,'540,ソマリア,7169,7169,82405,82405
202201,'541,ケニア,6502689,6502689,602054,602054
202201,'542,ウガンダ,1578345,1578345,182021,182021
202201,'543,タンザニア,4076531,4076531,2045828,2045828
202201,'544,セーシェル,30838,30838,236528,236528
202201,'545,モザンビーク,650283,650283,1677200,1677200
202201,'546,マダガスカル,151824,151824,2301230,2301230
202201,'547,モーリシャス,610387,610387,31928,31928
202201,'548,レユニオン（仏）,143385,143385,-,0
202201,'549,ジンバブエ,322980,322980,372868,372868
202201,'550,ナミビア,406892,406892,136617,136617
202201,'551,南アフリカ共和国,20843920,20843920,93613041,93613041
202201,'552,レソト,39415,39415,13268,13268
202201,'553,マラウイ,172724,172724,47948,47948
202201,'554,ザンビア,870318,870318,334337,334337
202201,'555,ボツワナ,107391,107391,477359,477359
202201,'556,エスワティニ,42926,42926,34143,34143
202201,'558,コモロ,-,0,2118,2118
202201,'559,エリトリア,340,340,-,0
202201,'560,南スーダン,74518,74518,2892585,2892585
202201,'601,オーストラリア,166378160,166378160,733748213,733748213
202201,'602,パプアニューギニア,2739482,2739482,30389092,30389092
202201,'605,その他のオーストラリア領,2522,2522,764,764
202201,'606,ニュージーランド,27936675,27936675,24561820,24561820
202201,'607,クック,11700,11700,99483,99483
202201,'609,ニウエ,115730,115730,-,0
202201,'610,サモア,55214,55214,287,287
202201,'611,バヌアツ,29569,29569,290632,290632
202201,'612,フィジー,517981,517981,476876,476876
202201,'613,ソロモン,43662,43662,-,0
202201,'614,トンガ,22569,22569,8657,8657
202201,'615,キリバス,54823,54823,104979,104979
202201,'617,ナウル,36121,36121,13731,13731
202201,'618,ニューカレドニア（仏）,194711,194711,1435684,1435684
202201,'619,仏領ポリネシア,128563,128563,320954,320954
202201,'620,グアム（米）,786279,786279,4434,4434
202201,'621,米領サモア,-,0,7473,7473
202201,'624,ツバル,21951,21951,2499,2499
202201,'625,マーシャル,27057491,27057491,411806,411806
202201,'626,ミクロネシア,86775,86775,109767,109767
202201,'627,北マリアナ諸島（米）,95126,95126,-,0
202201,'628,パラオ,31099,31099,4307,4307
202201,'702,不明,-,0,5501,5501
202202,'103,大韓民国,558020536,1065610117,301660226,627617100
202202,'105,中華人民共和国,1477553725,2644183957,1535377842,3665686081
202202,'106,台湾,523017520,964980184,306564503,670077563
202202,'107,モンゴル,5560923,10142492,278024,514950
202202,'108,香港,337014977,644854855,9580711,28300180
202202,'110,ベトナム,178141853,317964201,218400105,481577452
202202,'111,タイ,327194513,615083435,265325747,525081924
202202,'112,シンガポール,183395809,369924312,88005019,180886708
202202,'113,マレーシア,153152532,290449123,224399012,465490797
202202,'116,ブルネイ,376010,693012,30879927,66710160
202202,'117,フィリピン,114534029,218767140,106452555,213218097
202202,'118,インドネシア,140129020,270520905,237781476,474553974
202202,'120,カンボジア,5525037,10031973,17101575,33678932
202202,'121,ラオス,851160,1798871,1870886,3237223
202202,'122,ミャンマー,3689563,6158274,12002175,21326242
202202,'123,インド,120371643,219953624,70754952,145232536
202202,'124,パキスタン,20841758,38528906,2227448,4713552
202202,'125,スリランカ,2860242,5979123,2367706,5463652
202202,'126,モルディブ,300184,534690,16667,17060
202202,'127,バングラデシュ,30572737,60612558,17076234,31437077
202202,'128,東ティモール,40796,137128,3070899,3088398
202202,'129,マカオ,4139391,8063585,259615,560111
202202,'130,アフガニスタン,36946,72567,983,3976
202202,'131,ネパール,292566,504678,77942,153212
202202,'132,ブータン,15864,23724,13377,13377
202202,'133,イラン,609531,1472428,447916,764809
202202,'134,イラク,4972844,11273738,4709,5540
202202,'135,バーレーン,3778314,7434477,6516872,21800399
202202,'137,サウジアラビア,47095833,81140827,342037565,713140357
202202,'138,クウェート,9906387,20231024,104909996,174876307
202202,'140,カタール,15494342,23751764,135587641,243251170
202202,'141,オマーン,9444971,19272315,29787916,46852995
202202,'143,イスラエル,10580933,21793095,10856805,22506220
202202,'144,ヨルダン,5628450,13842550,2289549,4267459
202202,'145,シリア,20713,59461,1558,15109
202202,'146,レバノン,979461,2118394,17410,51300
202202,'147,アラブ首長国連邦,73950992,139301649,328482932,678242122
202202,'149,イエメン,2090740,3501866,63588,152200
202202,'150,アゼルバイジャン,90413,176710,65608,102928
202202,'151,アルメニア,37007,91176,94453,166015
202202,'152,ウズベキスタン,1663700,2222063,88516,573530
202202,'153,カザフスタン,4507531,7493108,16540901,24371906
202202,'154,キルギス,311208,409474,9086,19771
202202,'155,タジキスタン,442867,726326,-,0
202202,'156,トルクメニスタン,60472,148456,2229,2229
202202,'157,ジョージア,1924613,2677901,211943,362987
202202,'158,ヨルダン川西岸及びガザ,37319,54157,1769,1769
202202,'201,アイスランド,880899,1511621,1377900,2812102
202202,'202,ノルウェー,8293017,13670962,18070598,35502046
202202,'203,スウェーデン,9583382,18971718,29294099,72509706
202202,'204,デンマーク,4472840,9266738,24874591,50707495
202202,'205,英国,93272051,189357824,57973703,125269395
202202,'206,アイルランド,18073121,35943700,45679483,90708363
202202,'207,オランダ,109239286,220683673,41626331,84418582
202202,'208,ベルギー,71361268,141260879,94307275,140102893
202202,'209,ルクセンブルク,7129105,14295775,864995,1583284
202202,'210,フランス,55818406,120064402,98950040,198024948
202202,'211,モナコ,2943,2943,19488,43104
202202,'212,アンドラ,4962,7313,2616,5135
202202,'213,ドイツ,182469007,355738908,192453043,438785080
202202,'215,スイス,36944220,68736187,85824937,169170686
202202,'217,ポルトガル,5999080,10353836,4865605,10146112
202202,'218,スペイン,21576330,43360705,85890480,163972499
202202,'219,ジブラルタル（英）,750452,2087510,-,3102
202202,'220,イタリア,54426295,98555063,120239306,239219884
202202,'221,マルタ,735930,1275354,3048942,4995178
202202,'222,フィンランド,4566731,8246699,24319009,50701289
202202,'223,ポーランド,31393342,59748637,11774054,25804543
202202,'224,ロシア,80670110,148809644,209686036,383706080
202202,'225,オーストリア,11564315,23440962,21876662,42725528
202202,'227,ハンガリー,15473163,27272864,8608937,17817645
202202,'228,セルビア,588605,1033611,8966304,15326285
202202,'229,アルバニア,20700,46602,708714,1117228
202202,'230,ギリシャ,2634294,4464413,4555522,15727158
202202,'231,ルーマニア,4313362,7487170,12569987,19655281
202202,'232,ブルガリア,2358907,3786320,1509499,2552146
202202,'233,キプロス,1141526,1622056,3186,4652
202202,'234,トルコ,28348829,59558374,8552882,16496605
202202,'235,エストニア,2173954,4041726,2146643,5265621
202202,'236,ラトビア,454745,847894,1357798,3004472
202202,'237,リトアニア,1139709,2024131,1150011,2677503
202202,'238,ウクライナ,7803055,11219596,10135192,22750264
202202,'239,ベラルーシ,302188,620887,134556,323558
202202,'240,モルドバ,141136,167745,162607,306245
202202,'241,クロアチア,617949,1058939,240807,539112
202202,'242,スロベニア,2029876,3559371,2820977,4387706
202202,'243,ボスニア・ヘルツェゴビナ,22842,29560,94079,166738
202202,'244,北マケドニア,215028,333888,145757,264902
202202,'245,チェコ,18962005,38693393,11772376,28466445
202202,'246,スロバキア,1201680,2726059,3086228,7678881
202202,'247,モンテネグロ,24794,73293,5270,7901
202202,'248,コソボ,25256,26086,1885,4180
202202,'249,フェロー諸島（デンマーク）,278,542,91211,106048
202202,'301,グリーンランド（デンマーク）,-,0,658518,1438883
202202,'302,カナダ,91090760,157692691,147965689,276322685
202202,'304,アメリカ合衆国,1267501934,2382907520,869041742,1653922442
202202,'305,メキシコ,90307380,179703323,47618898,104588600
202202,'306,グアテマラ,2371007,5039768,1057456,1840341
202202,'307,ホンジュラス,1177117,2252342,603348,945886
202202,'308,ベリーズ,70724,131668,38332,113411
202202,'309,エルサルバドル,1499104,2751151,136815,289719
202202,'310,ニカラグア,896866,1335613,239014,359886
202202,'311,コスタリカ,3666487,8128131,4077850,8943579
202202,'312,パナマ,38525065,69924377,16033064,23237996
202202,'314,バーミュダ（英）,62383,190714,416,416
202202,'315,バハマ,388095,11554335,-,0
202202,'316,ジャマイカ,2037592,3837245,92373,280267
202202,'317,タークス及びカイコス諸島（英）,28758,47397,-,751
202202,'319,バルバドス,322262,637006,2060,2907
202202,'320,トリニダード・トバゴ,754428,1307697,876352,6300743
202202,'321,キューバ,197713,287620,51179,101350
202202,'322,ハイチ,186848,370269,25605,72477
202202,'323,ドミニカ共和国,1974676,3452866,1076218,2148587
202202,'324,プエルトリコ（米）,13015483,19847589,16224652,29805475
202202,'325,米領バージン諸島,32478,47971,-,0
202202,'326,蘭領アンティール,303983,553480,253,515
202202,'327,仏領西インド諸島,168479,347594,513,513
202202,'328,ケイマン諸島（英）,161256,282307,-,0
202202,'329,グレナダ,74190,131858,-,0
202202,'330,セントルシア,109753,235068,241,241
202202,'331,アンティグア・バーブーダ,78566,139599,-,0
202202,'332,英領バージン諸島,16595,20841,-,297
202202,'333,ドミニカ,48534,69251,805,2494
202202,'334,モントセラト（英）,1030,3422,-,0
202202,'335,セントクリストファー・ネービス,101961,129300,-,0
202202,'336,セントビンセント,66449,116861,-,0
202202,'337,英領アンギラ,22571,57201,-,0
202202,'338,サン・バルテルミー島（仏）,8617,17323,1391,1391
202202,'401,コロンビア,10804416,22601898,7591478,14506480
202202,'402,ベネズエラ,208508,478163,55662,1239591
202202,'403,ガイアナ,1139134,1816644,484375,485075
202202,'404,スリナム,736502,1174162,13730,37198
202202,'405,仏領ギアナ,31182,77736,-,0
202202,'406,エクアドル,3540358,10176285,14219118,28460498
202202,'407,ペルー,7216740,14730849,39901957,76147184
202202,'408,ボリビア,788564,1451649,5777255,9988239
202202,'409,チリ,20283904,33569913,66296262,147728607
202202,'410,ブラジル,43689973,82536110,105069917,207490379
202202,'411,パラグアイ,895722,1667004,359658,869397
202202,'412,ウルグアイ,792708,1475433,842330,1436125
202202,'413,アルゼンチン,8497654,15695531,7177851,16586093
202202,'414,フォークランド諸島及びその附属諸島（英）,-,0,-,344
202202,'501,モロッコ,2234035,3763942,6745310,8180169
202202,'502,セウタ及びメリリア（西）,3021,8415,993,1612
202202,'503,アルジェリア,3053158,5485981,-,215
202202,'504,チュニジア,436616,751133,2324644,3726928
202202,'505,リビア,376932,1006617,-,0
202202,'506,エジプト,9762382,18062753,3862145,15701303
202202,'507,スーダン,467905,848774,80277,257588
202202,'509,モーリタニア,108138,182228,239886,3579585
202202,'510,セネガル,959252,1579690,245033,556289
202202,'511,ガンビア,1504,33172,-,0
202202,'512,ギニア・ビサウ,3022,3022,-,0
202202,'513,ギニア,78607,167706,237164,237501
202202,'514,シエラレオネ,20860,275076,135235,135653
202202,'515,リベリア,24213318,44283267,40316,59891
202202,'516,コートジボワール,289778,763294,193553,455284
202202,'517,ガーナ,1174241,2211721,1037847,1736960
202202,'518,トーゴ,131356,295512,166117,406733
202202,'519,ベナン,3850,19440,580,4610
202202,'520,マリ,61735,163756,31805,41093
202202,'521,ブルキナファソ,154506,252986,3127,93773
202202,'522,カーボベルデ,27369,67686,-,0
202202,'523,カナリー諸島（西）,166972,317744,404,694
202202,'524,ナイジェリア,3249632,4821045,12774759,15623913
202202,'525,ニジェール,49272,69884,2890,6127
202202,'526,ルワンダ,97509,135203,95697,259199
202202,'527,カメルーン,375046,650333,53717,140931
202202,'528,チャド,24601,52744,-,397
202202,'529,中央アフリカ,18563,22599,15050,22999
202202,'530,赤道ギニア,4130,4130,7493141,7493141
202202,'531,ガボン,206936,387339,303483,2274140
202202,'532,コンゴ共和国,19927,40165,59852,130464
202202,'533,コンゴ民主共和国,804575,1398550,-,135000
202202,'534,ブルンジ,89238,150038,4560,33695
202202,'535,アンゴラ,177185,771793,-,629
202202,'536,サントメ・プリンシペ,-,516,-,0
202202,'537,セントヘレナ及びその附属諸島（英）,-,0,18573,25673
202202,'538,エチオピア,534950,854765,1980946,3340775
202202,'539,ジブチ,74079,1369317,-,0
202202,'540,ソマリア,39287,46456,23741,106146
202202,'541,ケニア,8788521,15291210,516733,1118787
202202,'542,ウガンダ,1442297,3020642,312596,494617
202202,'543,タンザニア,4627783,8704314,1979755,4025583
202202,'544,セーシェル,34764,65602,1143698,1380226
202202,'545,モザンビーク,3361973,4012256,1973112,3650312
202202,'546,マダガスカル,214719,366543,4629972,6931202
202202,'547,モーリシャス,1116960,1727347,43526,75454
202202,'548,レユニオン（仏）,147523,290908,-,0
202202,'549,ジンバブエ,373170,696150,127914,500782
202202,'550,ナミビア,93419,500311,280566,417183
202202,'551,南アフリカ共和国,25515148,46359068,102145721,195758762
202202,'552,レソト,55555,94970,2312,15580
202202,'553,マラウイ,581464,754188,98644,146592
202202,'554,ザンビア,786931,1657249,382714,717051
202202,'555,ボツワナ,136362,243753,65720,543079
202202,'556,エスワティニ,42512,85438,57170,91313
202202,'558,コモロ,27215,27215,248,2366
202202,'559,エリトリア,-,340,-,0
202202,'560,南スーダン,160230,234748,-,2892585
202202,'601,オーストラリア,156384290,322762450,667556465,1401304678
202202,'602,パプアニューギニア,1624166,4363648,49599793,79988885
202202,'605,その他のオーストラリア領,6012,8534,-,764
202202,'606,ニュージーランド,27098817,55035492,18152073,42713893
202202,'607,クック,14156,25856,267117,366600
202202,'609,ニウエ,10457,126187,745,745
202202,'610,サモア,58388,113602,-,287
202202,'611,バヌアツ,52043,81612,422063,712695
202202,'612,フィジー,443957,961938,78691,555567
202202,'613,ソロモン,133379,177041,22340,22340
202202,'614,トンガ,61178,83747,4140,12797
202202,'615,キリバス,65219,120042,74297,179276
202202,'617,ナウル,16749,52870,54238,67969
202202,'618,ニューカレドニア（仏）,365726,560437,3056316,4492000
202202,'619,仏領ポリネシア,199588,328151,271022,591976
202202,'620,グアム（米）,4342675,5128954,7431,11865
202202,'621,米領サモア,27278,27278,1601,9074
202202,'622,米領オセアニア,-,0,1909,1909
202202,'624,ツバル,61111,83062,-,2499
202202,'625,マーシャル,3237845,30295336,706,412512
202202,'626,ミクロネシア,124369,211144,24519,134286
202202,'627,北マリアナ諸島（米）,1138297,1233423,-,0
202202,'628,パラオ,97541,128640,748,5055
202202,'702,不明,-,0,3969,9470
202203,'103,大韓民国,625091783,1690701900,366312142,993929242
202203,'105,中華人民共和国,1681462238,4325646195,1884588100,5550274181
202203,'106,台湾,582000659,1546980843,373804069,1043881632
202203,'107,モンゴル,7502003,17644495,1374443,1889393
202203,'108,香港,349068655,993923510,9219634,37519814
202203,'110,ベトナム,203135519,521099720,247093779,728671231
202203,'111,タイ,341612729,956696164,287852629,812934553
202203,'112,シンガポール,247312296,617236608,116331334,297218042
202203,'113,マレーシア,193732658,484181781,251292670,716783467
202203,'116,ブルネイ,962337,1655349,29367875,96078035
202203,'117,フィリピン,135215955,353983095,123371793,336589890
202203,'118,インドネシア,165480495,436001400,271814936,746368910
202203,'120,カンボジア,5547284,15579257,23216064,56894996
202203,'121,ラオス,951113,2749984,1862797,5100020
202203,'122,ミャンマー,6510675,12668949,15380225,36706467
202203,'123,インド,142002902,361956526,78124438,223356974
202203,'124,パキスタン,20887788,59416694,5635448,10349000
202203,'125,スリランカ,3616624,9595747,2610141,8073793
202203,'126,モルディブ,405808,940498,106688,123748
202203,'127,バングラデシュ,30711573,91324131,19892117,51329194
202203,'128,東ティモール,39429,176557,281431,3369829
202203,'129,マカオ,4932070,12995655,234791,794902
202203,'130,アフガニスタン,108945,181512,14196,18172
202203,'131,ネパール,467208,971886,75929,229141
202203,'132,ブータン,10717,34441,417,13794
202203,'133,イラン,550443,2022871,438270,1203079
202203,'134,イラク,6648439,17922177,-,5540
202203,'135,バーレーン,6817128,14251605,29363836,51164235
202203,'137,サウジアラビア,62512201,143653028,363882915,1077023272
202203,'138,クウェート,17122009,37353033,84446838,259323145
202203,'140,カタール,17855964,41607728,154893247,398144417
202203,'141,オマーン,14069238,33341553,55557225,102410220
202203,'143,イスラエル,21262847,43055942,12009687,34515907
202203,'144,ヨルダン,6619235,20461785,1787799,6055258
202203,'145,シリア,11035,70496,519,15628
202203,'146,レバノン,1915396,4033790,33384,84684
202203,'147,アラブ首長国連邦,97303059,236604708,351352344,1029594466
202203,'149,イエメン,3212132,6713998,23588,175788
202203,'150,アゼルバイジャン,357166,533876,118499,221427
202203,'151,アルメニア,25007,116183,81102,247117
202203,'152,ウズベキスタン,804525,3026588,455516,1029046
202203,'153,カザフスタン,5480439,12973547,6616050,30987956
202203,'154,キルギス,249723,659197,2856,22627
202203,'155,タジキスタン,244602,970928,81701,81701
202203,'156,トルクメニスタン,102529,250985,327,2556
202203,'157,ジョージア,2886031,5563932,251834,614821
202203,'158,ヨルダン川西岸及びガザ,93558,147715,20698,22467
202203,'201,アイスランド,1215272,2726893,1167605,3979707
202203,'202,ノルウェー,9243543,22914505,18462147,53964193
202203,'203,スウェーデン,14533666,33505384,49472316,121982022
202203,'204,デンマーク,6620789,15887527,25012751,75720246
202203,'205,英国,156643291,346001115,68199343,193468738
202203,'206,アイルランド,30693266,66636966,85172329,175880692
202203,'207,オランダ,147853454,368537127,35706474,120125056
202203,'208,ベルギー,92449101,233709980,67713740,207816633
202203,'209,ルクセンブルク,8513323,22809098,817614,2400898
202203,'210,フランス,70389673,190454075,119950856,317975804
202203,'211,モナコ,61972,64915,22534,65638
202203,'212,アンドラ,-,7313,20519,25654
202203,'213,ドイツ,230471501,586210409,251298195,690083275
202203,'215,スイス,38533637,107269824,81548315,250719001
202203,'217,ポルトガル,7711003,18064839,3359023,13505135
202203,'218,スペイン,24110620,67471325,75375749,239348248
202203,'219,ジブラルタル（英）,1337583,3425093,367,3469
202203,'220,イタリア,58125100,156680163,112229093,351448977
202203,'221,マルタ,14180965,15456319,1139954,6135132
202203,'222,フィンランド,5727505,13974204,18912548,69613837
202203,'223,ポーランド,40547355,100295992,12840882,38645425
202203,'224,ロシア,50087178,198896822,190516809,574222889
202203,'225,オーストリア,14434491,37875453,23897506,66623034
202203,'227,ハンガリー,17441527,44714391,11363816,29181461
202203,'228,セルビア,396291,1429902,8259718,23586003
202203,'229,アルバニア,23685,70287,282982,1400210
202203,'230,ギリシャ,4362762,8827175,13708180,29435338
202203,'231,ルーマニア,5374139,12861309,11581979,31237260
202203,'232,ブルガリア,1808276,5594596,1224561,3776707
202203,'233,キプロス,1914673,3536729,3465,8117
202203,'234,トルコ,37602917,97161291,11068376,27564981
202203,'235,エストニア,3459936,7501662,1717346,6982967
202203,'236,ラトビア,464327,1312221,1638356,4642828
202203,'237,リトアニア,799187,2823318,1566535,4244038
202203,'238,ウクライナ,9141880,20361476,6267542,29017806
202203,'239,ベラルーシ,55220,676107,161108,484666
202203,'240,モルドバ,2801,170546,182917,489162
202203,'241,クロアチア,594514,1653453,1225734,1764846
202203,'242,スロベニア,2010993,5570364,1653392,6041098
202203,'243,ボスニア・ヘルツェゴビナ,18427,47987,128462,295200
202203,'244,北マケドニア,188259,522147,167503,432405
202203,'245,チェコ,27732761,66426154,15876016,44342461
202203,'246,スロバキア,1568069,4294128,2842790,10521671
202203,'247,モンテネグロ,54149,127442,-,7901
202203,'248,コソボ,-,26086,989,5169
202203,'249,フェロー諸島（デンマーク）,-,542,167164,273212
202203,'301,グリーンランド（デンマーク）,-,0,815828,2254711
202203,'302,カナダ,108338743,266031434,160979598,437302283
202203,'304,アメリカ合衆国,1533726347,3916633867,946670985,2600593427
202203,'305,メキシコ,108788051,288491374,68933796,173522396
202203,'306,グアテマラ,4558813,9598581,3115828,4956169
202203,'307,ホンジュラス,2036346,4288688,1014125,1960011
202203,'308,ベリーズ,132605,264273,55430,168841
202203,'309,エルサルバドル,1849659,4600810,203341,493060
202203,'310,ニカラグア,1032247,2367860,526678,886564
202203,'311,コスタリカ,3438985,11567116,5255512,14199091
202203,'312,パナマ,34742159,104666536,12324780,35562776
202203,'314,バーミュダ（英）,119415,310129,263,679
202203,'315,バハマ,406104,11960439,1699,1699
202203,'316,ジャマイカ,1884770,5722015,90414,370681
202203,'317,タークス及びカイコス諸島（英）,40935,88332,-,751
202203,'319,バルバドス,291159,928165,1244,4151
202203,'320,トリニダード・トバゴ,757427,2065124,5825979,12126722
202203,'321,キューバ,222217,509837,13290,114640
202203,'322,ハイチ,259949,630218,31267,103744
202203,'323,ドミニカ共和国,4295761,7748627,1208991,3357578
202203,'324,プエルトリコ（米）,12044998,31892587,17035244,46840719
202203,'325,米領バージン諸島,29315,77286,-,0
202203,'326,蘭領アンティール,361094,914574,-,515
202203,'327,仏領西インド諸島,314006,661600,11062,11575
202203,'328,ケイマン諸島（英）,127844,410151,-,0
202203,'329,グレナダ,68075,199933,-,0
202203,'330,セントルシア,116857,351925,266,507
202203,'331,アンティグア・バーブーダ,93880,233479,-,0
202203,'332,英領バージン諸島,57600,78441,-,297
202203,'333,ドミニカ,115868,185119,3493,5987
202203,'334,モントセラト（英）,760,4182,-,0
202203,'335,セントクリストファー・ネービス,23398,152698,-,0
202203,'336,セントビンセント,30799,147660,-,0
202203,'337,英領アンギラ,13596,70797,-,0
202203,'338,サン・バルテルミー島（仏）,39271,56594,-,1391
202203,'401,コロンビア,11597537,34199435,7358737,21865217
202203,'402,ベネズエラ,346094,824257,148250,1387841
202203,'403,ガイアナ,634362,2451006,3013,488088
202203,'404,スリナム,590475,1764637,34727,71925
202203,'405,仏領ギアナ,36156,113892,-,0
202203,'406,エクアドル,3624486,13800771,17661363,46121861
202203,'407,ペルー,7492864,22223713,27988404,104135588
202203,'408,ボリビア,1371642,2823291,9695809,19684048
202203,'409,チリ,24109959,57679872,82940060,230668667
202203,'410,ブラジル,49977448,132513558,113463993,320954372
202203,'411,パラグアイ,1153153,2820157,77757,947154
202203,'412,ウルグアイ,775058,2250491,591640,2027765
202203,'413,アルゼンチン,9379332,25074863,4673117,21259210
202203,'414,フォークランド諸島及びその附属諸島（英）,-,0,12232,12576
202203,'501,モロッコ,3642162,7406104,8586459,16766628
202203,'502,セウタ及びメリリア（西）,2947,11362,2138,3750
202203,'503,アルジェリア,4414391,9900372,5482439,5482654
202203,'504,チュニジア,5655858,6406991,2110078,5837006
202203,'505,リビア,588819,1595436,-,0
202203,'506,エジプト,10720936,28783689,1175863,16877166
202203,'507,スーダン,472301,1321075,111494,369082
202203,'509,モーリタニア,299773,482001,340244,3919829
202203,'510,セネガル,1157548,2737238,169825,726114
202203,'511,ガンビア,25304,58476,-,0
202203,'512,ギニア・ビサウ,-,3022,-,0
202203,'513,ギニア,50429,218135,128805,366306
202203,'514,シエラレオネ,541026,816102,978680,1114333
202203,'515,リベリア,54205676,98488943,1116,61007
202203,'516,コートジボワール,910303,1673597,275568,730852
202203,'517,ガーナ,2587932,4799653,1721043,3458003
202203,'518,トーゴ,1154147,1449659,93203,499936
202203,'519,ベナン,64478,83918,19323,23933
202203,'520,マリ,100350,264106,54266,95359
202203,'521,ブルキナファソ,111452,364438,220504,314277
202203,'522,カーボベルデ,54171,121857,-,0
202203,'523,カナリー諸島（西）,234545,552289,-,694
202203,'524,ナイジェリア,2313247,7134292,3143594,18767507
202203,'525,ニジェール,85548,155432,5453,11580
202203,'526,ルワンダ,184268,319471,115173,374372
202203,'527,カメルーン,298967,949300,17663,158594
202203,'528,チャド,-,52744,7602,7999
202203,'529,中央アフリカ,159883,182482,-,22999
202203,'530,赤道ギニア,700,4830,-,7493141
202203,'531,ガボン,532378,919717,424382,2698522
202203,'532,コンゴ共和国,14732,54897,17882,148346
202203,'533,コンゴ民主共和国,1118909,2517459,476352,611352
202203,'534,ブルンジ,115240,265278,34127,67822
202203,'535,アンゴラ,537409,1309202,5922532,5923161
202203,'536,サントメ・プリンシペ,3179,3695,-,0
202203,'537,セントヘレナ及びその附属諸島（英）,-,0,20521,46194
202203,'538,エチオピア,602357,1457122,2270464,5611239
202203,'539,ジブチ,1672059,3041376,-,0
202203,'540,ソマリア,587,47043,44807,150953
202203,'541,ケニア,11707760,26998970,718316,1837103
202203,'542,ウガンダ,3171255,6191897,114560,609177
202203,'543,タンザニア,5636181,14340495,2049310,6074893
202203,'544,セーシェル,115412,181014,511909,1892135
202203,'545,モザンビーク,1144094,5156350,3416593,7066905
202203,'546,マダガスカル,142184,508727,3986093,10917295
202203,'547,モーリシャス,1071365,2798712,74859,150313
202203,'548,レユニオン（仏）,249835,540743,466,466
202203,'549,ジンバブエ,403419,1099569,449602,950384
202203,'550,ナミビア,156981,657292,159021,576204
202203,'551,南アフリカ共和国,27444748,73803816,110457977,306216739
202203,'552,レソト,76633,171603,3657,19237
202203,'553,マラウイ,450900,1205088,283999,430591
202203,'554,ザンビア,1282010,2939259,200811,917862
202203,'555,ボツワナ,165787,409540,521241,1064320
202203,'556,エスワティニ,17756,103194,14974,106287
202203,'558,コモロ,9863,37078,2767,5133
202203,'559,エリトリア,-,340,273,273
202203,'560,南スーダン,199015,433763,3652880,6545465
202203,'601,オーストラリア,171325650,494088100,720200578,2121505256
202203,'602,パプアニューギニア,2523219,6886867,43008876,122997761
202203,'605,その他のオーストラリア領,9113,17647,207,971
202203,'606,ニュージーランド,31398066,86433558,28308562,71022455
202203,'607,クック,16252,42108,126374,492974
202203,'608,トケラウ諸島（ニュージーランド）,797,797,636,636
202203,'609,ニウエ,4484,130671,-,745
202203,'610,サモア,142018,255620,-,287
202203,'611,バヌアツ,69020,150632,162225,874920
202203,'612,フィジー,574831,1536769,177862,733429
202203,'613,ソロモン,101026,278067,-,22340
202203,'614,トンガ,77531,161278,4451,17248
202203,'615,キリバス,259676,379718,110860,290136
202203,'617,ナウル,98138,151008,-,67969
202203,'618,ニューカレドニア（仏）,235706,796143,3394199,7886199
202203,'619,仏領ポリネシア,295880,624031,145174,737150
202203,'620,グアム（米）,1065739,6194693,74465,86330
202203,'621,米領サモア,113650,140928,307,9381
202203,'622,米領オセアニア,-,0,5916,7825
202203,'624,ツバル,3314,86376,22134,24633
202203,'625,マーシャル,16535933,46831269,51720,464232
202203,'626,ミクロネシア,245358,456502,146031,280317
202203,'627,北マリアナ諸島（米）,260539,1493962,-,0
202203,'628,パラオ,176217,304857,8885,13940
202203,'702,不明,-,0,-,9470
202204,'103,大韓民国,599422906,2290124806,332331174,1326260416
202204,'105,中華人民共和国,1488874850,5814521045,1661025552,7211299733
202204,'106,台湾,605098361,2152079204,406467164,1450348796
202204,'107,モンゴル,5247870,22892365,167815,2057208
202204,'108,香港,376043691,1369967201,9039012,46558826
202204,'110,ベトナム,204623500,725723220,257992908,986664139
202204,'111,タイ,365800333,1322496497,261834994,1074769547
202204,'112,シンガポール,265317311,882553919,105513887,402731929
202204,'113,マレーシア,178535381,662717162,252357127,969140594
202204,'116,ブルネイ,400915,2056264,21920984,117999019
202204,'117,フィリピン,126111945,480095040,112540310,449130200
202204,'118,インドネシア,148013627,584015027,325442426,1071811336
202204,'120,カンボジア,5382121,20961378,19031005,75926001
202204,'121,ラオス,1057321,3807305,2315462,7415482
202204,'122,ミャンマー,4547935,17216884,15070732,51777199
202204,'123,インド,145398198,507354724,68835692,292192666
202204,'124,パキスタン,23584292,83000986,2296060,12645060
202204,'125,スリランカ,2886466,12482213,2607946,10681739
202204,'126,モルディブ,349372,1289870,51756,175504
202204,'127,バングラデシュ,30980987,122305118,18417197,69746391
202204,'128,東ティモール,83526,260083,828308,4198137
202204,'129,マカオ,5206836,18202491,277285,1072187
202204,'130,アフガニスタン,104598,286110,4455,22627
202204,'131,ネパール,241092,1212978,80705,309846
202204,'132,ブータン,69893,104334,411,14205
202204,'133,イラン,739521,2762392,330346,1533425
202204,'134,イラク,4499278,22421455,-,5540
202204,'135,バーレーン,4651785,18903390,22758941,73923176
202204,'137,サウジアラビア,47377788,191030816,528488755,1605512027
202204,'138,クウェート,16572475,53925508,98586572,357909717
202204,'140,カタール,11552573,53160301,163106570,561250987
202204,'141,オマーン,12725373,46066926,34962766,137372986
202204,'143,イスラエル,14653386,57709328,10790228,45306135
202204,'144,ヨルダン,7964285,28426070,358950,6414208
202204,'145,シリア,101753,172249,10037,25665
202204,'146,レバノン,2477297,6511087,29331,114015
202204,'147,アラブ首長国連邦,86178770,322783478,429548916,1459143382
202204,'149,イエメン,2757447,9471445,42741,218529
202204,'150,アゼルバイジャン,839762,1373638,66917,288344
202204,'151,アルメニア,158439,274622,141139,388256
202204,'152,ウズベキスタン,7892366,10918954,306292,1335338
202204,'153,カザフスタン,6650062,19623609,7370562,38358518
202204,'154,キルギス,244941,904138,14675,37302
202204,'155,タジキスタン,163636,1134564,-,81701
202204,'156,トルクメニスタン,178809,429794,4612,7168
202204,'157,ジョージア,4964260,10528192,229548,844369
202204,'158,ヨルダン川西岸及びガザ,37479,185194,544,23011
202204,'201,アイスランド,1661215,4388108,1680874,5660581
202204,'202,ノルウェー,10600871,33515376,18669606,72633799
202204,'203,スウェーデン,16321423,49826807,40863776,162845798
202204,'204,デンマーク,5663904,21551431,26590565,102310811
202204,'205,英国,114630028,460631143,72487082,265955820
202204,'206,アイルランド,52743853,119380819,63516192,239396884
202204,'207,オランダ,131452905,499990032,45079668,165204724
202204,'208,ベルギー,78066017,311775997,85522321,293338954
202204,'209,ルクセンブルク,7373010,30182108,613701,3014599
202204,'210,フランス,72907679,263361754,117325105,435300909
202204,'211,モナコ,9908,74823,20020,85658
202204,'212,アンドラ,1325,8638,42614,68268
202204,'213,ドイツ,206861010,793071419,256472609,946555884
202204,'215,スイス,55905330,163175154,90858403,341577404
202204,'217,ポルトガル,6941169,25006008,4354334,17859469
202204,'218,スペイン,32034142,99505467,94012413,333360661
202204,'219,ジブラルタル（英）,1803635,5228728,2712,6181
202204,'220,イタリア,61979857,218660020,143215078,494664055
202204,'221,マルタ,924875,16381194,7883400,14018532
202204,'222,フィンランド,4904019,18878223,22134533,91748370
202204,'223,ポーランド,48180165,148476157,13726992,52372417
202204,'224,ロシア,23748415,222645237,188891474,763114363
202204,'225,オーストリア,17900621,55776074,24641893,91264927
202204,'227,ハンガリー,18319430,63033821,9502923,38684384
202204,'228,セルビア,487876,1917778,5429775,29015778
202204,'229,アルバニア,17398,87685,918986,2319196
202204,'230,ギリシャ,2853448,11680623,6664574,36099912
202204,'231,ルーマニア,5069305,17930614,10347637,41584897
202204,'232,ブルガリア,2032184,7626780,1253528,5030235
202204,'233,キプロス,1741892,5278621,8339,16456
202204,'234,トルコ,36697472,133858763,16672840,44237821
202204,'235,エストニア,2665766,10167428,1405152,8388119
202204,'236,ラトビア,293585,1605806,958351,5601179
202204,'237,リトアニア,725682,3549000,1239235,5483273
202204,'238,ウクライナ,643729,21005205,3039101,32056907
202204,'239,ベラルーシ,8737,684844,57387,542053
202204,'240,モルドバ,113192,283738,142397,631559
202204,'241,クロアチア,952202,2605655,4767549,6532395
202204,'242,スロベニア,2400842,7971206,2441540,8482638
202204,'243,ボスニア・ヘルツェゴビナ,19774,67761,71151,366351
202204,'244,北マケドニア,125946,648093,220902,653307
202204,'245,チェコ,23400745,89826899,16021461,60363922
202204,'246,スロバキア,1279785,5573913,5520475,16042146
202204,'247,モンテネグロ,37456,164898,3826,11727
202204,'248,コソボ,82428,108514,1509,6678
202204,'249,フェロー諸島（デンマーク）,-,542,24528,297740
202204,'301,グリーンランド（デンマーク）,-,0,916557,3171268
202204,'302,カナダ,107396578,373428012,166832771,604135054
202204,'304,アメリカ合衆国,1499630461,5416264328,855891636,3456485063
202204,'305,メキシコ,111891027,400382401,74471300,247993696
202204,'306,グアテマラ,3297902,12896483,2108796,7064965
202204,'307,ホンジュラス,1738986,6027674,1419703,3379714
202204,'308,ベリーズ,334031,598304,63059,231900
202204,'309,エルサルバドル,2725801,7326611,465621,958681
202204,'310,ニカラグア,676380,3044240,293818,1180382
202204,'311,コスタリカ,4694277,16261393,4152539,18351630
202204,'312,パナマ,35119572,139786108,14658250,50221026
202204,'314,バーミュダ（英）,59331,369460,996,1675
202204,'315,バハマ,519048,12479487,646,2345
202204,'316,ジャマイカ,1967817,7689832,142589,513270
202204,'317,タークス及びカイコス諸島（英）,77662,165994,-,751
202204,'319,バルバドス,355604,1283769,741,4892
202204,'320,トリニダード・トバゴ,829173,2894297,1560976,13687698
202204,'321,キューバ,140769,650606,92284,206924
202204,'322,ハイチ,188253,818471,48405,152149
202204,'323,ドミニカ共和国,3337037,11085664,937671,4295249
202204,'324,プエルトリコ（米）,8757219,40649806,20550836,67391555
202204,'325,米領バージン諸島,33457,110743,-,0
202204,'326,蘭領アンティール,267785,1182359,394,909
202204,'327,仏領西インド諸島,101200,762800,240,11815
202204,'328,ケイマン諸島（英）,161142,571293,-,0
202204,'329,グレナダ,71835,271768,-,0
202204,'330,セントルシア,116493,468418,-,507
202204,'331,アンティグア・バーブーダ,99477,332956,-,0
202204,'332,英領バージン諸島,47562,126003,-,297
202204,'333,ドミニカ,42734,227853,4873,10860
202204,'334,モントセラト（英）,-,4182,1022,1022
202204,'335,セントクリストファー・ネービス,130984,283682,-,0
202204,'336,セントビンセント,36027,183687,-,0
202204,'337,英領アンギラ,30043,100840,-,0
202204,'338,サン・バルテルミー島（仏）,5062,61656,-,1391
202204,'401,コロンビア,14865679,49065114,10962572,32827789
202204,'402,ベネズエラ,358027,1182284,110588,1498429
202204,'403,ガイアナ,991289,3442295,1337,489425
202204,'404,スリナム,683668,2448305,44115,116040
202204,'405,仏領ギアナ,21757,135649,-,0
202204,'406,エクアドル,4722335,18523106,30720237,76842098
202204,'407,ペルー,8162747,30386460,35023616,139159204
202204,'408,ボリビア,1357997,4181288,3362348,23046396
202204,'409,チリ,15349778,73029650,77575267,308243934
202204,'410,ブラジル,48814722,181328280,95482858,416437230
202204,'411,パラグアイ,1011133,3831290,521342,1468496
202204,'412,ウルグアイ,632927,2883418,944893,2972658
202204,'413,アルゼンチン,10576401,35651264,6760944,28020154
202204,'414,フォークランド諸島及びその附属諸島（英）,-,0,7279,19855
202204,'501,モロッコ,2364689,9770793,2894555,19661183
202204,'502,セウタ及びメリリア（西）,-,11362,1994,5744
202204,'503,アルジェリア,2411798,12312170,9647989,15130643
202204,'504,チュニジア,783181,7190172,5089248,10926254
202204,'505,リビア,303559,1898995,-,0
202204,'506,エジプト,8378984,37162673,772612,17649778
202204,'507,スーダン,492903,1813978,200524,569606
202204,'509,モーリタニア,239364,721365,3096197,7016026
202204,'510,セネガル,1226020,3963258,534276,1260390
202204,'511,ガンビア,22980,81456,242,242
202204,'512,ギニア・ビサウ,36412,39434,-,0
202204,'513,ギニア,92048,310183,64076,430382
202204,'514,シエラレオネ,111405,927507,36665,1150998
202204,'515,リベリア,10769100,109258043,319,61326
202204,'516,コートジボワール,549612,2223209,313511,1044363
202204,'517,ガーナ,907137,5706790,2420447,5878450
202204,'518,トーゴ,290482,1740141,138576,638512
202204,'519,ベナン,23971,107889,2065,25998
202204,'520,マリ,136778,400884,97857,193216
202204,'521,ブルキナファソ,103478,467916,661163,975440
202204,'522,カーボベルデ,-,121857,778,778
202204,'523,カナリー諸島（西）,478120,1030409,-,694
202204,'524,ナイジェリア,3330742,10465034,6568525,25336032
202204,'525,ニジェール,14499,169931,7623,19203
202204,'526,ルワンダ,243628,563099,44570,418942
202204,'527,カメルーン,307229,1256529,32965,191559
202204,'528,チャド,21708,74452,-,7999
202204,'529,中央アフリカ,11070,193552,-,22999
202204,'530,赤道ギニア,7634,12464,-,7493141
202204,'531,ガボン,253148,1172865,1110621,3809143
202204,'532,コンゴ共和国,60515,115412,42178,190524
202204,'533,コンゴ民主共和国,1201944,3719403,10486,621838
202204,'534,ブルンジ,96035,361313,46009,113831
202204,'535,アンゴラ,357085,1666287,-,5923161
202204,'536,サントメ・プリンシペ,-,3695,-,0
202204,'537,セントヘレナ及びその附属諸島（英）,413,413,74274,120468
202204,'538,エチオピア,318103,1775225,1899032,7510271
202204,'539,ジブチ,1549421,4590797,-,0
202204,'540,ソマリア,24761,71804,66929,217882
202204,'541,ケニア,11742872,38741842,665155,2502258
202204,'542,ウガンダ,2090035,8281932,23341,632518
202204,'543,タンザニア,4968914,19309409,2543110,8618003
202204,'544,セーシェル,70689,251703,1467838,3359973
202204,'545,モザンビーク,1149651,6306001,1740229,8807134
202204,'546,マダガスカル,169974,678701,4285376,15202671
202204,'547,モーリシャス,1104524,3903236,40612,190925
202204,'548,レユニオン（仏）,171844,712587,3437,3903
202204,'549,ジンバブエ,429871,1529440,269497,1219881
202204,'550,ナミビア,712201,1369493,183559,759763
202204,'551,南アフリカ共和国,29609251,103413067,98346682,404563421
202204,'552,レソト,90931,262534,17489,36726
202204,'553,マラウイ,315770,1520858,46452,477043
202204,'554,ザンビア,843606,3782865,403204,1321066
202204,'555,ボツワナ,136473,546013,724430,1788750
202204,'556,エスワティニ,72621,175815,10835,117122
202204,'558,コモロ,-,37078,-,5133
202204,'559,エリトリア,9322,9662,-,273
202204,'560,南スーダン,83262,517025,-,6545465
202204,'601,オーストラリア,168286446,662374546,744634457,2866139713
202204,'602,パプアニューギニア,2400132,9286999,48418707,171416468
202204,'605,その他のオーストラリア領,18718,36365,466,1437
202204,'606,ニュージーランド,27415999,113849557,34533273,105555728
202204,'607,クック,13530,55638,111295,604269
202204,'608,トケラウ諸島（ニュージーランド）,1043,1840,823,1459
202204,'609,ニウエ,82132,212803,-,745
202204,'610,サモア,70262,325882,-,287
202204,'611,バヌアツ,79396,230028,1042671,1917591
202204,'612,フィジー,659300,2196069,33393,766822
202204,'613,ソロモン,103029,381096,-,22340
202204,'614,トンガ,74320,235598,4261,21509
202204,'615,キリバス,48248,427966,48088,338224
202204,'617,ナウル,29368,180376,80750,148719
202204,'618,ニューカレドニア（仏）,307745,1103888,2147684,10033883
202204,'619,仏領ポリネシア,156877,780908,598046,1335196
202204,'620,グアム（米）,4733439,10928132,2394,88724
202204,'621,米領サモア,46371,187299,2965,12346
202204,'622,米領オセアニア,-,0,-,7825
202204,'624,ツバル,784554,870930,12042,36675
202204,'625,マーシャル,15573721,62404990,19113,483345
202204,'626,ミクロネシア,141070,597572,131330,411647
202204,'627,北マリアナ諸島（米）,1192548,2686510,-,0
202204,'628,パラオ,53308,358165,7892,21832
202204,'702,不明,-,0,232,9702
202205,'103,大韓民国,553009348,2843134154,393217729,1719478145
202205,'104,北朝鮮,-,0,401,401
202205,'105,中華人民共和国,1388631190,7203152235,2000360207,9211659940
202205,'106,台湾,542892617,2694971821,423184895,1873533691
202205,'107,モンゴル,4561650,27454015,196877,2254085
202205,'108,香港,370328915,1740296116,8933187,55492013
202205,'110,ベトナム,198121785,923845005,280054921,1266719060
202205,'111,タイ,321852742,1644349239,290552461,1365322008
202205,'112,シンガポール,223653232,1106207151,108408102,511140031
202205,'113,マレーシア,172287850,835005012,261137771,1230278365
202205,'116,ブルネイ,1650146,3706410,24359098,142358117
202205,'117,フィリピン,131964709,612059749,116178803,565309003
202205,'118,インドネシア,150992519,735007546,290420250,1362231586
202205,'120,カンボジア,4207594,25168972,16805478,92731479
202205,'121,ラオス,887665,4694970,2939218,10354700
202205,'122,ミャンマー,7852238,25069122,12950622,64727821
202205,'123,インド,142022580,649377304,72800602,364993268
202205,'124,パキスタン,25839668,108840654,2451049,15096109
202205,'125,スリランカ,1777533,14259746,2941235,13622974
202205,'126,モルディブ,434740,1724610,21944,197448
202205,'127,バングラデシュ,24547987,146853105,17154379,86900770
202205,'128,東ティモール,131945,392028,10394,4208531
202205,'129,マカオ,5612983,23815474,307037,1379224
202205,'130,アフガニスタン,55404,341514,975,23602
202205,'131,ネパール,342116,1555094,102230,412076
202205,'132,ブータン,27328,131662,-,14205
202205,'133,イラン,458669,3221061,548792,2082217
202205,'134,イラク,5906327,28327782,-,5540
202205,'135,バーレーン,3245260,22148650,5955527,79878703
202205,'137,サウジアラビア,40670963,231701779,398024205,2003536232
202205,'138,クウェート,14427531,68353039,126680637,484590354
202205,'140,カタール,8970161,62130462,143012353,704263340
202205,'141,オマーン,8744367,54811293,49936155,187309141
202205,'143,イスラエル,12226384,69935712,12648826,57954961
202205,'144,ヨルダン,4186506,32612576,2957453,9371661
202205,'145,シリア,27523,199772,5085,30750
202205,'146,レバノン,1921516,8432603,12374,126389
202205,'147,アラブ首長国連邦,77463471,400246949,538542732,1997686114
202205,'149,イエメン,3252012,12723457,31809,250338
202205,'150,アゼルバイジャン,181056,1554694,197902,486246
202205,'151,アルメニア,393930,668552,457897,846153
202205,'152,ウズベキスタン,7920763,18839717,875653,2210991
202205,'153,カザフスタン,7088354,26711963,9748126,48106644
202205,'154,キルギス,764445,1668583,258,37560
202205,'155,タジキスタン,132453,1267017,-,81701
202205,'156,トルクメニスタン,233307,663101,258,7426
202205,'157,ジョージア,3081557,13609749,204579,1048948
202205,'158,ヨルダン川西岸及びガザ,249,185443,11998,35009
202205,'201,アイスランド,599219,4987327,1858241,7518822
202205,'202,ノルウェー,9345558,42860934,16481575,89115374
202205,'203,スウェーデン,13913862,63740669,39800233,202646031
202205,'204,デンマーク,4987739,26539170,34969089,137279900
202205,'205,英国,88749005,549380148,70394991,336350811
202205,'206,アイルランド,34305540,153686359,104565621,343962505
202205,'207,オランダ,109797514,609787546,28872052,194076776
202205,'208,ベルギー,67305745,379081742,22292060,315631014
202205,'209,ルクセンブルク,6162197,36344305,919129,3933728
202205,'210,フランス,60326250,323688004,112120583,547421492
202205,'211,モナコ,35193,110016,19467,105125
202205,'212,アンドラ,19971,28609,1685,69953
202205,'213,ドイツ,183027172,976098591,255441156,1201997040
202205,'215,スイス,35968280,199143434,84975608,426553012
202205,'217,ポルトガル,6266199,31272207,3016819,20876288
202205,'218,スペイン,24732524,124237991,90293119,423653780
202205,'219,ジブラルタル（英）,607878,5836606,226,6407
202205,'220,イタリア,56708883,275368903,142648876,637312931
202205,'221,マルタ,873276,17254470,798094,14816626
202205,'222,フィンランド,4218644,23096867,26106819,117855189
202205,'223,ポーランド,51534953,200011110,17080371,69452788
202205,'224,ロシア,26386736,249031973,178217010,941331373
202205,'225,オーストリア,11217334,66993408,25398396,116663323
202205,'227,ハンガリー,11848492,74882313,10729900,49414284
202205,'228,セルビア,549146,2466924,6762745,35778523
202205,'229,アルバニア,13553,101238,379944,2699140
202205,'230,ギリシャ,2171050,13851673,4044926,40144838
202205,'231,ルーマニア,4440962,22371576,11357822,52942719
202205,'232,ブルガリア,1852047,9478827,1258520,6288755
202205,'233,キプロス,1922005,7200626,929,17385
202205,'234,トルコ,33999120,167857883,10869619,55107440
202205,'235,エストニア,1888430,12055858,1509421,9897540
202205,'236,ラトビア,243050,1848856,1377132,6978311
202205,'237,リトアニア,638971,4187971,1279594,6762867
202205,'238,ウクライナ,257774,21262979,5268589,37325496
202205,'239,ベラルーシ,67332,752176,81652,623705
202205,'240,モルドバ,103169,386907,312354,943913
202205,'241,クロアチア,506416,3112071,1060223,7592618
202205,'242,スロベニア,1357506,9328712,2133940,10616578
202205,'243,ボスニア・ヘルツェゴビナ,19579,87340,121848,488199
202205,'244,北マケドニア,150170,798263,284738,938045
202205,'245,チェコ,18674775,108501674,22337885,82701807
202205,'246,スロバキア,1139432,6713345,3668776,19710922
202205,'247,モンテネグロ,17068,181966,8018,19745
202205,'248,コソボ,9438,117952,2122,8800
202205,'249,フェロー諸島（デンマーク）,-,542,88942,386682
202205,'301,グリーンランド（デンマーク）,355,355,853111,4024379
202205,'302,カナダ,67158130,440586142,199648045,803783099
202205,'303,サンピエール及びミクロン（仏）,-,0,499,499
202205,'304,アメリカ合衆国,1255574232,6671838560,927882860,4384367923
202205,'305,メキシコ,107755262,508137663,87528699,335522395
202205,'306,グアテマラ,3544304,16440787,3352138,10417103
202205,'307,ホンジュラス,2538583,8566257,1534325,4914039
202205,'308,ベリーズ,301548,899852,60276,292176
202205,'309,エルサルバドル,1445508,8772119,351710,1310391
202205,'310,ニカラグア,982164,4026404,367640,1548022
202205,'311,コスタリカ,4911504,21172897,4408553,22760183
202205,'312,パナマ,31164778,170950886,3582984,53804010
202205,'314,バーミュダ（英）,269994,639454,-,1675
202205,'315,バハマ,487884,12967371,3242,5587
202205,'316,ジャマイカ,2302681,9992513,118340,631610
202205,'317,タークス及びカイコス諸島（英）,80376,246370,-,751
202205,'319,バルバドス,503669,1787438,281,5173
202205,'320,トリニダード・トバゴ,826059,3720356,401949,14089647
202205,'321,キューバ,103158,753764,44562,251486
202205,'322,ハイチ,66797,885268,49538,201687
202205,'323,ドミニカ共和国,2858553,13944217,902116,5197365
202205,'324,プエルトリコ（米）,6863985,47513791,18857680,86249235
202205,'325,米領バージン諸島,59589,170332,-,0
202205,'326,蘭領アンティール,301407,1483766,-,909
202205,'327,仏領西インド諸島,220062,982862,2381,14196
202205,'328,ケイマン諸島（英）,135044,706337,-,0
202205,'329,グレナダ,75949,347717,-,0
202205,'330,セントルシア,155901,624319,-,507
202205,'331,アンティグア・バーブーダ,138701,471657,16440,16440
202205,'332,英領バージン諸島,8284,134287,435,732
202205,'333,ドミニカ,37904,265757,21218,32078
202205,'334,モントセラト（英）,3068,7250,-,1022
202205,'335,セントクリストファー・ネービス,29236,312918,-,0
202205,'336,セントビンセント,51618,235305,-,0
202205,'337,英領アンギラ,28974,129814,-,0
202205,'338,サン・バルテルミー島（仏）,7968,69624,-,1391
202205,'401,コロンビア,13988684,63053798,11941024,44768813
202205,'402,ベネズエラ,503175,1685459,72694,1571123
202205,'403,ガイアナ,951889,4394184,7266,496691
202205,'404,スリナム,765684,3213989,66986,183026
202205,'405,仏領ギアナ,58731,194380,-,0
202205,'406,エクアドル,5321747,23844853,17790999,94633097
202205,'407,ペルー,6847818,37234278,27449036,166608240
202205,'408,ボリビア,1005576,5186864,10257370,33303766
202205,'409,チリ,25363157,98392807,82966789,391210723
202205,'410,ブラジル,43553154,224881434,94613265,511050495
202205,'411,パラグアイ,852111,4683401,112957,1581453
202205,'412,ウルグアイ,546534,3429952,978539,3951197
202205,'413,アルゼンチン,10984507,46635771,7737786,35757940
202205,'414,フォークランド諸島及びその附属諸島（英）,-,0,-,19855
202205,'501,モロッコ,1537763,11308556,4773568,24434751
202205,'502,セウタ及びメリリア（西）,4777,16139,5475,11219
202205,'503,アルジェリア,1625222,13937392,2661057,17791700
202205,'504,チュニジア,603474,7793646,826349,11752603
202205,'505,リビア,512141,2411136,-,0
202205,'506,エジプト,9110059,46272732,1226729,18876507
202205,'507,スーダン,629603,2443581,105233,674839
202205,'509,モーリタニア,278413,999778,645880,7661906
202205,'510,セネガル,407564,4370822,222261,1482651
202205,'511,ガンビア,4038,85494,300,542
202205,'512,ギニア・ビサウ,44668,84102,-,0
202205,'513,ギニア,113939,424122,67949,498331
202205,'514,シエラレオネ,39451,966958,229,1151227
202205,'515,リベリア,29747793,139005836,856,62182
202205,'516,コートジボワール,545638,2768847,10471,1054834
202205,'517,ガーナ,1533179,7239969,2020281,7898731
202205,'518,トーゴ,258598,1998739,332067,970579
202205,'519,ベナン,41416,149305,22286,48284
202205,'520,マリ,65488,466372,158138,351354
202205,'521,ブルキナファソ,9398,477314,1238700,2214140
202205,'522,カーボベルデ,21876,143733,-,778
202205,'523,カナリー諸島（西）,231774,1262183,4761,5455
202205,'524,ナイジェリア,2237990,12703024,3155122,28491154
202205,'525,ニジェール,510,170441,54802,74005
202205,'526,ルワンダ,191796,754895,287265,706207
202205,'527,カメルーン,516112,1772641,33259,224818
202205,'528,チャド,-,74452,3631,11630
202205,'529,中央アフリカ,24613,218165,-,22999
202205,'530,赤道ギニア,-,12464,-,7493141
202205,'531,ガボン,162945,1335810,39266,3848409
202205,'532,コンゴ共和国,15824,131236,31877,222401
202205,'533,コンゴ民主共和国,1158208,4877611,130774,752612
202205,'534,ブルンジ,252915,614228,4952,118783
202205,'535,アンゴラ,299052,1965339,-,5923161
202205,'536,サントメ・プリンシペ,1671,5366,561,561
202205,'537,セントヘレナ及びその附属諸島（英）,1251,1664,27557,148025
202205,'538,エチオピア,1191194,2966419,1412411,8922682
202205,'539,ジブチ,370936,4961733,-,0
202205,'540,ソマリア,24396,96200,117151,335033
202205,'541,ケニア,11919084,50660926,1406078,3908336
202205,'542,ウガンダ,2793398,11075330,147487,780005
202205,'543,タンザニア,4635628,23945037,2372062,10990065
202205,'544,セーシェル,77928,329631,729528,4089501
202205,'545,モザンビーク,1179502,7485503,379595,9186729
202205,'546,マダガスカル,183138,861839,4588333,19791004
202205,'547,モーリシャス,954960,4858196,82715,273640
202205,'548,レユニオン（仏）,164151,876738,21744,25647
202205,'549,ジンバブエ,533262,2062702,264695,1484576
202205,'550,ナミビア,115693,1485186,23406,783169
202205,'551,南アフリカ共和国,22050947,125464014,106163225,510726646
202205,'552,レソト,152768,415302,4535,41261
202205,'553,マラウイ,251603,1772461,27185,504228
202205,'554,ザンビア,1218813,5001678,596542,1917608
202205,'555,ボツワナ,165466,711479,954652,2743402
202205,'556,エスワティニ,42883,218698,11866,128988
202205,'558,コモロ,10088,47166,2827,7960
202205,'559,エリトリア,12334,21996,-,273
202205,'560,南スーダン,139020,656045,-,6545465
202205,'601,オーストラリア,135864388,798238934,968551317,3834691030
202205,'602,パプアニューギニア,2017087,11304086,33881400,205297868
202205,'605,その他のオーストラリア領,5461,41826,356,1793
202205,'606,ニュージーランド,35371161,149220718,46438201,151993929
202205,'607,クック,22219,77857,144668,748937
202205,'608,トケラウ諸島（ニュージーランド）,-,1840,1504,2963
202205,'609,ニウエ,99000,311803,-,745
202205,'610,サモア,98715,424597,-,287
202205,'611,バヌアツ,54390,284418,1112393,3029984
202205,'612,フィジー,566952,2763021,248136,1014958
202205,'613,ソロモン,113415,494511,8898,31238
202205,'614,トンガ,95642,331240,5181,26690
202205,'615,キリバス,295185,723151,313274,651498
202205,'617,ナウル,527239,707615,32045,180764
202205,'618,ニューカレドニア（仏）,306586,1410474,5057667,15091550
202205,'619,仏領ポリネシア,159710,940618,329084,1664280
202205,'620,グアム（米）,680012,11608144,18564,107288
202205,'621,米領サモア,24917,212216,-,12346
202205,'622,米領オセアニア,-,0,2733,10558
202205,'624,ツバル,953,871883,-,36675
202205,'625,マーシャル,18212911,80617901,19461,502806
202205,'626,ミクロネシア,134140,731712,1231,412878
202205,'627,北マリアナ諸島（米）,155154,2841664,-,0
202205,'628,パラオ,49079,407244,24823,46655
202205,'702,不明,-,0,63051,72753
202206,'103,大韓民国,607422841,3450556995,345770848,2065248993
202206,'104,北朝鮮,-,0,-,401
202206,'105,中華人民共和国,1705108519,8908260754,2184924655,11396584595
202206,'106,台湾,630916463,3325888284,456266912,2329800603
202206,'107,モンゴル,5341783,32795798,290567,2544652
202206,'108,香港,397577499,2137873615,13082967,68574980
202206,'110,ベトナム,209787782,1133632787,290734587,1557453647
202206,'111,タイ,377806442,2022155681,298984912,1664306920
202206,'112,シンガポール,262165357,1368372508,108782681,619922712
202206,'113,マレーシア,187432108,1022437120,264685178,1494963543
202206,'116,ブルネイ,341131,4047541,19628595,161986712
202206,'117,フィリピン,139774979,751834728,128072400,693381403
202206,'118,インドネシア,167819706,902827252,293938324,1656169910
202206,'120,カンボジア,5793146,30962118,16552245,109283724
202206,'121,ラオス,1394150,6089120,2239958,12594658
202206,'122,ミャンマー,6421702,31490824,10015151,74742972
202206,'123,インド,156857309,806234613,60100253,425093521
202206,'124,パキスタン,21429314,130269968,3044951,18141060
202206,'125,スリランカ,1614627,15874373,2648804,16271778
202206,'126,モルディブ,288457,2013067,46966,244414
202206,'127,バングラデシュ,25119718,171972823,12987674,99888444
202206,'128,東ティモール,180170,572198,242,4208773
202206,'129,マカオ,4908601,28724075,371167,1750391
202206,'130,アフガニスタン,196903,538417,1053,24655
202206,'131,ネパール,347687,1902781,106233,518309
202206,'132,ブータン,89273,220935,1334,15539
202206,'133,イラン,345005,3566066,344534,2426751
202206,'134,イラク,6871179,35198961,1364,6904
202206,'135,バーレーン,3957667,26106317,18201876,98080579
202206,'137,サウジアラビア,46932614,278634393,529403671,2532939903
202206,'138,クウェート,18412246,86765285,120283218,604873572
202206,'140,カタール,12163084,74293546,147928657,852191997
202206,'141,オマーン,15739364,70550657,29637626,216946767
202206,'143,イスラエル,17722872,87658584,15600941,73555902
202206,'144,ヨルダン,4411061,37023637,151350,9523011
202206,'145,シリア,72647,272419,-,30750
202206,'146,レバノン,1897492,10330095,59669,186058
202206,'147,アラブ首長国連邦,87984881,488231830,535754240,2533440354
202206,'149,イエメン,2898972,15622429,70602,320940
202206,'150,アゼルバイジャン,1102046,2656740,114225,600471
202206,'151,アルメニア,66270,734822,239196,1085349
202206,'152,ウズベキスタン,1531664,20371381,601853,2812844
202206,'153,カザフスタン,13163677,39875640,12394660,60501304
202206,'154,キルギス,658968,2327551,74367,111927
202206,'155,タジキスタン,48866,1315883,-,81701
202206,'156,トルクメニスタン,217152,880253,2360,9786
202206,'157,ジョージア,4344642,17954391,165137,1214085
202206,'158,ヨルダン川西岸及びガザ,62181,247624,11568,46577
202206,'201,アイスランド,757237,5744564,2467288,9986110
202206,'202,ノルウェー,11520130,54381064,16615143,105730517
202206,'203,スウェーデン,16291584,80032253,41185705,243831736
202206,'204,デンマーク,6845160,33384330,26722028,164001928
202206,'205,英国,133905857,683286005,77780250,414131061
202206,'206,アイルランド,38045086,191731445,130493312,474455817
202206,'207,オランダ,133099894,742887440,27228491,221305267
202206,'208,ベルギー,83296042,462377784,27798483,343429497
202206,'209,ルクセンブルク,8586048,44930353,951476,4885204
202206,'210,フランス,66123175,389811179,104185267,651606759
202206,'211,モナコ,18536,128552,17434,122559
202206,'212,アンドラ,5553,34162,1469,71422
202206,'213,ドイツ,225414318,1201512909,230171341,1432168381
202206,'215,スイス,50090265,249233699,85174179,511727191
202206,'217,ポルトガル,10162781,41434988,6431302,27307590
202206,'218,スペイン,28338429,152576420,73176909,496830689
202206,'219,ジブラルタル（英）,1834944,7671550,747,7154
202206,'220,イタリア,55269373,330638276,144138087,781451018
202206,'221,マルタ,713091,17967561,227398,15044024
202206,'222,フィンランド,4640425,27737292,23465708,141320897
202206,'223,ポーランド,46265815,246276925,13843630,83296418
202206,'224,ロシア,39841975,288873948,153699349,1095030722
202206,'225,オーストリア,13466253,80459661,22109409,138772732
202206,'227,ハンガリー,17810807,92693120,12964763,62379047
202206,'228,セルビア,447829,2914753,8139718,43918241
202206,'229,アルバニア,20037,121275,480161,3179301
202206,'230,ギリシャ,2666073,16517746,7731753,47876591
202206,'231,ルーマニア,5120363,27491939,14103823,67046542
202206,'232,ブルガリア,1925568,11404395,1299780,7588535
202206,'233,キプロス,1841344,9041970,8737,26122
202206,'234,トルコ,31870647,199728530,10158481,65265921
202206,'235,エストニア,1869592,13925450,1972326,11869866
202206,'236,ラトビア,294739,2143595,742314,7720625
202206,'237,リトアニア,1108947,5296918,1640764,8403631
202206,'238,ウクライナ,600776,21863755,483285,37808781
202206,'239,ベラルーシ,82082,834258,102364,726069
202206,'240,モルドバ,122633,509540,179650,1123563
202206,'241,クロアチア,1265321,4377392,193860,7786478
202206,'242,スロベニア,2891818,12220530,2197073,12813651
202206,'243,ボスニア・ヘルツェゴビナ,91826,179166,112044,600243
202206,'244,北マケドニア,165253,963516,115074,1053119
202206,'245,チェコ,23693496,132195170,19996584,102698391
202206,'246,スロバキア,1437614,8150959,6580599,26291521
202206,'247,モンテネグロ,59049,241015,6948,26693
202206,'248,コソボ,18908,136860,1332,10132
202206,'249,フェロー諸島（デンマーク）,1800,2342,156833,543515
202206,'301,グリーンランド（デンマーク）,798,1153,901342,4925721
202206,'302,カナダ,110375894,550962036,207415587,1011198686
202206,'303,サンピエール及びミクロン（仏）,-,0,-,499
202206,'304,アメリカ合衆国,1556510536,8228349096,963622697,5347990620
202206,'305,メキシコ,121865051,630002714,77905444,413427839
202206,'306,グアテマラ,4348515,20789302,3157025,13574128
202206,'307,ホンジュラス,1460314,10026571,1697031,6611070
202206,'308,ベリーズ,628487,1528339,45681,337857
202206,'309,エルサルバドル,1862747,10634866,313073,1623464
202206,'310,ニカラグア,863037,4889441,461040,2009062
202206,'311,コスタリカ,4622812,25795709,5416381,28176564
202206,'312,パナマ,54913438,225864324,13603228,67407238
202206,'314,バーミュダ（英）,82398,721852,959,2634
202206,'315,バハマ,815582,13782953,-,5587
202206,'316,ジャマイカ,4463183,14455696,213103,844713
202206,'317,タークス及びカイコス諸島（英）,122374,368744,-,751
202206,'319,バルバドス,659775,2447213,2531,7704
202206,'320,トリニダード・トバゴ,1583948,5304304,638115,14727762
202206,'321,キューバ,147876,901640,152980,404466
202206,'322,ハイチ,292063,1177331,50373,252060
202206,'323,ドミニカ共和国,3633687,17577904,1408472,6605837
202206,'324,プエルトリコ（米）,10295666,57809457,18413309,104662544
202206,'325,米領バージン諸島,29637,199969,359,359
202206,'326,蘭領アンティール,271950,1755716,580,1489
202206,'327,仏領西インド諸島,245234,1228096,6341,20537
202206,'328,ケイマン諸島（英）,279432,985769,-,0
202206,'329,グレナダ,94194,441911,-,0
202206,'330,セントルシア,134497,758816,265,772
202206,'331,アンティグア・バーブーダ,156828,628485,-,16440
202206,'332,英領バージン諸島,31889,166176,-,732
202206,'333,ドミニカ,58578,324335,-,32078
202206,'334,モントセラト（英）,3829,11079,-,1022
202206,'335,セントクリストファー・ネービス,39554,352472,-,0
202206,'336,セントビンセント,76385,311690,58615,58615
202206,'337,英領アンギラ,49778,179592,-,0
202206,'338,サン・バルテルミー島（仏）,39150,108774,-,1391
202206,'401,コロンビア,19111735,82165533,9494140,54262953
202206,'402,ベネズエラ,283365,1968824,302636,1873759
202206,'403,ガイアナ,1717330,6111514,5071,501762
202206,'404,スリナム,1012301,4226290,15629,198655
202206,'405,仏領ギアナ,46985,241365,-,0
202206,'406,エクアドル,11369988,35214841,32673082,127306179
202206,'407,ペルー,6821153,44055431,24357586,190965826
202206,'408,ボリビア,1724842,6911706,3557941,36861707
202206,'409,チリ,14374602,112767409,75403104,466613827
202206,'410,ブラジル,52408527,277289961,103875870,614926365
202206,'411,パラグアイ,984456,5667857,114703,1696156
202206,'412,ウルグアイ,546268,3976220,1036991,4988188
202206,'413,アルゼンチン,10188841,56824612,16939202,52697142
202206,'414,フォークランド諸島及びその附属諸島（英）,-,0,-,19855
202206,'501,モロッコ,1890522,13199078,4098235,28532986
202206,'502,セウタ及びメリリア（西）,-,16139,266,11485
202206,'503,アルジェリア,3585210,17522602,5356949,23148649
202206,'504,チュニジア,694301,8487947,757869,12510472
202206,'505,リビア,482297,2893433,-,0
202206,'506,エジプト,10072903,56345635,988067,19864574
202206,'507,スーダン,577827,3021408,133455,808294
202206,'509,モーリタニア,308541,1308319,1341266,9003172
202206,'510,セネガル,461893,4832715,260886,1743537
202206,'511,ガンビア,47278,132772,-,542
202206,'512,ギニア・ビサウ,25707,109809,-,0
202206,'513,ギニア,26757,450879,16613,514944
202206,'514,シエラレオネ,93589,1060547,44931,1196158
202206,'515,リベリア,47650686,186656522,-,62182
202206,'516,コートジボワール,753212,3522059,47719,1102553
202206,'517,ガーナ,834702,8074671,2382798,10281529
202206,'518,トーゴ,162524,2161263,372240,1342819
202206,'519,ベナン,86373,235678,260,48544
202206,'520,マリ,54755,521127,162039,513393
202206,'521,ブルキナファソ,31640,508954,916448,3130588
202206,'522,カーボベルデ,51486,195219,-,778
202206,'523,カナリー諸島（西）,181239,1443422,-,5455
202206,'524,ナイジェリア,2382095,15085119,9960224,38451378
202206,'525,ニジェール,23307,193748,7672,81677
202206,'526,ルワンダ,64987,819882,1768,707975
202206,'527,カメルーン,371034,2143675,192388,417206
202206,'528,チャド,-,74452,3631,15261
202206,'529,中央アフリカ,6662,224827,17745,40744
202206,'530,赤道ギニア,-,12464,-,7493141
202206,'531,ガボン,296992,1632802,693717,4542126
202206,'532,コンゴ共和国,4419,135655,60466,282867
202206,'533,コンゴ民主共和国,1487795,6365406,13691,766303
202206,'534,ブルンジ,162075,776303,201,118984
202206,'535,アンゴラ,998318,2963657,-,5923161
202206,'536,サントメ・プリンシペ,-,5366,-,561
202206,'537,セントヘレナ及びその附属諸島（英）,-,1664,3659,151684
202206,'538,エチオピア,465521,3431940,2271632,11194314
202206,'539,ジブチ,860787,5822520,-,0
202206,'540,ソマリア,1388,97588,59233,394266
202206,'541,ケニア,13406152,64067078,630272,4538608
202206,'542,ウガンダ,3196720,14272050,91335,871340
202206,'543,タンザニア,5340615,29285652,1674376,12664441
202206,'544,セーシェル,64469,394100,1243240,5332741
202206,'545,モザンビーク,1566788,9052291,421226,9607955
202206,'546,マダガスカル,167018,1028857,4187045,23978049
202206,'547,モーリシャス,1090447,5948643,58020,331660
202206,'548,レユニオン（仏）,171693,1048431,230,25877
202206,'549,ジンバブエ,391139,2453841,310140,1794716
202206,'550,ナミビア,306262,1791448,153880,937049
202206,'551,南アフリカ共和国,23948642,149412656,106983234,617709880
202206,'552,レソト,55693,470995,47961,89222
202206,'553,マラウイ,159597,1932058,40237,544465
202206,'554,ザンビア,1231608,6233286,103620,2021228
202206,'555,ボツワナ,109633,821112,597794,3341196
202206,'556,エスワティニ,91821,310519,7328,136316
202206,'558,コモロ,10280,57446,1831,9791
202206,'559,エリトリア,330,22326,1622539,1622812
202206,'560,南スーダン,132392,788437,1050,6546515
202206,'601,オーストラリア,204254691,1002493625,979140794,4813831824
202206,'602,パプアニューギニア,1963507,13267593,49650248,254948116
202206,'605,その他のオーストラリア領,7688,49514,2551,4344
202206,'606,ニュージーランド,43733479,192954197,45494414,197488343
202206,'607,クック,35401,113258,72066,821003
202206,'608,トケラウ諸島（ニュージーランド）,-,1840,1010,3973
202206,'609,ニウエ,21524,333327,295,1040
202206,'610,サモア,87755,512352,3203,3490
202206,'611,バヌアツ,133484,417902,1271683,4301667
202206,'612,フィジー,742095,3505116,218101,1233059
202206,'613,ソロモン,178471,672982,-,31238
202206,'614,トンガ,252883,584123,-,26690
202206,'615,キリバス,55672,778823,51084,702582
202206,'617,ナウル,13217,720832,52179,232943
202206,'618,ニューカレドニア（仏）,741852,2152326,4993048,20084598
202206,'619,仏領ポリネシア,289612,1230230,375219,2039499
202206,'620,グアム（米）,1866252,13474396,6835,114123
202206,'621,米領サモア,46234,258450,2642,14988
202206,'622,米領オセアニア,-,0,840,11398
202206,'624,ツバル,67127,939010,4494,41169
202206,'625,マーシャル,3914399,84532300,24554,527360
202206,'626,ミクロネシア,109113,840825,57266,470144
202206,'627,北マリアナ諸島（米）,132937,2974601,206,206
202206,'628,パラオ,93938,501182,16017,62672
202206,'702,不明,-,0,139050,211803
202207,'103,大韓民国,619354686,4069911681,394304758,2459553751
202207,'104,北朝鮮,-,0,-,401
202207,'105,中華人民共和国,1782580357,10690841111,2209204968,13605789563
202207,'106,台湾,629649060,3955537344,438831837,2768632440
202207,'107,モンゴル,4783766,37579564,341899,2886551
202207,'108,香港,383373889,2521247504,9883202,78458182
202207,'110,ベトナム,216666707,1350299494,292449662,1849903309
202207,'111,タイ,388376980,2410532661,298216334,1962523254
202207,'112,シンガポール,316739031,1685111539,106712031,726634743
202207,'113,マレーシア,199785686,1222222806,325569887,1820533430
202207,'116,ブルネイ,383440,4430981,35692489,197679201
202207,'117,フィリピン,155100120,906934848,115956365,809337768
202207,'118,インドネシア,175066301,1077893553,344615549,2000785459
202207,'120,カンボジア,6076775,37038893,19864055,129147779
202207,'121,ラオス,1616705,7705825,2196883,14791541
202207,'122,ミャンマー,4068384,35559208,12476219,87219191
202207,'123,インド,160034330,966268943,71868698,496962219
202207,'124,パキスタン,17473155,147743123,3126022,21267082
202207,'125,スリランカ,1810192,17684565,3631129,19902907
202207,'126,モルディブ,432892,2445959,8214,252628
202207,'127,バングラデシュ,27998805,199971628,17384843,117273287
202207,'128,東ティモール,105095,677293,-,4208773
202207,'129,マカオ,1805964,30530039,210282,1960673
202207,'130,アフガニスタン,148477,686894,248,24903
202207,'131,ネパール,394606,2297387,126160,644469
202207,'132,ブータン,78066,299001,3781,19320
202207,'133,イラン,322561,3888627,396536,2823287
202207,'134,イラク,7054131,42253092,13545,20449
202207,'135,バーレーン,5263870,31370187,18792977,116873556
202207,'137,サウジアラビア,56772801,335407194,494612860,3027552763
202207,'138,クウェート,19986100,106751385,121055532,725929104
202207,'140,カタール,12974230,87267776,127216163,979408160
202207,'141,オマーン,13828050,84378707,38237760,255184527
202207,'143,イスラエル,15240670,102899254,11777727,85333629
202207,'144,ヨルダン,4689429,41713066,505618,10028629
202207,'145,シリア,40458,312877,12945,43695
202207,'146,レバノン,2428474,12758569,13027,199085
202207,'147,アラブ首長国連邦,93251851,581483681,548384103,3081824457
202207,'149,イエメン,2904156,18526585,70758,391698
202207,'150,アゼルバイジャン,1162425,3819165,90300,690771
202207,'151,アルメニア,162706,897528,314195,1399544
202207,'152,ウズベキスタン,1875709,22247090,361758,3174602
202207,'153,カザフスタン,9824514,49700154,8841333,69342637
202207,'154,キルギス,236211,2563762,56495,168422
202207,'155,タジキスタン,335566,1651449,130463,212164
202207,'156,トルクメニスタン,1006152,1886405,890,10676
202207,'157,ジョージア,2959617,20914008,101147,1315232
202207,'158,ヨルダン川西岸及びガザ,10901,258525,-,46577
202207,'201,アイスランド,526319,6270883,2952201,12938311
202207,'202,ノルウェー,8249853,62630917,16976751,122707268
202207,'203,スウェーデン,17278591,97310844,32832654,276664390
202207,'204,デンマーク,6194156,39578486,23400178,187402106
202207,'205,英国,127775918,811061923,64732578,478863639
202207,'206,アイルランド,28994778,220726223,55529851,529985668
202207,'207,オランダ,138860144,881747584,28880556,250185823
202207,'208,ベルギー,82144654,544522438,23682086,367111583
202207,'209,ルクセンブルク,7740320,52670673,847676,5732880
202207,'210,フランス,72707620,462518799,94731629,746338388
202207,'211,モナコ,7014,135566,29418,151977
202207,'212,アンドラ,465,34627,-,71422
202207,'213,ドイツ,248042336,1449555245,232230469,1664398850
202207,'215,スイス,36891641,286125340,88377321,600104512
202207,'217,ポルトガル,6984934,48419922,3650581,30958171
202207,'218,スペイン,31286391,183862811,60560550,557391239
202207,'219,ジブラルタル（英）,1850387,9521937,-,7154
202207,'220,イタリア,60528253,391166529,119330438,900781456
202207,'221,マルタ,3540214,21507775,145428,15189452
202207,'222,フィンランド,5394365,33131657,25423251,166744148
202207,'223,ポーランド,44158959,290435884,15008764,98305182
202207,'224,ロシア,40748297,329622245,176924570,1271955292
202207,'225,オーストリア,17177215,97636876,23817582,162590314
202207,'227,ハンガリー,15775407,108468527,13033394,75412441
202207,'228,セルビア,1016832,3931585,5362394,49280635
202207,'229,アルバニア,19759,141034,300207,3479508
202207,'230,ギリシャ,2716242,19233988,8135420,56012011
202207,'231,ルーマニア,5596472,33088411,13055744,80102286
202207,'232,ブルガリア,1801454,13205849,1600248,9188783
202207,'233,キプロス,6417522,15459492,9288,35410
202207,'234,トルコ,29385915,229114445,10231163,75497084
202207,'235,エストニア,3393812,17319262,2914595,14784461
202207,'236,ラトビア,263543,2407138,1382755,9103380
202207,'237,リトアニア,1388006,6684924,1508180,9911811
202207,'238,ウクライナ,456275,22320030,1496876,39305657
202207,'239,ベラルーシ,81603,915861,118739,844808
202207,'240,モルドバ,215382,724922,330781,1454344
202207,'241,クロアチア,766168,5143560,224055,8010533
202207,'242,スロベニア,2034250,14254780,1970087,14783738
202207,'243,ボスニア・ヘルツェゴビナ,28144,207310,127973,728216
202207,'244,北マケドニア,161869,1125385,62999,1116118
202207,'245,チェコ,29589585,161784755,15946277,118644668
202207,'246,スロバキア,1867529,10018488,1812343,28103864
202207,'247,モンテネグロ,39568,280583,5362,32055
202207,'248,コソボ,13964,150824,1752,11884
202207,'249,フェロー諸島（デンマーク）,4043,6385,56385,599900
202207,'250,バチカン,-,0,1052,1052
202207,'301,グリーンランド（デンマーク）,-,1153,809058,5734779
202207,'302,カナダ,88903264,639865300,167068247,1178266933
202207,'303,サンピエール及びミクロン（仏）,-,0,-,499
202207,'304,アメリカ合衆国,1577856941,9806206037,1067998134,6415988754
202207,'305,メキシコ,113299327,743302041,75451706,488879545
202207,'306,グアテマラ,2662217,23451519,3457538,17031666
202207,'307,ホンジュラス,1554179,11580750,1599054,8210124
202207,'308,ベリーズ,110100,1638439,37968,375825
202207,'309,エルサルバドル,2023024,12657890,428001,2051465
202207,'310,ニカラグア,1357488,6246929,579116,2588178
202207,'311,コスタリカ,5293849,31089558,5524105,33700669
202207,'312,パナマ,30246858,256111182,9374283,76781521
202207,'314,バーミュダ（英）,32069,753921,-,2634
202207,'315,バハマ,538710,14321663,551,6138
202207,'316,ジャマイカ,2171558,16627254,173129,1017842
202207,'317,タークス及びカイコス諸島（英）,31137,399881,-,751
202207,'319,バルバドス,313068,2760281,4776,12480
202207,'320,トリニダード・トバゴ,1086396,6390700,1843183,16570945
202207,'321,キューバ,152669,1054309,63518,467984
202207,'322,ハイチ,281448,1458779,58354,310414
202207,'323,ドミニカ共和国,4306085,21883989,1271550,7877387
202207,'324,プエルトリコ（米）,10045829,67855286,11454828,116117372
202207,'325,米領バージン諸島,21213,221182,-,359
202207,'326,蘭領アンティール,210364,1966080,239,1728
202207,'327,仏領西インド諸島,265046,1493142,-,20537
202207,'328,ケイマン諸島（英）,122664,1108433,-,0
202207,'329,グレナダ,57872,499783,-,0
202207,'330,セントルシア,112348,871164,223,995
202207,'331,アンティグア・バーブーダ,103295,731780,15954,32394
202207,'332,英領バージン諸島,43646,209822,-,732
202207,'333,ドミニカ,18144,342479,1664,33742
202207,'334,モントセラト（英）,2410,13489,-,1022
202207,'335,セントクリストファー・ネービス,80529,433001,-,0
202207,'336,セントビンセント,19856,331546,367582,426197
202207,'337,英領アンギラ,11551,191143,-,0
202207,'338,サン・バルテルミー島（仏）,-,108774,-,1391
202207,'401,コロンビア,15437350,97602883,13581971,67844924
202207,'402,ベネズエラ,453474,2422298,267037,2140796
202207,'403,ガイアナ,415420,6526934,4292,506054
202207,'404,スリナム,638449,4864739,77401,276056
202207,'405,仏領ギアナ,61405,302770,-,0
202207,'406,エクアドル,4724690,39939531,29888399,157194578
202207,'407,ペルー,8372248,52427679,39064094,230029920
202207,'408,ボリビア,2123801,9035507,3282926,40144633
202207,'409,チリ,23106747,135874156,76373624,542987451
202207,'410,ブラジル,50607328,327897289,96818060,711744425
202207,'411,パラグアイ,931282,6599139,140923,1837079
202207,'412,ウルグアイ,818429,4794649,631761,5619949
202207,'413,アルゼンチン,11069341,67893953,15524540,68221682
202207,'414,フォークランド諸島及びその附属諸島（英）,-,0,18305,38160
202207,'501,モロッコ,2052020,15251098,9102756,37635742
202207,'502,セウタ及びメリリア（西）,-,16139,1362,12847
202207,'503,アルジェリア,220134,17742736,9770961,32919610
202207,'504,チュニジア,380789,8868736,1044674,13555146
202207,'505,リビア,404802,3298235,-,0
202207,'506,エジプト,11176469,67522104,1086181,20950755
202207,'507,スーダン,667534,3688942,265007,1073301
202207,'509,モーリタニア,307023,1615342,591695,9594867
202207,'510,セネガル,431200,5263915,409129,2152666
202207,'511,ガンビア,21758,154530,-,542
202207,'512,ギニア・ビサウ,1462,111271,-,0
202207,'513,ギニア,59626,510505,50665,565609
202207,'514,シエラレオネ,47988,1108535,1671707,2867865
202207,'515,リベリア,49939786,236596308,1669,63851
202207,'516,コートジボワール,872056,4394115,194290,1296843
202207,'517,ガーナ,832363,8907034,2813525,13095054
202207,'518,トーゴ,408031,2569294,163615,1506434
202207,'519,ベナン,7098,242776,-,48544
202207,'520,マリ,111582,632709,252480,765873
202207,'521,ブルキナファソ,161801,670755,497704,3628292
202207,'522,カーボベルデ,38277,233496,-,778
202207,'523,カナリー諸島（西）,243195,1686617,-,5455
202207,'524,ナイジェリア,3555977,18641096,34432639,72884017
202207,'525,ニジェール,50337,244085,3286,84963
202207,'526,ルワンダ,37513,857395,121293,829268
202207,'527,カメルーン,425765,2569440,115496,532702
202207,'528,チャド,29841,104293,-,15261
202207,'529,中央アフリカ,4603,229430,6989,47733
202207,'530,赤道ギニア,1224,13688,-,7493141
202207,'531,ガボン,195962,1828764,279458,4821584
202207,'532,コンゴ共和国,17190,152845,34267,317134
202207,'533,コンゴ民主共和国,1174947,7540353,1126556,1892859
202207,'534,ブルンジ,188942,965245,2074,121058
202207,'535,アンゴラ,423598,3387255,-,5923161
202207,'536,サントメ・プリンシペ,-,5366,-,561
202207,'537,セントヘレナ及びその附属諸島（英）,-,1664,81323,233007
202207,'538,エチオピア,580707,4012647,1706791,12901105
202207,'539,ジブチ,502646,6325166,-,0
202207,'540,ソマリア,10919,108507,5809,400075
202207,'541,ケニア,11259270,75326348,501687,5040295
202207,'542,ウガンダ,1993771,16265821,127337,998677
202207,'543,タンザニア,5522966,34808618,1107621,13772062
202207,'544,セーシェル,105826,499926,403391,5736132
202207,'545,モザンビーク,1467531,10519822,214329,9822284
202207,'546,マダガスカル,218627,1247484,7024939,31002988
202207,'547,モーリシャス,1507653,7456296,710215,1041875
202207,'548,レユニオン（仏）,206987,1255418,89663,115540
202207,'549,ジンバブエ,613591,3067432,194072,1988788
202207,'550,ナミビア,189409,1980857,376479,1313528
202207,'551,南アフリカ共和国,28680418,178093074,107213504,724923384
202207,'552,レソト,81526,552521,2547,91769
202207,'553,マラウイ,599536,2531594,72703,617168
202207,'554,ザンビア,1122352,7355638,179898,2201126
202207,'555,ボツワナ,106706,927818,449092,3790288
202207,'556,エスワティニ,567449,877968,13718,150034
202207,'558,コモロ,61665,119111,-,9791
202207,'559,エリトリア,1103,23429,-,1622812
202207,'560,南スーダン,164148,952585,-,6546515
202207,'601,オーストラリア,175299137,1177792762,1072084853,5885916677
202207,'602,パプアニューギニア,1868872,15136465,67006165,321954281
202207,'605,その他のオーストラリア領,8754,58268,584,4928
202207,'606,ニュージーランド,31095763,224049960,33136578,230624921
202207,'607,クック,25777,139035,98045,919048
202207,'608,トケラウ諸島（ニュージーランド）,-,1840,1749,5722
202207,'609,ニウエ,28185,361512,-,1040
202207,'610,サモア,72883,585235,2555,6045
202207,'611,バヌアツ,23143,441045,324632,4626299
202207,'612,フィジー,529353,4034469,479748,1712807
202207,'613,ソロモン,60066,733048,32921,64159
202207,'614,トンガ,253730,837853,-,26690
202207,'615,キリバス,24604,803427,92807,795389
202207,'617,ナウル,25644,746476,73753,306696
202207,'618,ニューカレドニア（仏）,341225,2493551,7231907,27316505
202207,'619,仏領ポリネシア,135775,1366005,680057,2719556
202207,'620,グアム（米）,736965,14211361,6974,121097
202207,'621,米領サモア,24873,283323,1002,15990
202207,'622,米領オセアニア,-,0,-,11398
202207,'624,ツバル,125000,1064010,4867,46036
202207,'625,マーシャル,13249157,97781457,-,527360
202207,'626,ミクロネシア,87946,928771,95500,565644
202207,'627,北マリアナ諸島（米）,152008,3126609,-,206
202207,'628,パラオ,121782,622964,31823,94495
202207,'702,不明,-,0,53717,265520
202208,'103,大韓民国,574811325,4644723006,393106734,2852660485
202208,'104,北朝鮮,-,0,-,401
202208,'105,中華人民共和国,1611521786,12302362897,2193293710,15799083273
202208,'106,台湾,526762818,4482300162,442499534,3211131974
202208,'107,モンゴル,4921209,42500773,352696,3239247
202208,'108,香港,352948332,2874195836,10025897,88484079
202208,'110,ベトナム,200120915,1550420409,339247917,2189151226
202208,'111,タイ,342431702,2752964363,308614500,2271137754
202208,'112,シンガポール,261625229,1946736768,119308666,845943409
202208,'113,マレーシア,186229385,1408452191,312565516,2133098946
202208,'116,ブルネイ,494627,4925608,21682920,219362121
202208,'117,フィリピン,132054849,1038989697,127479653,936817421
202208,'118,インドネシア,162199510,1240093063,374947954,2375733413
202208,'120,カンボジア,5807222,42846115,28801481,157949260
202208,'121,ラオス,971917,8677742,2070058,16861599
202208,'122,ミャンマー,4044073,39603281,19945304,107164495
202208,'123,インド,156792538,1123061481,75757191,572719410
202208,'124,パキスタン,15302880,163046003,3373632,24640714
202208,'125,スリランカ,1752984,19437549,4334345,24237252
202208,'126,モルディブ,248335,2694294,48583,301211
202208,'127,バングラデシュ,39902319,239873947,21192475,138465762
202208,'128,東ティモール,119358,796651,3363674,7572447
202208,'129,マカオ,4925165,35455204,123060,2083733
202208,'130,アフガニスタン,130054,816948,2838,27741
202208,'131,ネパール,265862,2563249,223441,867910
202208,'132,ブータン,77928,376929,18206,37526
202208,'133,イラン,620724,4509351,373929,3197216
202208,'134,イラク,7270530,49523622,5397,25846
202208,'135,バーレーン,4089706,35459893,15327173,132200729
202208,'137,サウジアラビア,43134847,378542041,550587038,3578139801
202208,'138,クウェート,14065422,120816807,133420773,859349877
202208,'140,カタール,9231845,96499621,223568409,1202976569
202208,'141,オマーン,10522609,94901316,31564228,286748755
202208,'143,イスラエル,11495924,114395178,15728555,101062184
202208,'144,ヨルダン,2798521,44511587,576977,10605606
202208,'145,シリア,35069,347946,777,44472
202208,'146,レバノン,1568534,14327103,18098,217183
202208,'147,アラブ首長国連邦,75556581,657040262,645440111,3727264568
202208,'149,イエメン,2700118,21226703,99262,490960
202208,'150,アゼルバイジャン,926051,4745216,222983,913754
202208,'151,アルメニア,485838,1383366,478983,1878527
202208,'152,ウズベキスタン,2613946,24861036,832462,4007064
202208,'153,カザフスタン,5382363,55082517,12033749,81376386
202208,'154,キルギス,515242,3079004,21762,190184
202208,'155,タジキスタン,348022,1999471,-,212164
202208,'156,トルクメニスタン,647711,2534116,4691,15367
202208,'157,ジョージア,1712548,22626556,305016,1620248
202208,'158,ヨルダン川西岸及びガザ,16916,275441,274,46851
202208,'201,アイスランド,882929,7153812,3744821,16683132
202208,'202,ノルウェー,8574114,71205031,15861076,138568344
202208,'203,スウェーデン,17233484,114544328,28855051,305519441
202208,'204,デンマーク,5897661,45476147,25026397,212428503
202208,'205,英国,110380472,921442395,89132952,567996591
202208,'206,アイルランド,15448805,236175028,59600287,589585955
202208,'207,オランダ,124188259,1005935843,41912982,292098805
202208,'208,ベルギー,75556705,620079143,27768047,394879630
202208,'209,ルクセンブルク,7671079,60341752,910214,6643094
202208,'210,フランス,64403620,526922419,95194913,841533301
202208,'211,モナコ,783,136349,24886,176863
202208,'212,アンドラ,21870,56497,393,71815
202208,'213,ドイツ,207712855,1657268100,236945922,1901344772
202208,'215,スイス,45169756,331295096,83562595,683667107
202208,'217,ポルトガル,4825829,53245751,5202821,36160992
202208,'218,スペイン,26080467,209943278,44879132,602270371
202208,'219,ジブラルタル（英）,1280958,10802895,591,7745
202208,'220,イタリア,46441723,437608252,143048600,1043830056
202208,'221,マルタ,1060337,22568112,699635,15889087
202208,'222,フィンランド,5077292,38208949,30151671,196895819
202208,'223,ポーランド,45584669,336020553,14289065,112594247
202208,'224,ロシア,54932447,384554692,165258835,1437214127
202208,'225,オーストリア,14196613,111833489,27625289,190215603
202208,'227,ハンガリー,15444439,123912966,13138284,88550725
202208,'228,セルビア,605240,4536825,4330165,53610800
202208,'229,アルバニア,44019,185053,1929900,5409408
202208,'230,ギリシャ,2132415,21366403,9172355,65184366
202208,'231,ルーマニア,5014439,38102850,15564514,95666800
202208,'232,ブルガリア,2194761,15400610,1880950,11069733
202208,'233,キプロス,2640522,18100014,8067,43477
202208,'234,トルコ,27991206,257105651,14497882,89994966
202208,'235,エストニア,2340054,19659316,3816682,18601143
202208,'236,ラトビア,390384,2797522,1740663,10844043
202208,'237,リトアニア,955028,7639952,1833749,11745560
202208,'238,ウクライナ,1003793,23323823,1508690,40814347
202208,'239,ベラルーシ,153790,1069651,100791,945599
202208,'240,モルドバ,21786,746708,510919,1965263
202208,'241,クロアチア,780433,5923993,542082,8552615
202208,'242,スロベニア,2266400,16521180,1668379,16452117
202208,'243,ボスニア・ヘルツェゴビナ,26140,233450,198695,926911
202208,'244,北マケドニア,141727,1267112,89333,1205451
202208,'245,チェコ,24271196,186055951,15873636,134518304
202208,'246,スロバキア,2049460,12067948,6469829,34573693
202208,'247,モンテネグロ,38022,318605,2047,34102
202208,'248,コソボ,34264,185088,2831,14715
202208,'249,フェロー諸島（デンマーク）,-,6385,59052,658952
202208,'250,バチカン,-,0,-,1052
202208,'301,グリーンランド（デンマーク）,-,1153,840944,6575723
202208,'302,カナダ,97716513,737581813,247078472,1425345405
202208,'303,サンピエール及びミクロン（仏）,-,0,-,499
202208,'304,アメリカ合衆国,1539303767,11345509804,1070481791,7486470545
202208,'305,メキシコ,118304296,861606337,69253009,558132554
202208,'306,グアテマラ,3139268,26590787,2808199,19839865
202208,'307,ホンジュラス,1626676,13207426,2411269,10621393
202208,'308,ベリーズ,83450,1721889,36798,412623
202208,'309,エルサルバドル,1756237,14414127,368892,2420357
202208,'310,ニカラグア,844922,7091851,318812,2906990
202208,'311,コスタリカ,6158519,37248077,5021116,38721785
202208,'312,パナマ,41469747,297580929,7677093,84458614
202208,'314,バーミュダ（英）,229678,983599,818,3452
202208,'315,バハマ,6347930,20669593,33173,39311
202208,'316,ジャマイカ,3770033,20397287,162329,1180171
202208,'317,タークス及びカイコス諸島（英）,70594,470475,-,751
202208,'319,バルバドス,287867,3048148,486,12966
202208,'320,トリニダード・トバゴ,1507917,7898617,1057121,17628066
202208,'321,キューバ,54233,1108542,190091,658075
202208,'322,ハイチ,389890,1848669,56405,366819
202208,'323,ドミニカ共和国,3465773,25349762,1558204,9435591
202208,'324,プエルトリコ（米）,10861414,78716700,15525644,131643016
202208,'325,米領バージン諸島,7690,228872,-,359
202208,'326,蘭領アンティール,111680,2077760,1863,3591
202208,'327,仏領西インド諸島,591700,2084842,3907,24444
202208,'328,ケイマン諸島（英）,219479,1327912,3284,3284
202208,'329,グレナダ,72379,572162,-,0
202208,'330,セントルシア,100567,971731,-,995
202208,'331,アンティグア・バーブーダ,92575,824355,-,32394
202208,'332,英領バージン諸島,9208,219030,201,933
202208,'333,ドミニカ,32629,375108,-,33742
202208,'334,モントセラト（英）,765,14254,-,1022
202208,'335,セントクリストファー・ネービス,43812,476813,-,0
202208,'336,セントビンセント,58519,390065,-,426197
202208,'337,英領アンギラ,22082,213225,-,0
202208,'338,サン・バルテルミー島（仏）,-,108774,-,1391
202208,'401,コロンビア,17851354,115454237,15180061,83024985
202208,'402,ベネズエラ,254528,2676826,197878,2338674
202208,'403,ガイアナ,1193780,7720714,3836,509890
202208,'404,スリナム,683149,5547888,83963,360019
202208,'405,仏領ギアナ,93613,396383,-,0
202208,'406,エクアドル,5700216,45639747,28851852,186046430
202208,'407,ペルー,8667689,61095368,22651264,252681184
202208,'408,ボリビア,1230477,10265984,7190803,47335436
202208,'409,チリ,24671008,160545164,93592979,636580430
202208,'410,ブラジル,49258208,377155497,136565596,848310021
202208,'411,パラグアイ,955339,7554478,264796,2101875
202208,'412,ウルグアイ,970268,5764917,1069429,6689378
202208,'413,アルゼンチン,10221329,78115282,17485014,85706696
202208,'414,フォークランド諸島及びその附属諸島（英）,-,0,18515,56675
202208,'501,モロッコ,2860011,18111109,2608118,40243860
202208,'502,セウタ及びメリリア（西）,3465,19604,-,12847
202208,'503,アルジェリア,2751791,20494527,1323426,34243036
202208,'504,チュニジア,1300524,10169260,895134,14450280
202208,'505,リビア,583580,3881815,-,0
202208,'506,エジプト,7882086,75404190,676708,21627463
202208,'507,スーダン,505967,4194909,270474,1343775
202208,'509,モーリタニア,63074,1678416,1790833,11385700
202208,'510,セネガル,400407,5664322,625734,2778400
202208,'511,ガンビア,34510,189040,-,542
202208,'512,ギニア・ビサウ,-,111271,-,0
202208,'513,ギニア,65391,575896,223773,789382
202208,'514,シエラレオネ,45361,1153896,247,2868112
202208,'515,リベリア,21207650,257803958,-,63851
202208,'516,コートジボワール,386838,4780953,51831,1348674
202208,'517,ガーナ,825747,9732781,1945942,15040996
202208,'518,トーゴ,58526,2627820,430730,1937164
202208,'519,ベナン,20180,262956,-,48544
202208,'520,マリ,357725,990434,4471,770344
202208,'521,ブルキナファソ,228922,899677,660599,4288891
202208,'522,カーボベルデ,74500,307996,-,778
202208,'523,カナリー諸島（西）,247868,1934485,307,5762
202208,'524,ナイジェリア,2266440,20907536,48290167,121174184
202208,'525,ニジェール,48546,292631,791,85754
202208,'526,ルワンダ,66245,923640,603744,1433012
202208,'527,カメルーン,374819,2944259,97211,629913
202208,'528,チャド,39277,143570,4660,19921
202208,'529,中央アフリカ,8768,238198,15429,63162
202208,'530,赤道ギニア,-,13688,-,7493141
202208,'531,ガボン,470881,2299645,812081,5633665
202208,'532,コンゴ共和国,73123,225968,18476,335610
202208,'533,コンゴ民主共和国,1114190,8654543,366635,2259494
202208,'534,ブルンジ,352403,1317648,6282,127340
202208,'535,アンゴラ,274809,3662064,104015,6027176
202208,'536,サントメ・プリンシペ,-,5366,-,561
202208,'537,セントヘレナ及びその附属諸島（英）,-,1664,44669,277676
202208,'538,エチオピア,304041,4316688,1809924,14711029
202208,'539,ジブチ,989722,7314888,-,0
202208,'540,ソマリア,77380,185887,17942,418017
202208,'541,ケニア,9652517,84978865,542598,5582893
202208,'542,ウガンダ,2178072,18443893,88671,1087348
202208,'543,タンザニア,4291583,39100201,1339129,15111191
202208,'544,セーシェル,116853,616779,635018,6371150
202208,'545,モザンビーク,1120886,11640708,146595,9968879
202208,'546,マダガスカル,136888,1384372,4390669,35393657
202208,'547,モーリシャス,1504621,8960917,92873,1134748
202208,'548,レユニオン（仏）,170338,1425756,45961,161501
202208,'549,ジンバブエ,568533,3635965,243897,2232685
202208,'550,ナミビア,131428,2112285,194530,1508058
202208,'551,南アフリカ共和国,22411288,200504362,117955877,842879261
202208,'552,レソト,54488,607009,2675,94444
202208,'553,マラウイ,641227,3172821,89310,706478
202208,'554,ザンビア,1092482,8448120,247615,2448741
202208,'555,ボツワナ,126374,1054192,515885,4306173
202208,'556,エスワティニ,103671,981639,34925,184959
202208,'558,コモロ,9863,128974,508,10299
202208,'559,エリトリア,-,23429,-,1622812
202208,'560,南スーダン,158418,1111003,-,6546515
202208,'601,オーストラリア,203508640,1381301402,1162560039,7048476716
202208,'602,パプアニューギニア,1583351,16719816,38621271,360575552
202208,'605,その他のオーストラリア領,848,59116,1378,6306
202208,'606,ニュージーランド,27742332,251792292,38434986,269059907
202208,'607,クック,10702,149737,162854,1081902
202208,'608,トケラウ諸島（ニュージーランド）,-,1840,330,6052
202208,'609,ニウエ,600272,961784,-,1040
202208,'610,サモア,169315,754550,-,6045
202208,'611,バヌアツ,88569,529614,686591,5312890
202208,'612,フィジー,934082,4968551,904579,2617386
202208,'613,ソロモン,161008,894056,-,64159
202208,'614,トンガ,141796,979649,5364,32054
202208,'615,キリバス,55415,858842,53227,848616
202208,'617,ナウル,-,746476,2810,309506
202208,'618,ニューカレドニア（仏）,790979,3284530,3888495,31205000
202208,'619,仏領ポリネシア,452476,1818481,196545,2916101
202208,'620,グアム（米）,1052874,15264235,4148,125245
202208,'621,米領サモア,40592,323915,470,16460
202208,'622,米領オセアニア,-,0,639,12037
202208,'624,ツバル,131748,1195758,10681,56717
202208,'625,マーシャル,15622441,113403898,22253,549613
202208,'626,ミクロネシア,239962,1168733,38345,603989
202208,'627,北マリアナ諸島（米）,253093,3379702,-,206
202208,'628,パラオ,258137,881101,14692,109187
202208,'702,不明,-,0,45142,310662
202209,'103,大韓民国,603788054,5248511060,406879860,3259540345
202209,'104,北朝鮮,-,0,-,401
202209,'105,中華人民共和国,1731468110,14033831007,2310408507,18109491780
202209,'106,台湾,561215245,5043515407,453563615,3664695589
202209,'107,モンゴル,3777899,46278672,322641,3561888
202209,'108,香港,377607133,3251802969,10699709,99183788
202209,'110,ベトナム,226979212,1777399621,305963693,2495114919
202209,'111,タイ,378945653,3131910016,298507111,2569644865
202209,'112,シンガポール,266119879,2212856647,103949290,949892699
202209,'113,マレーシア,205689690,1614141881,360814904,2493913850
202209,'116,ブルネイ,687056,5612664,27033612,246395733
202209,'117,フィリピン,152914320,1191904017,125860804,1062678225
202209,'118,インドネシア,180280099,1420373162,321079921,2696813334
202209,'120,カンボジア,6612933,49459048,30757129,188706389
202209,'121,ラオス,1450590,10128332,1988205,18849804
202209,'122,ミャンマー,4189290,43792571,27128731,134293226
202209,'123,インド,173412535,1296474016,69250015,641969425
202209,'124,パキスタン,13650721,176696724,3705371,28346085
202209,'125,スリランカ,1760680,21198229,3493933,27731185
202209,'126,モルディブ,389917,3084211,18118,319329
202209,'127,バングラデシュ,39282570,279156517,24051088,162516850
202209,'128,東ティモール,143013,939664,802202,8374649
202209,'129,マカオ,5958693,41413897,131453,2215186
202209,'130,アフガニスタン,139232,956180,4997,32738
202209,'131,ネパール,628825,3192074,181251,1049161
202209,'132,ブータン,45462,422391,18556,56082
202209,'133,イラン,350967,4860318,434139,3631355
202209,'134,イラク,7109495,56633117,556,26402
202209,'135,バーレーン,5744029,41203922,13050339,145251068
202209,'137,サウジアラビア,63667798,442209839,517941340,4096081141
202209,'138,クウェート,22808221,143625028,89700319,949050196
202209,'140,カタール,14640530,111140151,191413313,1394389882
202209,'141,オマーン,13676939,108578255,18651470,305400225
202209,'143,イスラエル,19169894,133565072,19434367,120496551
202209,'144,ヨルダン,5599194,50110781,3814468,14420074
202209,'145,シリア,22673,370619,11964,56436
202209,'146,レバノン,1976330,16303433,2457,219640
202209,'147,アラブ首長国連邦,99700978,756741240,698675999,4425940567
202209,'149,イエメン,2515766,23742469,94311,585271
202209,'150,アゼルバイジャン,399579,5144795,105358,1019112
202209,'151,アルメニア,150567,1533933,540678,2419205
202209,'152,ウズベキスタン,1800223,26661259,596678,4603742
202209,'153,カザフスタン,5904597,60987114,6787348,88163734
202209,'154,キルギス,368089,3447093,14098,204282
202209,'155,タジキスタン,478667,2478138,55218,267382
202209,'156,トルクメニスタン,747972,3282088,-,15367
202209,'157,ジョージア,2995174,25621730,186498,1806746
202209,'158,ヨルダン川西岸及びガザ,7980,283421,1842,48693
202209,'201,アイスランド,371605,7525417,2496847,19179979
202209,'202,ノルウェー,12240804,83445835,14485953,153054297
202209,'203,スウェーデン,17819442,132363770,34700087,340219528
202209,'204,デンマーク,7328544,52804691,23520180,235948683
202209,'205,英国,131586783,1053029178,81769550,649766141
202209,'206,アイルランド,19358162,255533190,63700298,653286253
202209,'207,オランダ,144940154,1150875997,46367805,338466610
202209,'208,ベルギー,72122101,692201244,130710114,525589744
202209,'209,ルクセンブルク,7047022,67388774,898806,7541900
202209,'210,フランス,73481855,600404274,101194228,942727529
202209,'211,モナコ,3993,140342,27492,204355
202209,'212,アンドラ,442,56939,36352,108167
202209,'213,ドイツ,236653954,1893922054,251963493,2153308265
202209,'215,スイス,39016730,370311826,94157382,777824489
202209,'217,ポルトガル,5460106,58705857,7509797,43670789
202209,'218,スペイン,38260304,248203582,86292751,688563122
202209,'219,ジブラルタル（英）,1660718,12463613,-,7745
202209,'220,イタリア,62059029,499667281,132769890,1176599946
202209,'221,マルタ,3886045,26454157,310590,16199677
202209,'222,フィンランド,5637353,43846302,22860409,219756228
202209,'223,ポーランド,55169939,391190492,16579069,129173316
202209,'224,ロシア,46688979,431243671,128226183,1565440310
202209,'225,オーストリア,14502550,126336039,25546481,215762084
202209,'227,ハンガリー,13697267,137610233,16973319,105524044
202209,'228,セルビア,392787,4929612,3965298,57576098
202209,'229,アルバニア,33985,219038,1124359,6533767
202209,'230,ギリシャ,5859789,27226192,8015519,73199885
202209,'231,ルーマニア,5287747,43390597,13845325,109512125
202209,'232,ブルガリア,2150225,17550835,1879084,12948817
202209,'233,キプロス,1640835,19740849,15887,59364
202209,'234,トルコ,37415199,294520850,11291715,101286681
202209,'235,エストニア,2103518,21762834,1445425,20046568
202209,'236,ラトビア,346317,3143839,1337656,12181699
202209,'237,リトアニア,963618,8603570,1997208,13742768
202209,'238,ウクライナ,1668427,24992250,2386914,43201261
202209,'239,ベラルーシ,84810,1154461,117259,1062858
202209,'240,モルドバ,22443,769151,441132,2406395
202209,'241,クロアチア,857843,6781836,254050,8806665
202209,'242,スロベニア,1798310,18319490,1971766,18423883
202209,'243,ボスニア・ヘルツェゴビナ,14732,248182,133871,1060782
202209,'244,北マケドニア,161164,1428276,142092,1347543
202209,'245,チェコ,27331133,213387084,18701850,153220154
202209,'246,スロバキア,1458280,13526228,4042668,38616361
202209,'247,モンテネグロ,39607,358212,-,34102
202209,'248,コソボ,17258,202346,3064,17779
202209,'249,フェロー諸島（デンマーク）,-,6385,105082,764034
202209,'250,バチカン,-,0,-,1052
202209,'301,グリーンランド（デンマーク）,-,1153,940682,7516405
202209,'302,カナダ,97967873,835549686,172629227,1597974632
202209,'303,サンピエール及びミクロン（仏）,-,0,-,499
202209,'304,アメリカ合衆国,1677803954,13023313758,1074954285,8561424830
202209,'305,メキシコ,146229119,1007835456,66238407,624370961
202209,'306,グアテマラ,4475185,31065972,2758551,22598416
202209,'307,ホンジュラス,1568787,14776213,1983658,12605051
202209,'308,ベリーズ,170644,1892533,11707,424330
202209,'309,エルサルバドル,1988557,16402684,346264,2766621
202209,'310,ニカラグア,779923,7871774,322020,3229010
202209,'311,コスタリカ,5840505,43088582,4863601,43585386
202209,'312,パナマ,46201278,343782207,13104080,97562694
202209,'314,バーミュダ（英）,109028,1092627,-,3452
202209,'315,バハマ,564528,21234121,-,39311
202209,'316,ジャマイカ,3020689,23417976,212340,1392511
202209,'317,タークス及びカイコス諸島（英）,93401,563876,-,751
202209,'319,バルバドス,559993,3608141,1921,14887
202209,'320,トリニダード・トバゴ,1549440,9448057,1587288,19215354
202209,'321,キューバ,68291,1176833,82776,740851
202209,'322,ハイチ,219996,2068665,55390,422209
202209,'323,ドミニカ共和国,4303950,29653712,1612099,11047690
202209,'324,プエルトリコ（米）,6096168,84812868,21885228,153528244
202209,'325,米領バージン諸島,16479,245351,-,359
202209,'326,蘭領アンティール,340313,2418073,358,3949
202209,'327,仏領西インド諸島,361483,2446325,-,24444
202209,'328,ケイマン諸島（英）,165500,1493412,-,3284
202209,'329,グレナダ,104443,676605,-,0
202209,'330,セントルシア,110054,1081785,-,995
202209,'331,アンティグア・バーブーダ,111214,935569,-,32394
202209,'332,英領バージン諸島,20628,239658,-,933
202209,'333,ドミニカ,33357,408465,8642,42384
202209,'334,モントセラト（英）,5454,19708,-,1022
202209,'335,セントクリストファー・ネービス,50825,527638,-,0
202209,'336,セントビンセント,39318,429383,2310,428507
202209,'337,英領アンギラ,19594,232819,-,0
202209,'338,サン・バルテルミー島（仏）,1377,110151,-,1391
202209,'401,コロンビア,18037681,133491918,9394370,92419355
202209,'402,ベネズエラ,567646,3244472,155595,2494269
202209,'403,ガイアナ,639788,8360502,3528,513418
202209,'404,スリナム,903256,6451144,34982,395001
202209,'405,仏領ギアナ,76808,473191,856,856
202209,'406,エクアドル,5070152,50709899,19532088,205578518
202209,'407,ペルー,9268318,70363686,30456010,283137194
202209,'408,ボリビア,1536976,11802960,2382868,49718304
202209,'409,チリ,20933461,181478625,72164606,708745036
202209,'410,ブラジル,47867392,425022889,135624277,983934298
202209,'411,パラグアイ,753817,8308295,352729,2454604
202209,'412,ウルグアイ,685776,6450693,667113,7356491
202209,'413,アルゼンチン,13593372,91708654,22375883,108082579
202209,'414,フォークランド諸島及びその附属諸島（英）,-,0,20791,77466
202209,'501,モロッコ,2940904,21052013,1812351,42056211
202209,'502,セウタ及びメリリア（西）,-,19604,6021,18868
202209,'503,アルジェリア,2914896,23409423,2921783,37164819
202209,'504,チュニジア,603580,10772840,913233,15363513
202209,'505,リビア,685663,4567478,-,0
202209,'506,エジプト,6967793,82371983,892145,22519608
202209,'507,スーダン,845504,5040413,115827,1459602
202209,'509,モーリタニア,535456,2213872,3481939,14867639
202209,'510,セネガル,1960313,7624635,315616,3094016
202209,'511,ガンビア,23353,212393,-,542
202209,'512,ギニア・ビサウ,65627,176898,-,0
202209,'513,ギニア,100988,676884,82186,871568
202209,'514,シエラレオネ,57453,1211349,283,2868395
202209,'515,リベリア,38055771,295859729,-,63851
202209,'516,コートジボワール,1144064,5925017,159324,1507998
202209,'517,ガーナ,772217,10504998,1413806,16454802
202209,'518,トーゴ,372547,3000367,183762,2120926
202209,'519,ベナン,25159,288115,-,48544
202209,'520,マリ,194916,1185350,109862,880206
202209,'521,ブルキナファソ,44456,944133,743098,5031989
202209,'522,カーボベルデ,95056,403052,-,778
202209,'523,カナリー諸島（西）,351673,2286158,1306,7068
202209,'524,ナイジェリア,2181973,23089509,11958018,133132202
202209,'525,ニジェール,20017,312648,1219,86973
202209,'526,ルワンダ,252181,1175821,35094,1468106
202209,'527,カメルーン,198137,3142396,160384,790297
202209,'528,チャド,56176,199746,431,20352
202209,'529,中央アフリカ,26888,265086,22131,85293
202209,'530,赤道ギニア,29753,43441,6891543,14384684
202209,'531,ガボン,253783,2553428,1270226,6903891
202209,'532,コンゴ共和国,9149,235117,18112,353722
202209,'533,コンゴ民主共和国,1119932,9774475,293746,2553240
202209,'534,ブルンジ,155350,1472998,241,127581
202209,'535,アンゴラ,2049698,5711762,56041,6083217
202209,'536,サントメ・プリンシペ,57600,62966,278,839
202209,'537,セントヘレナ及びその附属諸島（英）,1535,3199,5176,282852
202209,'538,エチオピア,1241774,5558462,997406,15708435
202209,'539,ジブチ,444993,7759881,-,0
202209,'540,ソマリア,25318,211205,561,418578
202209,'541,ケニア,8563617,93542482,648402,6231295
202209,'542,ウガンダ,2250853,20694746,56153,1143501
202209,'543,タンザニア,4996732,44096933,560085,15671276
202209,'544,セーシェル,112777,729556,482974,6854124
202209,'545,モザンビーク,1284624,12925332,103973,10072852
202209,'546,マダガスカル,129811,1514183,3213377,38607034
202209,'547,モーリシャス,1390701,10351618,117385,1252133
202209,'548,レユニオン（仏）,234260,1660016,5780,167281
202209,'549,ジンバブエ,575520,4211485,456821,2689506
202209,'550,ナミビア,164761,2277046,300393,1808451
202209,'551,南アフリカ共和国,26288318,226792680,124559259,967438520
202209,'552,レソト,48290,655299,838,95282
202209,'553,マラウイ,395497,3568318,179794,886272
202209,'554,ザンビア,1244384,9692504,258976,2707717
202209,'555,ボツワナ,96838,1151030,600157,4906330
202209,'556,エスワティニ,146592,1128231,31125,216084
202209,'558,コモロ,10930,139904,1240,11539
202209,'559,エリトリア,-,23429,449,1623261
202209,'560,南スーダン,184818,1295821,-,6546515
202209,'601,オーストラリア,218204836,1599506238,1197144866,8245621582
202209,'602,パプアニューギニア,2259692,18979508,75620770,436196322
202209,'605,その他のオーストラリア領,840,59956,331,6637
202209,'606,ニュージーランド,41948562,293740854,37374207,306434114
202209,'607,クック,24576,174313,129601,1211503
202209,'608,トケラウ諸島（ニュージーランド）,914,2754,-,6052
202209,'609,ニウエ,63277,1025061,-,1040
202209,'610,サモア,101628,856178,14468,20513
202209,'611,バヌアツ,11791,541405,441081,5753971
202209,'612,フィジー,553148,5521699,209538,2826924
202209,'613,ソロモン,104792,998848,-,64159
202209,'614,トンガ,95640,1075289,3647,35701
202209,'615,キリバス,70024,928866,424881,1273497
202209,'617,ナウル,28159,774635,37307,346813
202209,'618,ニューカレドニア（仏）,675515,3960045,3392978,34597978
202209,'619,仏領ポリネシア,156834,1975315,326195,3242296
202209,'620,グアム（米）,1302362,16566597,3708,128953
202209,'621,米領サモア,12225,336140,583,17043
202209,'622,米領オセアニア,-,0,-,12037
202209,'624,ツバル,371513,1567271,4612,61329
202209,'625,マーシャル,9564332,122968230,30034,579647
202209,'626,ミクロネシア,205103,1373836,103615,707604
202209,'627,北マリアナ諸島（米）,209158,3588860,-,206
202209,'628,パラオ,133749,1014850,8678,117865
202209,'702,不明,-,0,15485,326147
202210,'103,大韓民国,624422958,5872934018,413774086,3673314431
202210,'104,北朝鮮,-,0,-,401
202210,'105,中華人民共和国,1720357335,15754188342,2394471921,20503963701
202210,'106,台湾,601663413,5645178820,508062502,4172758091
202210,'107,モンゴル,6318254,52596926,244264,3806152
202210,'108,香港,376380173,3628183142,10111691,109295479
202210,'110,ベトナム,240385458,2017785079,346813294,2841928213
202210,'111,タイ,393513320,3525423336,337038148,2906683013
202210,'112,シンガポール,239595489,2452452136,122004499,1071897198
202210,'113,マレーシア,194981995,1809123876,303168915,2797082765
202210,'116,ブルネイ,359102,5971766,19912552,266308285
202210,'117,フィリピン,138071691,1329975708,129727829,1192406054
202210,'118,インドネシア,189181960,1609555122,368131095,3064944429
202210,'120,カンボジア,6187666,55646714,24129152,212835541
202210,'121,ラオス,1117698,11246030,1953813,20803617
202210,'122,ミャンマー,5437331,49229902,26229160,160522386
202210,'123,インド,172576401,1469050417,82691948,724661373
202210,'124,パキスタン,9054523,185751247,3044517,31390602
202210,'125,スリランカ,1875806,23074035,4333445,32064630
202210,'126,モルディブ,346114,3430325,18511,337840
202210,'127,バングラデシュ,19774510,298931027,22658793,185175643
202210,'128,東ティモール,87058,1026722,17577,8392226
202210,'129,マカオ,7302820,48716717,179033,2394219
202210,'130,アフガニスタン,170778,1126958,3018,35756
202210,'131,ネパール,172246,3364320,154297,1203458
202210,'132,ブータン,11741,434132,2036,58118
202210,'133,イラン,650877,5511195,419202,4050557
202210,'134,イラク,8560572,65193689,301,26703
202210,'135,バーレーン,5409303,46613225,5205690,150456758
202210,'137,サウジアラビア,79871544,522081383,473599401,4569680542
202210,'138,クウェート,17381095,161006123,141096031,1090146227
202210,'140,カタール,18392963,129533114,127176434,1521566316
202210,'141,オマーン,13692668,122270923,35506227,340906452
202210,'143,イスラエル,15181709,148746781,16663647,137160198
202210,'144,ヨルダン,5451259,55562040,4072480,18492554
202210,'145,シリア,79385,450004,12909,69345
202210,'146,レバノン,2051564,18354997,60512,280152
202210,'147,アラブ首長国連邦,115975633,872716873,603451170,5029391737
202210,'149,イエメン,3002644,26745113,246608,831879
202210,'150,アゼルバイジャン,190282,5335077,110781,1129893
202210,'151,アルメニア,1686833,3220766,479983,2899188
202210,'152,ウズベキスタン,3912734,30573993,1015725,5619467
202210,'153,カザフスタン,7877065,68864179,7243590,95407324
202210,'154,キルギス,473284,3920377,22587,226869
202210,'155,タジキスタン,310876,2789014,1320,268702
202210,'156,トルクメニスタン,782492,4064580,1510,16877
202210,'157,ジョージア,4181783,29803513,208900,2015646
202210,'158,ヨルダン川西岸及びガザ,61639,345060,519,49212
202210,'201,アイスランド,202749,7728166,2822394,22002373
202210,'202,ノルウェー,10668120,94113955,17692064,170746361
202210,'203,スウェーデン,19195247,151559017,35617269,375836797
202210,'204,デンマーク,8342241,61146932,24893019,260841702
202210,'205,英国,131613355,1184642533,86946472,736712613
202210,'206,アイルランド,21967323,277500513,86857416,740143669
202210,'207,オランダ,164909128,1315785125,32633292,371099902
202210,'208,ベルギー,67075364,759276608,189411328,715001072
202210,'209,ルクセンブルク,7477725,74866499,1338793,8880693
202210,'210,フランス,75173288,675577562,120245128,1062972657
202210,'211,モナコ,2667,143009,24470,228825
202210,'212,アンドラ,494,57433,241,108408
202210,'213,ドイツ,246486195,2140408249,277322292,2430630557
202210,'215,スイス,66958949,437270775,99868817,877693306
202210,'217,ポルトガル,5207468,63913325,4005943,47676732
202210,'218,スペイン,31119833,279323415,47578095,736141217
202210,'219,ジブラルタル（英）,828139,13291752,626,8371
202210,'220,イタリア,56319446,555986727,115909767,1292509713
202210,'221,マルタ,760687,27214844,224501,16424178
202210,'222,フィンランド,6579917,50426219,29386769,249142997
202210,'223,ポーランド,50797214,441987706,13089075,142262391
202210,'224,ロシア,52370964,483614635,140608086,1706048396
202210,'225,オーストリア,17446001,143782040,26041033,241803117
202210,'227,ハンガリー,17694205,155304438,17220106,122744150
202210,'228,セルビア,571563,5501175,4971209,62547307
202210,'229,アルバニア,6995,226033,919153,7452920
202210,'230,ギリシャ,5234916,32461108,9828664,83028549
202210,'231,ルーマニア,5040958,48431555,12799799,122311924
202210,'232,ブルガリア,2458866,20009701,1987966,14936783
202210,'233,キプロス,5953615,25694464,4507,63871
202210,'234,トルコ,43920649,338441499,11291165,112577846
202210,'235,エストニア,1728604,23491438,2255878,22302446
202210,'236,ラトビア,265592,3409431,2326986,14508685
202210,'237,リトアニア,1306651,9910221,2355469,16098237
202210,'238,ウクライナ,3403489,28395739,718667,43919928
202210,'239,ベラルーシ,685110,1839571,60520,1123378
202210,'240,モルドバ,23769,792920,397044,2803439
202210,'241,クロアチア,3594227,10376063,259122,9065787
202210,'242,スロベニア,2519994,20839484,2783756,21207639
202210,'243,ボスニア・ヘルツェゴビナ,15604,263786,140955,1201737
202210,'244,北マケドニア,118037,1546313,128440,1475983
202210,'245,チェコ,33776947,247164031,22733534,175953688
202210,'246,スロバキア,1599938,15126166,4492631,43108992
202210,'247,モンテネグロ,19758,377970,4585,38687
202210,'248,コソボ,12474,214820,724,18503
202210,'249,フェロー諸島（デンマーク）,-,6385,107685,871719
202210,'250,バチカン,-,0,-,1052
202210,'301,グリーンランド（デンマーク）,-,1153,924544,8440949
202210,'302,カナダ,96931122,932480808,201791478,1799766110
202210,'303,サンピエール及びミクロン（仏）,-,0,-,499
202210,'304,アメリカ合衆国,1778381733,14801695491,1061305594,9622730424
202210,'305,メキシコ,134735673,1142571129,75104948,699475909
202210,'306,グアテマラ,3463668,34529640,1346562,23944978
202210,'307,ホンジュラス,2165661,16941874,1627446,14232497
202210,'308,ベリーズ,219407,2111940,28072,452402
202210,'309,エルサルバドル,1349771,17752455,290344,3056965
202210,'310,ニカラグア,981631,8853405,417898,3646908
202210,'311,コスタリカ,6215639,49304221,5504850,49090236
202210,'312,パナマ,43437730,387219937,24343414,121906108
202210,'314,バーミュダ（英）,124141,1216768,-,3452
202210,'315,バハマ,662416,21896537,1606,40917
202210,'316,ジャマイカ,2334174,25752150,251682,1644193
202210,'317,タークス及びカイコス諸島（英）,140826,704702,216,967
202210,'319,バルバドス,605173,4213314,2280,17167
202210,'320,トリニダード・トバゴ,1742024,11190081,1215676,20431030
202210,'321,キューバ,159434,1336267,105825,846676
202210,'322,ハイチ,197849,2266514,19096,441305
202210,'323,ドミニカ共和国,5130864,34784576,1193047,12240737
202210,'324,プエルトリコ（米）,13083816,97896684,13799087,167327331
202210,'325,米領バージン諸島,12076,257427,751,1110
202210,'326,蘭領アンティール,276827,2694900,-,3949
202210,'327,仏領西インド諸島,585200,3031525,-,24444
202210,'328,ケイマン諸島（英）,229765,1723177,-,3284
202210,'329,グレナダ,151754,828359,-,0
202210,'330,セントルシア,177365,1259150,-,995
202210,'331,アンティグア・バーブーダ,152593,1088162,-,32394
202210,'332,英領バージン諸島,13425,253083,-,933
202210,'333,ドミニカ,33464,441929,1183,43567
202210,'334,モントセラト（英）,2291,21999,308,1330
202210,'335,セントクリストファー・ネービス,56427,584065,-,0
202210,'336,セントビンセント,88885,518268,-,428507
202210,'337,英領アンギラ,31175,263994,-,0
202210,'338,サン・バルテルミー島（仏）,48147,158298,-,1391
202210,'401,コロンビア,16508234,150000152,14566324,106985679
202210,'402,ベネズエラ,497127,3741599,981259,3475528
202210,'403,ガイアナ,1043479,9403981,9948,523366
202210,'404,スリナム,942015,7393159,113478,508479
202210,'405,仏領ギアナ,68262,541453,-,856
202210,'406,エクアドル,4200411,54910310,25494860,231073378
202210,'407,ペルー,7504288,77867974,36682398,319819592
202210,'408,ボリビア,2016115,13819075,6061642,55779946
202210,'409,チリ,22504390,203983015,85665759,794410795
202210,'410,ブラジル,52434751,477457640,158262568,1142196866
202210,'411,パラグアイ,1441464,9749759,205308,2659912
202210,'412,ウルグアイ,1102040,7552733,481939,7838430
202210,'413,アルゼンチン,11579496,103288150,22129981,130212560
202210,'414,フォークランド諸島及びその附属諸島（英）,-,0,37536,115002
202210,'501,モロッコ,2828008,23880021,6154745,48210956
202210,'502,セウタ及びメリリア（西）,-,19604,459,19327
202210,'503,アルジェリア,608028,24017451,8430476,45595295
202210,'504,チュニジア,515386,11288226,881831,16245344
202210,'505,リビア,473946,5041424,-,0
202210,'506,エジプト,5479629,87851612,779695,23299303
202210,'507,スーダン,698617,5739030,242209,1701811
202210,'509,モーリタニア,310199,2524071,4995721,19863360
202210,'510,セネガル,640675,8265310,440645,3534661
202210,'511,ガンビア,24127,236520,-,542
202210,'512,ギニア・ビサウ,26812,203710,-,0
202210,'513,ギニア,60818,737702,60313,931881
202210,'514,シエラレオネ,3060,1214409,714,2869109
202210,'515,リベリア,32819974,328679703,1413,65264
202210,'516,コートジボワール,950314,6875331,194078,1702076
202210,'517,ガーナ,599501,11104499,1003089,17457891
202210,'518,トーゴ,446920,3447287,110446,2231372
202210,'519,ベナン,45486,333601,-,48544
202210,'520,マリ,154857,1340207,11831,892037
202210,'521,ブルキナファソ,51183,995316,373890,5405879
202210,'522,カーボベルデ,44413,447465,-,778
202210,'523,カナリー諸島（西）,288877,2575035,1585,8653
202210,'524,ナイジェリア,2406654,25496163,10448435,143580637
202210,'525,ニジェール,73009,385657,9498,96471
202210,'526,ルワンダ,27238,1203059,143588,1611694
202210,'527,カメルーン,648030,3790426,102103,892400
202210,'528,チャド,35622,235368,212,20564
202210,'529,中央アフリカ,3974,269060,-,85293
202210,'530,赤道ギニア,3112,46553,615,14385299
202210,'531,ガボン,371178,2924606,666468,7570359
202210,'532,コンゴ共和国,20044,255161,14516,368238
202210,'533,コンゴ民主共和国,1171020,10945495,217447,2770687
202210,'534,ブルンジ,184575,1657573,24382,151963
202210,'535,アンゴラ,312893,6024655,1605,6084822
202210,'536,サントメ・プリンシペ,43135,106101,-,839
202210,'537,セントヘレナ及びその附属諸島（英）,-,3199,2890,285742
202210,'538,エチオピア,1555025,7113487,2254878,17963313
202210,'539,ジブチ,2052383,9812264,-,0
202210,'540,ソマリア,9957,221162,92931,511509
202210,'541,ケニア,8587713,102130195,1203388,7434683
202210,'542,ウガンダ,1954389,22649135,137991,1281492
202210,'543,タンザニア,4191142,48288075,1009979,16681255
202210,'544,セーシェル,115054,844610,936818,7790942
202210,'545,モザンビーク,824944,13750276,2538302,12611154
202210,'546,マダガスカル,250557,1764740,6427166,45034200
202210,'547,モーリシャス,1473602,11825220,83862,1335995
202210,'548,レユニオン（仏）,278103,1938119,-,167281
202210,'549,ジンバブエ,475091,4686576,298343,2987849
202210,'550,ナミビア,355214,2632260,87492,1895943
202210,'551,南アフリカ共和国,26325242,253117922,121426029,1088864549
202210,'552,レソト,72235,727534,2186,97468
202210,'553,マラウイ,387436,3955754,166070,1052342
202210,'554,ザンビア,1506105,11198609,301045,3008762
202210,'555,ボツワナ,128777,1279807,113244,5019574
202210,'556,エスワティニ,90541,1218772,28553,244637
202210,'558,コモロ,-,139904,989,12528
202210,'559,エリトリア,-,23429,-,1623261
202210,'560,南スーダン,203423,1499244,-,6546515
202210,'601,オーストラリア,203980858,1803487096,1204348365,9449969947
202210,'602,パプアニューギニア,2519388,21498896,64963681,501160003
202210,'605,その他のオーストラリア領,3268,63224,-,6637
202210,'606,ニュージーランド,35843967,329584821,30956756,337390870
202210,'607,クック,28923,203236,172267,1383770
202210,'608,トケラウ諸島（ニュージーランド）,-,2754,-,6052
202210,'609,ニウエ,2551,1027612,-,1040
202210,'610,サモア,2033478,2889656,14852,35365
202210,'611,バヌアツ,99566,640971,944986,6698957
202210,'612,フィジー,685028,6206727,873322,3700246
202210,'613,ソロモン,222335,1221183,110713,174872
202210,'614,トンガ,162884,1238173,6928,42629
202210,'615,キリバス,149709,1078575,122876,1396373
202210,'617,ナウル,49827,824462,44256,391069
202210,'618,ニューカレドニア（仏）,487003,4447048,5557471,40155449
202210,'619,仏領ポリネシア,175841,2151156,664418,3906714
202210,'620,グアム（米）,1221386,17787983,9978,138931
202210,'621,米領サモア,27956,364096,-,17043
202210,'622,米領オセアニア,-,0,3949,15986
202210,'624,ツバル,1107000,2674271,274,61603
202210,'625,マーシャル,6920479,129888709,77407,657054
202210,'626,ミクロネシア,85085,1458921,196489,904093
202210,'627,北マリアナ諸島（米）,182593,3771453,552,758
202210,'628,パラオ,376427,1391277,13125,130990
202210,'702,不明,-,0,6926,333073
202211,'103,大韓民国,630310126,6503244144,384540028,4057854459
202211,'104,北朝鮮,-,0,-,401
202211,'105,中華人民共和国,1632007399,17386195741,2324316616,22828280317
202211,'106,台湾,597049779,6242228599,490136767,4662894858
202211,'107,モンゴル,5247379,57844305,639978,4446130
202211,'108,香港,373164290,4001347432,11528713,120824192
202211,'110,ベトナム,215531649,2233316728,349975503,3191903716
202211,'111,タイ,375584866,3901008202,320014136,3226697149
202211,'112,シンガポール,231527903,2683980039,105628161,1177525359
202211,'113,マレーシア,181684679,1990808555,344418112,3141500877
202211,'116,ブルネイ,1163694,7135460,31896877,298205162
202211,'117,フィリピン,142661420,1472637128,126506161,1318912215
202211,'118,インドネシア,192255628,1801810750,364704216,3429648645
202211,'120,カンボジア,5852480,61499194,23814088,236649629
202211,'121,ラオス,978534,12224564,2141997,22945614
202211,'122,ミャンマー,4604821,53834723,15469580,175991966
202211,'123,インド,171582952,1640633369,65459127,790120500
202211,'124,パキスタン,9273194,195024441,3213432,34604034
202211,'125,スリランカ,1524817,24598852,3395485,35460115
202211,'126,モルディブ,644509,4074834,18312,356152
202211,'127,バングラデシュ,17773376,316704403,20784496,205960139
202211,'128,東ティモール,138585,1165307,16130,8408356
202211,'129,マカオ,5677440,54394157,134920,2529139
202211,'130,アフガニスタン,139318,1266276,13469,49225
202211,'131,ネパール,584283,3948603,95335,1298793
202211,'132,ブータン,3164,437296,-,58118
202211,'133,イラン,500154,6011349,278261,4328818
202211,'134,イラク,6395198,71588887,6226,32929
202211,'135,バーレーン,6428504,53041729,14351212,164807970
202211,'137,サウジアラビア,63962056,586043439,548241098,5117921640
202211,'138,クウェート,21437128,182443251,122282400,1212428627
202211,'140,カタール,18248389,147781503,131146222,1652712538
202211,'141,オマーン,17587565,139858488,38207246,379113698
202211,'143,イスラエル,20720006,169466787,13764533,150924731
202211,'144,ヨルダン,6871511,62433551,2705975,21198529
202211,'145,シリア,11038,461042,8358,77703
202211,'146,レバノン,1936398,20291395,19695,299847
202211,'147,アラブ首長国連邦,123597108,996313981,529627122,5559018859
202211,'149,イエメン,3075463,29820576,123228,955107
202211,'150,アゼルバイジャン,664725,5999802,71538,1201431
202211,'151,アルメニア,1706708,4927474,577143,3476331
202211,'152,ウズベキスタン,1902168,32476161,537618,6157085
202211,'153,カザフスタン,10343929,79208108,9026837,104434161
202211,'154,キルギス,436379,4356756,351,227220
202211,'155,タジキスタン,142751,2931765,-,268702
202211,'156,トルクメニスタン,1044876,5109456,2687,19564
202211,'157,ジョージア,5030822,34834335,142617,2158263
202211,'158,ヨルダン川西岸及びガザ,18887,363947,-,49212
202211,'201,アイスランド,484108,8212274,2094890,24097263
202211,'202,ノルウェー,26243589,120357544,20391225,191137586
202211,'203,スウェーデン,18910663,170469680,34052534,409889331
202211,'204,デンマーク,6652628,67799560,26822264,287663966
202211,'205,英国,131048448,1315690981,87047885,823760498
202211,'206,アイルランド,22234384,299734897,70192370,810336039
202211,'207,オランダ,153448803,1469233928,36594836,407694738
202211,'208,ベルギー,71601604,830878212,137385133,852386205
202211,'209,ルクセンブルク,6302547,81169046,1032900,9913593
202211,'210,フランス,80405358,755982920,136846323,1199818980
202211,'211,モナコ,22112,165121,36336,265161
202211,'212,アンドラ,-,57433,-,108408
202211,'213,ドイツ,219471157,2359879406,292725402,2723355959
202211,'215,スイス,55199046,492469821,97109170,974802476
202211,'217,ポルトガル,12558978,76472303,4318570,51995302
202211,'218,スペイン,39426048,318749463,73143845,809285062
202211,'219,ジブラルタル（英）,1465234,14756986,205,8576
202211,'220,イタリア,75297020,631283747,134157970,1426667683
202211,'221,マルタ,1574846,28789690,190939,16615117
202211,'222,フィンランド,6103469,56529688,17935994,267078991
202211,'223,ポーランド,56280256,498267962,13006369,155268760
202211,'224,ロシア,56890403,540505038,132097470,1838145866
202211,'225,オーストリア,15799046,159581086,31802696,273605813
202211,'227,ハンガリー,19157011,174461449,15247369,137991519
202211,'228,セルビア,533906,6035081,7656125,70203432
202211,'229,アルバニア,14035,240068,365431,7818351
202211,'230,ギリシャ,6329801,38790909,8334953,91363502
202211,'231,ルーマニア,4942031,53373586,12368011,134679935
202211,'232,ブルガリア,3275408,23285109,1712908,16649691
202211,'233,キプロス,4068108,29762572,11192,75063
202211,'234,トルコ,42619663,381061162,11129327,123707173
202211,'235,エストニア,3007274,26498712,4018397,26320843
202211,'236,ラトビア,460280,3869711,1109991,15618676
202211,'237,リトアニア,1079488,10989709,2213443,18311680
202211,'238,ウクライナ,3808693,32204432,1020439,44940367
202211,'239,ベラルーシ,64056,1903627,37960,1161338
202211,'240,モルドバ,96017,888937,286599,3090038
202211,'241,クロアチア,1068473,11444536,127205,9192992
202211,'242,スロベニア,2570400,23409884,2360642,23568281
202211,'243,ボスニア・ヘルツェゴビナ,49262,313048,159667,1361404
202211,'244,北マケドニア,123760,1670073,171773,1647756
202211,'245,チェコ,28115526,275279557,15506204,191459892
202211,'246,スロバキア,1588911,16715077,4463135,47572127
202211,'247,モンテネグロ,27926,405896,7110,45797
202211,'248,コソボ,7594,222414,2070,20573
202211,'249,フェロー諸島（デンマーク）,-,6385,59135,930854
202211,'250,バチカン,-,0,-,1052
202211,'301,グリーンランド（デンマーク）,-,1153,1020379,9461328
202211,'302,カナダ,103192237,1035673045,201411422,2001177532
202211,'303,サンピエール及びミクロン（仏）,-,0,-,499
202211,'304,アメリカ合衆国,1722438867,16524134358,1046644973,10669375397
202211,'305,メキシコ,141806227,1284377356,72489015,771964924
202211,'306,グアテマラ,4852223,39381863,688572,24633550
202211,'307,ホンジュラス,1972842,18914716,470054,14702551
202211,'308,ベリーズ,32690,2144630,78061,530463
202211,'309,エルサルバドル,1691544,19443999,233768,3290733
202211,'310,ニカラグア,1432366,10285771,257000,3903908
202211,'311,コスタリカ,6014672,55318893,5237416,54327652
202211,'312,パナマ,45947333,433167270,9261572,131167680
202211,'314,バーミュダ（英）,108271,1325039,-,3452
202211,'315,バハマ,13555750,35452287,-,40917
202211,'316,ジャマイカ,3402307,29154457,78290,1722483
202211,'317,タークス及びカイコス諸島（英）,117959,822661,-,967
202211,'319,バルバドス,635713,4849027,3169,20336
202211,'320,トリニダード・トバゴ,1525988,12716069,2415199,22846229
202211,'321,キューバ,617941,1954208,18283,864959
202211,'322,ハイチ,251166,2517680,52026,493331
202211,'323,ドミニカ共和国,3162114,37946690,1338004,13578741
202211,'324,プエルトリコ（米）,10371672,108268356,18512171,185839502
202211,'325,米領バージン諸島,47666,305093,364,1474
202211,'326,蘭領アンティール,188842,2883742,879,4828
202211,'327,仏領西インド諸島,174266,3205791,-,24444
202211,'328,ケイマン諸島（英）,171049,1894226,-,3284
202211,'329,グレナダ,79283,907642,-,0
202211,'330,セントルシア,165260,1424410,-,995
202211,'331,アンティグア・バーブーダ,150763,1238925,-,32394
202211,'332,英領バージン諸島,19776,272859,-,933
202211,'333,ドミニカ,46282,488211,559,44126
202211,'334,モントセラト（英）,9047,31046,-,1330
202211,'335,セントクリストファー・ネービス,52078,636143,248,248
202211,'336,セントビンセント,58235,576503,-,428507
202211,'337,英領アンギラ,39921,303915,-,0
202211,'338,サン・バルテルミー島（仏）,-,158298,-,1391
202211,'401,コロンビア,12979493,162979645,15765274,122750953
202211,'402,ベネズエラ,264351,4005950,58463,3533991
202211,'403,ガイアナ,1099612,10503593,5768,529134
202211,'404,スリナム,699969,8093128,52898,561377
202211,'405,仏領ギアナ,7005,548458,204,1060
202211,'406,エクアドル,3925685,58835995,16321411,247394789
202211,'407,ペルー,10799395,88667369,41008001,360827593
202211,'408,ボリビア,1377610,15196685,9014559,64794505
202211,'409,チリ,54620921,258603936,107701304,902112099
202211,'410,ブラジル,42710877,520168517,159441862,1301638728
202211,'411,パラグアイ,1291801,11041560,443470,3103382
202211,'412,ウルグアイ,777102,8329835,588612,8427042
202211,'413,アルゼンチン,8550954,111839104,11872205,142084765
202211,'414,フォークランド諸島及びその附属諸島（英）,-,0,38334,153336
202211,'501,モロッコ,3585665,27465686,3666740,51877696
202211,'502,セウタ及びメリリア（西）,-,19604,499,19826
202211,'503,アルジェリア,710917,24728368,22827632,68422927
202211,'504,チュニジア,856226,12144452,949820,17195164
202211,'505,リビア,288004,5329428,-,0
202211,'506,エジプト,5469767,93321379,24956857,48256160
202211,'507,スーダン,632432,6371462,213181,1914992
202211,'509,モーリタニア,409176,2933247,3567613,23430973
202211,'510,セネガル,985682,9250992,220138,3754799
202211,'511,ガンビア,2151,238671,-,542
202211,'512,ギニア・ビサウ,-,203710,-,0
202211,'513,ギニア,265362,1003064,295148,1227029
202211,'514,シエラレオネ,43694,1258103,13556,2882665
202211,'515,リベリア,15104915,343784618,-,65264
202211,'516,コートジボワール,574598,7449929,195766,1897842
202211,'517,ガーナ,1954853,13059352,1103513,18561404
202211,'518,トーゴ,71426,3518713,163130,2394502
202211,'519,ベナン,27081,360682,-,48544
202211,'520,マリ,297967,1638174,139693,1031730
202211,'521,ブルキナファソ,144409,1139725,176512,5582391
202211,'522,カーボベルデ,66261,513726,-,778
202211,'523,カナリー諸島（西）,289384,2864419,3083,11736
202211,'524,ナイジェリア,3087632,28583795,11108524,154689161
202211,'525,ニジェール,214944,600601,49962,146433
202211,'526,ルワンダ,67008,1270067,201353,1813047
202211,'527,カメルーン,478344,4268770,165462,1057862
202211,'528,チャド,11373,246741,-,20564
202211,'529,中央アフリカ,43074,312134,13700,98993
202211,'530,赤道ギニア,7519,54072,-,14385299
202211,'531,ガボン,271928,3196534,1846882,9417241
202211,'532,コンゴ共和国,104525,359686,58370,426608
202211,'533,コンゴ民主共和国,1274704,12220199,470754,3241441
202211,'534,ブルンジ,225425,1882998,-,151963
202211,'535,アンゴラ,2221647,8246302,5659,6090481
202211,'536,サントメ・プリンシペ,-,106101,-,839
202211,'537,セントヘレナ及びその附属諸島（英）,206,3405,38294,324036
202211,'538,エチオピア,739450,7852937,2101925,20065238
202211,'539,ジブチ,769756,10582020,447,447
202211,'540,ソマリア,3837,224999,70272,581781
202211,'541,ケニア,16706204,118836399,935562,8370245
202211,'542,ウガンダ,3169055,25818190,110672,1392164
202211,'543,タンザニア,6209572,54497647,1207113,17888368
202211,'544,セーシェル,125030,969640,1422978,9213920
202211,'545,モザンビーク,1214553,14964829,763122,13374276
202211,'546,マダガスカル,120441,1885181,9341300,54375500
202211,'547,モーリシャス,2046362,13871582,136111,1472106
202211,'548,レユニオン（仏）,244960,2183079,4828,172109
202211,'549,ジンバブエ,539706,5226282,180236,3168085
202211,'550,ナミビア,366265,2998525,25782,1921725
202211,'551,南アフリカ共和国,28117395,281235317,110592048,1199456597
202211,'552,レソト,80164,807698,642,98110
202211,'553,マラウイ,550445,4506199,38973,1091315
202211,'554,ザンビア,1462564,12661173,177318,3186080
202211,'555,ボツワナ,208226,1488033,390809,5410383
202211,'556,エスワティニ,55570,1274342,22057,266694
202211,'557,英領インド洋地域,-,0,250,250
202211,'558,コモロ,26820,166724,1842,14370
202211,'559,エリトリア,29120,52549,-,1623261
202211,'560,南スーダン,361990,1861234,-,6546515
202211,'601,オーストラリア,186653855,1990140951,1054005433,10503975380
202211,'602,パプアニューギニア,2354695,23853591,45954012,547114015
202211,'605,その他のオーストラリア領,8598,71822,489,7126
202211,'606,ニュージーランド,29327329,358912150,27679684,365070554
202211,'607,クック,19426,222662,44186,1427956
202211,'608,トケラウ諸島（ニュージーランド）,-,2754,306,6358
202211,'609,ニウエ,2347,1029959,500,1540
202211,'610,サモア,146310,3035966,-,35365
202211,'611,バヌアツ,324371,965342,315854,7014811
202211,'612,フィジー,842195,7048922,311520,4011766
202211,'613,ソロモン,107883,1329066,34823,209695
202211,'614,トンガ,87651,1325824,7238,49867
202211,'615,キリバス,62814,1141389,199342,1595715
202211,'617,ナウル,90243,914705,32506,423575
202211,'618,ニューカレドニア（仏）,911092,5358140,4744349,44899798
202211,'619,仏領ポリネシア,151832,2302988,835976,4742690
202211,'620,グアム（米）,834416,18622399,2544,141475
202211,'621,米領サモア,7832,371928,313,17356
202211,'622,米領オセアニア,-,0,1926,17912
202211,'624,ツバル,754623,3428894,6589,68192
202211,'625,マーシャル,17683671,147572380,146732,803786
202211,'626,ミクロネシア,289061,1747982,139959,1044052
202211,'627,北マリアナ諸島（米）,145908,3917361,-,758
202211,'628,パラオ,162536,1553813,113207,244197
202211,'702,不明,-,0,20936,354009
202212,'103,大韓民国,602920490,7106164634,358848244,4416702703
202212,'104,北朝鮮,-,0,-,401
202212,'105,中華人民共和国,1617545068,19003740809,2021467331,24849747648
202212,'106,台湾,615222375,6857450974,446525983,5109420841
202212,'107,モンゴル,6228622,64072927,283137,4729267
202212,'108,香港,356120512,4357467944,13844828,134669020
202212,'110,ベトナム,217644087,2450960815,287514459,3479418175
202212,'111,タイ,367012494,4268020696,276744008,3503441157
202212,'112,シンガポール,250947946,2934927985,117420239,1294945598
202212,'113,マレーシア,175480713,2166289268,289700801,3431201678
202212,'116,ブルネイ,697605,7833065,40698422,338903584
202212,'117,フィリピン,124828271,1597465399,109102591,1428014806
202212,'118,インドネシア,177335953,1979146703,342357943,3772006588
202212,'120,カンボジア,5755460,67254654,17789460,254439089
202212,'121,ラオス,1225283,13449847,1875895,24821509
202212,'122,ミャンマー,4680143,58514866,12304472,188296438
202212,'123,インド,190810881,1831444250,62349231,852469731
202212,'124,パキスタン,12716091,207740532,6057112,40661146
202212,'125,スリランカ,1597736,26196588,2861325,38321440
202212,'126,モルディブ,425988,4500822,76327,432479
202212,'127,バングラデシュ,18287518,334991921,18173193,224133332
202212,'128,東ティモール,36953,1202260,1062677,9471033
202212,'129,マカオ,6532909,60927066,207020,2736159
202212,'130,アフガニスタン,122596,1388872,1987,51212
202212,'131,ネパール,578629,4527232,131485,1430278
202212,'132,ブータン,211310,648606,2508,60626
202212,'133,イラン,547209,6558558,296921,4625739
202212,'134,イラク,8683031,80271918,8177,41106
202212,'135,バーレーン,7411960,60453689,9556778,174364748
202212,'137,サウジアラビア,81748397,667791836,529240971,5647162611
202212,'138,クウェート,25773472,208216723,110657866,1323086493
202212,'140,カタール,16213100,163994603,127535586,1780248124
202212,'141,オマーン,19310843,159169331,35116794,414230492
202212,'143,イスラエル,25100819,194567606,17631188,168555919
202212,'144,ヨルダン,5290509,67724060,396947,21595476
202212,'145,シリア,35282,496324,1272,78975
202212,'146,レバノン,2435960,22727355,50760,350607
202212,'147,アラブ首長国連邦,119214910,1115528891,513303376,6072322235
202212,'149,イエメン,3821604,33642180,166673,1121780
202212,'150,アゼルバイジャン,75736,6075538,205110,1406541
202212,'151,アルメニア,271484,5198958,300246,3776577
202212,'152,ウズベキスタン,3911516,36387677,850587,7007672
202212,'153,カザフスタン,9930126,89138234,5649462,110083623
202212,'154,キルギス,450812,4807568,5618,232838
202212,'155,タジキスタン,180047,3111812,30560,299262
202212,'156,トルクメニスタン,1539792,6649248,3522,23086
202212,'157,ジョージア,3229848,38064183,175282,2333545
202212,'158,ヨルダン川西岸及びガザ,-,363947,571,49783
202212,'201,アイスランド,801076,9013350,1876389,25973652
202212,'202,ノルウェー,11168378,131525922,25644321,216781907
202212,'203,スウェーデン,19493302,189962982,31527936,441417267
202212,'204,デンマーク,7391626,75191186,24728561,312392527
202212,'205,英国,134128216,1449819197,79913211,903673709
202212,'206,アイルランド,27153330,326888227,53511525,863847564
202212,'207,オランダ,157970434,1627204362,44093148,451787886
202212,'208,ベルギー,88155242,919033454,70116753,922502958
202212,'209,ルクセンブルク,5309003,86478049,1065990,10979583
202212,'210,フランス,83958049,839940969,139982296,1339801276
202212,'211,モナコ,17007,182128,32413,297574
202212,'212,アンドラ,446,57879,233,108641
202212,'213,ドイツ,210335504,2570214910,270631572,2993987531
202212,'215,スイス,52271419,544741240,85794688,1060597164
202212,'217,ポルトガル,7096730,83569033,3997299,55992601
202212,'218,スペイン,33523124,352272587,99323683,908608745
202212,'219,ジブラルタル（英）,882438,15639424,1279,9855
202212,'220,イタリア,66537049,697820796,138191046,1564858729
202212,'221,マルタ,1431450,30221140,8391817,25006934
202212,'222,フィンランド,6403031,62932719,23172932,290251923
202212,'223,ポーランド,51466171,549734133,13949664,169218424
202212,'224,ロシア,63456444,603961482,133659136,1971805002
202212,'225,オーストリア,17739593,177320679,27044820,300650633
202212,'227,ハンガリー,23716155,198177604,17788027,155779546
202212,'228,セルビア,575854,6610935,3507464,73710896
202212,'229,アルバニア,30625,270693,155361,7973712
202212,'230,ギリシャ,6467374,45258283,8202361,99565863
202212,'231,ルーマニア,5819261,59192847,20676130,155356065
202212,'232,ブルガリア,2430753,25715862,1814279,18463970
202212,'233,キプロス,4228237,33990809,7024,82087
202212,'234,トルコ,41414650,422475812,10888177,134595350
202212,'235,エストニア,2689487,29188199,1768006,28088849
202212,'236,ラトビア,473349,4343060,1151224,16769900
202212,'237,リトアニア,1139800,12129509,2101864,20413544
202212,'238,ウクライナ,3511736,35716168,2116566,47056933
202212,'239,ベラルーシ,632583,2536210,13378,1174716
202212,'240,モルドバ,54069,943006,260445,3350483
202212,'241,クロアチア,884215,12328751,313122,9506114
202212,'242,スロベニア,3769286,27179170,2446180,26014461
202212,'243,ボスニア・ヘルツェゴビナ,64448,377496,140845,1502249
202212,'244,北マケドニア,196578,1866651,133207,1780963
202212,'245,チェコ,28740237,304019794,19172787,210632679
202212,'246,スロバキア,1466153,18181230,6114217,53686344
202212,'247,モンテネグロ,20943,426839,833,46630
202212,'248,コソボ,8075,230489,2846,23419
202212,'249,フェロー諸島（デンマーク）,-,6385,199424,1130278
202212,'250,バチカン,-,0,617,1669
202212,'301,グリーンランド（デンマーク）,5797,6950,1058837,10520165
202212,'302,カナダ,96299231,1131972276,174018256,2175195788
202212,'303,サンピエール及びミクロン（仏）,-,0,-,499
202212,'304,アメリカ合衆国,1730895265,18255029623,1089543948,11758919345
202212,'305,メキシコ,156851632,1441228988,73532826,845497750
202212,'306,グアテマラ,4362104,43743967,744921,25378471
202212,'307,ホンジュラス,2163143,21077859,969135,15671686
202212,'308,ベリーズ,73760,2218390,146313,676776
202212,'309,エルサルバドル,2250609,21694608,138616,3429349
202212,'310,ニカラグア,1235309,11521080,219238,4123146
202212,'311,コスタリカ,5546034,60864927,5688320,60015972
202212,'312,パナマ,19516277,452683547,14429858,145597538
202212,'314,バーミュダ（英）,111669,1436708,-,3452
202212,'315,バハマ,545497,35997784,-,40917
202212,'316,ジャマイカ,4245564,33400021,406859,2129342
202212,'317,タークス及びカイコス諸島（英）,48414,871075,-,967
202212,'319,バルバドス,931600,5780627,546,20882
202212,'320,トリニダード・トバゴ,2012476,14728545,2553467,25399696
202212,'321,キューバ,70649,2024857,110192,975151
202212,'322,ハイチ,136163,2653843,32712,526043
202212,'323,ドミニカ共和国,4777040,42723730,1136267,14715008
202212,'324,プエルトリコ（米）,11945750,120214106,17395833,203235335
202212,'325,米領バージン諸島,4791,309884,212,1686
202212,'326,蘭領アンティール,433101,3316843,22119,26947
202212,'327,仏領西インド諸島,333816,3539607,8306,32750
202212,'328,ケイマン諸島（英）,272121,2166347,-,3284
202212,'329,グレナダ,220904,1128546,-,0
202212,'330,セントルシア,229644,1654054,388,1383
202212,'331,アンティグア・バーブーダ,211619,1450544,-,32394
202212,'332,英領バージン諸島,89095,361954,541,1474
202212,'333,ドミニカ,66185,554396,13850,57976
202212,'334,モントセラト（英）,8980,40026,1131,2461
202212,'335,セントクリストファー・ネービス,225662,861805,232,480
202212,'336,セントビンセント,100750,677253,-,428507
202212,'337,英領アンギラ,19606,323521,-,0
202212,'338,サン・バルテルミー島（仏）,58514,216812,-,1391
202212,'401,コロンビア,16053396,179033041,7935606,130686559
202212,'402,ベネズエラ,458016,4463966,80523,3614514
202212,'403,ガイアナ,2192893,12696486,17856,546990
202212,'404,スリナム,809387,8902515,95973,657350
202212,'405,仏領ギアナ,56917,605375,-,1060
202212,'406,エクアドル,11858266,70694261,29566846,276961635
202212,'407,ペルー,8531613,97198982,37081550,397909143
202212,'408,ボリビア,2188374,17385059,4844737,69639242
202212,'409,チリ,42425718,301029654,95096326,997208425
202212,'410,ブラジル,47217494,567386011,158437296,1460076024
202212,'411,パラグアイ,1119843,12161403,400614,3503996
202212,'412,ウルグアイ,919977,9249812,532403,8959445
202212,'413,アルゼンチン,12757773,124596877,13436481,155521246
202212,'414,フォークランド諸島及びその附属諸島（英）,-,0,34196,187532
202212,'501,モロッコ,3536915,31002601,8483176,60360872
202212,'502,セウタ及びメリリア（西）,-,19604,478,20304
202212,'503,アルジェリア,2555866,27284234,16820514,85243441
202212,'504,チュニジア,905945,13050397,761533,17956697
202212,'505,リビア,479734,5809162,-,0
202212,'506,エジプト,8067101,101388480,609919,48866079
202212,'507,スーダン,692701,7064163,201359,2116351
202212,'508,西サハラ,12176,12176,-,0
202212,'509,モーリタニア,388973,3322220,2168025,25598998
202212,'510,セネガル,1080908,10331900,358985,4113784
202212,'511,ガンビア,23383,262054,-,542
202212,'512,ギニア・ビサウ,-,203710,-,0
202212,'513,ギニア,164706,1167770,256317,1483346
202212,'514,シエラレオネ,147306,1405409,655,2883320
202212,'515,リベリア,4724684,348509302,1815910,1881174
202212,'516,コートジボワール,680921,8130850,94646,1992488
202212,'517,ガーナ,908216,13967568,925347,19486751
202212,'518,トーゴ,239345,3758058,21676,2416178
202212,'519,ベナン,147814,508496,-,48544
202212,'520,マリ,276584,1914758,5298,1037028
202212,'521,ブルキナファソ,79459,1219184,68936,5651327
202212,'522,カーボベルデ,66854,580580,-,778
202212,'523,カナリー諸島（西）,347632,3212051,334,12070
202212,'524,ナイジェリア,3836109,32419904,12349967,167039128
202212,'525,ニジェール,392224,992825,31421,177854
202212,'526,ルワンダ,35300,1305367,85730,1898777
202212,'527,カメルーン,605279,4874049,57236,1115098
202212,'528,チャド,1465,248206,256,20820
202212,'529,中央アフリカ,52424,364558,-,98993
202212,'530,赤道ギニア,9088,63160,-,14385299
202212,'531,ガボン,1139802,4336336,290903,9708144
202212,'532,コンゴ共和国,44428,404114,28145,454753
202212,'533,コンゴ民主共和国,3062055,15282254,7076,3248517
202212,'534,ブルンジ,90473,1973471,44692,196655
202212,'535,アンゴラ,563106,8809408,16004362,22094843
202212,'536,サントメ・プリンシペ,-,106101,-,839
202212,'537,セントヘレナ及びその附属諸島（英）,-,3405,91172,415208
202212,'538,エチオピア,792959,8645896,726285,20791523
202212,'539,ジブチ,1040478,11622498,-,447
202212,'540,ソマリア,105538,330537,2981,584762
202212,'541,ケニア,7941764,126778163,542213,8912458
202212,'542,ウガンダ,1720668,27538858,162481,1554645
202212,'543,タンザニア,6092159,60589806,1832414,19720782
202212,'544,セーシェル,105140,1074780,719601,9933521
202212,'545,モザンビーク,798900,15763729,2566831,15941107
202212,'546,マダガスカル,250288,2135469,5492066,59867566
202212,'547,モーリシャス,2010545,15882127,30274,1502380
202212,'548,レユニオン（仏）,510826,2693905,1614,173723
202212,'549,ジンバブエ,727826,5954108,266352,3434437
202212,'550,ナミビア,298404,3296929,54120,1975845
202212,'551,南アフリカ共和国,27761637,308996954,115727732,1315184329
202212,'552,レソト,131189,938887,5109,103219
202212,'553,マラウイ,302435,4808634,69989,1161304
202212,'554,ザンビア,1365396,14026569,157120,3343200
202212,'555,ボツワナ,264343,1752376,653070,6063453
202212,'556,エスワティニ,85328,1359670,49381,316075
202212,'557,英領インド洋地域,-,0,-,250
202212,'558,コモロ,10277,177001,2305,16675
202212,'559,エリトリア,-,52549,616,1623877
202212,'560,南スーダン,258099,2119333,-,6546515
202212,'601,オーストラリア,182529012,2172669963,1118501328,11622476708
202212,'602,パプアニューギニア,2357250,26210841,56288782,603402797
202212,'605,その他のオーストラリア領,1490,73312,-,7126
202212,'606,ニュージーランド,36043960,394956110,29089534,394160088
202212,'607,クック,73263,295925,117072,1545028
202212,'608,トケラウ諸島（ニュージーランド）,-,2754,-,6358
202212,'609,ニウエ,-,1029959,238,1778
202212,'610,サモア,228136,3264102,5557,40922
202212,'611,バヌアツ,185612,1150954,800046,7814857
202212,'612,フィジー,953780,8002702,828101,4839867
202212,'613,ソロモン,229459,1558525,4588,214283
202212,'614,トンガ,187861,1513685,15051,64918
202212,'615,キリバス,92584,1233973,7512,1603227
202212,'617,ナウル,247628,1162333,53782,477357
202212,'618,ニューカレドニア（仏）,641824,5999964,3364337,48264135
202212,'619,仏領ポリネシア,309832,2612820,779658,5522348
202212,'620,グアム（米）,1122107,19744506,13185,154660
202212,'621,米領サモア,33326,405254,1668,19024
202212,'622,米領オセアニア,-,0,1081,18993
202212,'624,ツバル,2197,3431091,10338,78530
202212,'625,マーシャル,14864601,162436981,27876,831662
202212,'626,ミクロネシア,257918,2005900,133064,1177116
202212,'627,北マリアナ諸島（米）,251788,4169149,41150,41908
202212,'628,パラオ,241641,1795454,32472,276669
202212,'702,不明,-,0,62171,416180
202301,'103,大韓民国,512968013,512968013,343568019,343568019
202301,'105,中華人民共和国,967527890,967527890,2392087168,2392087168
202301,'106,台湾,420483041,420483041,413725626,413725626
202301,'107,モンゴル,3586926,3586926,183339,183339
202301,'108,香港,255753653,255753653,12418353,12418353
202301,'110,ベトナム,152436977,152436977,321522924,321522924
202301,'111,タイ,301815651,301815651,278313059,278313059
202301,'112,シンガポール,218984508,218984508,95553978,95553978
202301,'113,マレーシア,140249991,140249991,302323767,302323767
202301,'116,ブルネイ,446906,446906,42047610,42047610
202301,'117,フィリピン,108811721,108811721,116761249,116761249
202301,'118,インドネシア,154772362,154772362,362590613,362590613
202301,'120,カンボジア,4006357,4006357,22361855,22361855
202301,'121,ラオス,398595,398595,1999917,1999917
202301,'122,ミャンマー,4565088,4565088,17600074,17600074
202301,'123,インド,153171590,153171590,73256763,73256763
202301,'124,パキスタン,7165547,7165547,2828168,2828168
202301,'125,スリランカ,966119,966119,3229864,3229864
202301,'126,モルディブ,372978,372978,52610,52610
202301,'127,バングラデシュ,21276870,21276870,19804649,19804649
202301,'128,東ティモール,9655,9655,2189827,2189827
202301,'129,マカオ,3266057,3266057,148276,148276
202301,'130,アフガニスタン,117738,117738,88689,88689
202301,'131,ネパール,143158,143158,126108,126108
202301,'132,ブータン,7307,7307,12279,12279
202301,'133,イラン,445390,445390,351093,351093
202301,'134,イラク,7001272,7001272,-,0
202301,'135,バーレーン,6340081,6340081,10374849,10374849
202301,'137,サウジアラビア,57499315,57499315,452338612,452338612
202301,'138,クウェート,16143847,16143847,126847868,126847868
202301,'140,カタール,13978187,13978187,143045586,143045586
202301,'141,オマーン,10162979,10162979,39691532,39691532
202301,'143,イスラエル,14520278,14520278,18305341,18305341
202301,'144,ヨルダン,5861079,5861079,721940,721940
202301,'145,シリア,117468,117468,16281,16281
202301,'146,レバノン,3906195,3906195,157458,157458
202301,'147,アラブ首長国連邦,92530342,92530342,454447146,454447146
202301,'149,イエメン,1800518,1800518,65058,65058
202301,'150,アゼルバイジャン,737823,737823,118438,118438
202301,'151,アルメニア,200523,200523,372081,372081
202301,'152,ウズベキスタン,1220472,1220472,433851,433851
202301,'153,カザフスタン,8245022,8245022,9210312,9210312
202301,'154,キルギス,542349,542349,-,0
202301,'155,タジキスタン,143737,143737,-,0
202301,'156,トルクメニスタン,233983,233983,861,861
202301,'157,ジョージア,4735900,4735900,116143,116143
202301,'158,ヨルダン川西岸及びガザ,1930,1930,-,0
202301,'201,アイスランド,1221191,1221191,2520664,2520664
202301,'202,ノルウェー,14336209,14336209,18378644,18378644
202301,'203,スウェーデン,14816790,14816790,25235425,25235425
202301,'204,デンマーク,4933871,4933871,22137919,22137919
202301,'205,英国,134587480,134587480,71350128,71350128
202301,'206,アイルランド,19408543,19408543,56080338,56080338
202301,'207,オランダ,125102230,125102230,30792141,30792141
202301,'208,ベルギー,56045347,56045347,25398125,25398125
202301,'209,ルクセンブルク,6066560,6066560,1206221,1206221
202301,'210,フランス,62731456,62731456,111419681,111419681
202301,'211,モナコ,8947,8947,20048,20048
202301,'213,ドイツ,172896387,172896387,237908082,237908082
202301,'215,スイス,51686003,51686003,81521333,81521333
202301,'217,ポルトガル,5749369,5749369,5831098,5831098
202301,'218,スペイン,28062592,28062592,94462267,94462267
202301,'219,ジブラルタル（英）,1069839,1069839,407,407
202301,'220,イタリア,54599075,54599075,116242524,116242524
202301,'221,マルタ,1343657,1343657,3282979,3282979
202301,'222,フィンランド,5076375,5076375,20960879,20960879
202301,'223,ポーランド,37318240,37318240,11640146,11640146
202301,'224,ロシア,43733117,43733117,140910954,140910954
202301,'225,オーストリア,15835098,15835098,21247921,21247921
202301,'227,ハンガリー,17028310,17028310,17113181,17113181
202301,'228,セルビア,534501,534501,5731156,5731156
202301,'229,アルバニア,64390,64390,128218,128218
202301,'230,ギリシャ,6770479,6770479,13894166,13894166
202301,'231,ルーマニア,3756294,3756294,16519515,16519515
202301,'232,ブルガリア,1867257,1867257,1295624,1295624
202301,'233,キプロス,7029692,7029692,1491,1491
202301,'234,トルコ,32386193,32386193,10975524,10975524
202301,'235,エストニア,1413831,1413831,2677902,2677902
202301,'236,ラトビア,358350,358350,1301480,1301480
202301,'237,リトアニア,898810,898810,1313674,1313674
202301,'238,ウクライナ,8511016,8511016,837046,837046
202301,'239,ベラルーシ,133718,133718,29821,29821
202301,'240,モルドバ,37903,37903,219923,219923
202301,'241,クロアチア,1610232,1610232,257535,257535
202301,'242,スロベニア,1836461,1836461,2527176,2527176
202301,'243,ボスニア・ヘルツェゴビナ,23719,23719,134154,134154
202301,'244,北マケドニア,86615,86615,114618,114618
202301,'245,チェコ,22307865,22307865,16217869,16217869
202301,'246,スロバキア,1414498,1414498,4439365,4439365
202301,'247,モンテネグロ,23204,23204,4597,4597
202301,'248,コソボ,6584,6584,-,0
202301,'249,フェロー諸島（デンマーク）,-,0,68566,68566
202301,'301,グリーンランド（デンマーク）,-,0,838691,838691
202301,'302,カナダ,76771500,76771500,171996794,171996794
202301,'304,アメリカ合衆国,1231135318,1231135318,953008106,953008106
202301,'305,メキシコ,123363492,123363492,57789948,57789948
202301,'306,グアテマラ,2084583,2084583,637641,637641
202301,'307,ホンジュラス,1185748,1185748,468238,468238
202301,'308,ベリーズ,49074,49074,58320,58320
202301,'309,エルサルバドル,1027613,1027613,185274,185274
202301,'310,ニカラグア,904862,904862,277605,277605
202301,'311,コスタリカ,3536002,3536002,4836873,4836873
202301,'312,パナマ,51912018,51912018,16449410,16449410
202301,'314,バーミュダ（英）,154554,154554,-,0
202301,'315,バハマ,509959,509959,423,423
202301,'316,ジャマイカ,2185010,2185010,234564,234564
202301,'317,タークス及びカイコス諸島（英）,14895,14895,649,649
202301,'319,バルバドス,477113,477113,1128,1128
202301,'320,トリニダード・トバゴ,1351780,1351780,1572681,1572681
202301,'321,キューバ,30631,30631,127548,127548
202301,'322,ハイチ,232236,232236,44713,44713
202301,'323,ドミニカ共和国,2668724,2668724,1257578,1257578
202301,'324,プエルトリコ（米）,5656101,5656101,15729403,15729403
202301,'325,米領バージン諸島,7367,7367,-,0
202301,'326,蘭領アンティール,134303,134303,1330,1330
202301,'327,仏領西インド諸島,191076,191076,463,463
202301,'328,ケイマン諸島（英）,63052,63052,527,527
202301,'329,グレナダ,77078,77078,-,0
202301,'330,セントルシア,99132,99132,-,0
202301,'331,アンティグア・バーブーダ,99121,99121,-,0
202301,'332,英領バージン諸島,11428,11428,251,251
202301,'333,ドミニカ,13152,13152,1475,1475
202301,'335,セントクリストファー・ネービス,37325,37325,682,682
202301,'336,セントビンセント,27329,27329,-,0
202301,'337,英領アンギラ,23961,23961,-,0
202301,'338,サン・バルテルミー島（仏）,8069,8069,-,0
202301,'401,コロンビア,9533311,9533311,4115368,4115368
202301,'402,ベネズエラ,393285,393285,76324,76324
202301,'403,ガイアナ,1239627,1239627,21864,21864
202301,'404,スリナム,376037,376037,28017,28017
202301,'405,仏領ギアナ,46586,46586,-,0
202301,'406,エクアドル,5389515,5389515,14697344,14697344
202301,'407,ペルー,7182181,7182181,38480179,38480179
202301,'408,ボリビア,808842,808842,845245,845245
202301,'409,チリ,21366684,21366684,106517013,106517013
202301,'410,ブラジル,37818484,37818484,133653545,133653545
202301,'411,パラグアイ,955438,955438,82460,82460
202301,'412,ウルグアイ,937278,937278,943055,943055
202301,'413,アルゼンチン,7169223,7169223,11847073,11847073
202301,'414,フォークランド諸島及びその附属諸島（英）,720,720,-,0
202301,'501,モロッコ,2578066,2578066,2289647,2289647
202301,'502,セウタ及びメリリア（西）,-,0,1260,1260
202301,'503,アルジェリア,1073624,1073624,5891041,5891041
202301,'504,チュニジア,574922,574922,2617786,2617786
202301,'505,リビア,422095,422095,765,765
202301,'506,エジプト,3205285,3205285,14335113,14335113
202301,'507,スーダン,941477,941477,269752,269752
202301,'509,モーリタニア,179853,179853,3211387,3211387
202301,'510,セネガル,970495,970495,223426,223426
202301,'511,ガンビア,59630,59630,-,0
202301,'512,ギニア・ビサウ,1198,1198,-,0
202301,'513,ギニア,102007,102007,83792,83792
202301,'514,シエラレオネ,25956,25956,1641512,1641512
202301,'515,リベリア,34814789,34814789,315,315
202301,'516,コートジボワール,459656,459656,194653,194653
202301,'517,ガーナ,1008966,1008966,845435,845435
202301,'518,トーゴ,595721,595721,23460,23460
202301,'519,ベナン,16793,16793,232,232
202301,'520,マリ,277711,277711,8168,8168
202301,'521,ブルキナファソ,38171,38171,69034,69034
202301,'522,カーボベルデ,49303,49303,-,0
202301,'523,カナリー諸島（西）,309365,309365,-,0
202301,'524,ナイジェリア,3120385,3120385,2727927,2727927
202301,'525,ニジェール,101069,101069,1538,1538
202301,'526,ルワンダ,103920,103920,112787,112787
202301,'527,カメルーン,251105,251105,64670,64670
202301,'528,チャド,3072,3072,-,0
202301,'529,中央アフリカ,52346,52346,6036,6036
202301,'530,赤道ギニア,1218,1218,14332879,14332879
202301,'531,ガボン,278335,278335,134379,134379
202301,'532,コンゴ共和国,14875,14875,96148,96148
202301,'533,コンゴ民主共和国,1158607,1158607,8453,8453
202301,'534,ブルンジ,81326,81326,62742,62742
202301,'535,アンゴラ,672388,672388,42554,42554
202301,'537,セントヘレナ及びその附属諸島（英）,571,571,1472,1472
202301,'538,エチオピア,125094,125094,582776,582776
202301,'539,ジブチ,398513,398513,-,0
202301,'540,ソマリア,30748,30748,79428,79428
202301,'541,ケニア,9080740,9080740,648349,648349
202301,'542,ウガンダ,1351547,1351547,165944,165944
202301,'543,タンザニア,4802504,4802504,1368509,1368509
202301,'544,セーシェル,82547,82547,1184900,1184900
202301,'545,モザンビーク,963196,963196,1377898,1377898
202301,'546,マダガスカル,58579,58579,3896500,3896500
202301,'547,モーリシャス,1713386,1713386,62307,62307
202301,'548,レユニオン（仏）,325912,325912,-,0
202301,'549,ジンバブエ,285463,285463,368063,368063
202301,'550,ナミビア,262240,262240,31120,31120
202301,'551,南アフリカ共和国,22510422,22510422,96909178,96909178
202301,'552,レソト,69206,69206,-,0
202301,'553,マラウイ,284983,284983,148022,148022
202301,'554,ザンビア,1009460,1009460,115149,115149
202301,'555,ボツワナ,130509,130509,254029,254029
202301,'556,エスワティニ,41859,41859,34449,34449
202301,'558,コモロ,8091,8091,2853,2853
202301,'559,エリトリア,-,0,347,347
202301,'560,南スーダン,172418,172418,-,0
202301,'601,オーストラリア,173744089,173744089,1030661208,1030661208
202301,'602,パプアニューギニア,1945938,1945938,56605457,56605457
202301,'605,その他のオーストラリア領,-,0,5590,5590
202301,'606,ニュージーランド,23712956,23712956,27976277,27976277
202301,'607,クック,28407,28407,88297,88297
202301,'610,サモア,60654,60654,2350,2350
202301,'611,バヌアツ,105075,105075,189064,189064
202301,'612,フィジー,403617,403617,180714,180714
202301,'613,ソロモン,110597,110597,18513,18513
202301,'614,トンガ,50060,50060,5599,5599
202301,'615,キリバス,40719,40719,65270,65270
202301,'617,ナウル,21635,21635,24152,24152
202301,'618,ニューカレドニア（仏）,128567,128567,3396254,3396254
202301,'619,仏領ポリネシア,115502,115502,299775,299775
202301,'620,グアム（米）,728717,728717,987,987
202301,'621,米領サモア,6551,6551,-,0
202301,'622,米領オセアニア,-,0,4184,4184
202301,'624,ツバル,2307,2307,78198,78198
202301,'625,マーシャル,7612756,7612756,78441,78441
202301,'626,ミクロネシア,153528,153528,88453,88453
202301,'627,北マリアナ諸島（米）,89384,89384,-,0
202301,'628,パラオ,65248,65248,5334,5334
202301,'702,不明,-,0,11208,11208
202302,'103,大韓民国,531549797,1044517810,322120843,665688862
202302,'105,中華人民共和国,1316270675,2283798565,1527725865,3919813033
202302,'106,台湾,522303390,942786431,379489207,793214833
202302,'107,モンゴル,5059778,8646704,1532201,1715540
202302,'108,香港,363244083,618997736,19125629,31543982
202302,'110,ベトナム,179885335,332322312,211132764,532655688
202302,'111,タイ,344211018,646026669,287679409,565992468
202302,'112,シンガポール,202669123,421653631,111897843,207451821
202302,'113,マレーシア,163144587,303394578,285760838,588084605
202302,'116,ブルネイ,497253,944159,38605820,80653430
202302,'117,フィリピン,113572862,222384583,126368179,243129428
202302,'118,インドネシア,159889408,314661770,322298449,684889062
202302,'120,カンボジア,5961164,9967521,24011066,46372921
202302,'121,ラオス,1343553,1742148,1916843,3916760
202302,'122,ミャンマー,4596128,9161216,18849788,36449862
202302,'123,インド,185226899,338398489,59843957,133100720
202302,'124,パキスタン,9189588,16355135,2402929,5231097
202302,'125,スリランカ,2109586,3075705,2454023,5683887
202302,'126,モルディブ,600160,973138,51155,103765
202302,'127,バングラデシュ,16947757,38224627,19441934,39246583
202302,'128,東ティモール,64199,73854,395867,2585694
202302,'129,マカオ,5219050,8485107,109678,257954
202302,'130,アフガニスタン,183075,300813,1368,90057
202302,'131,ネパール,335911,479069,105343,231451
202302,'132,ブータン,17196,24503,4820,17099
202302,'133,イラン,796809,1242199,387468,738561
202302,'134,イラク,6685798,13687070,5138,5138
202302,'135,バーレーン,6981107,13321188,6839348,17214197
202302,'137,サウジアラビア,69472326,126971641,426739159,879077771
202302,'138,クウェート,21514282,37658129,75963902,202811770
202302,'140,カタール,16882380,30860567,142672645,285718231
202302,'141,オマーン,12201594,22364573,38552844,78244376
202302,'143,イスラエル,14096603,28616881,14310724,32616065
202302,'144,ヨルダン,5028777,10889856,462469,1184409
202302,'145,シリア,20945,138413,230,16511
202302,'146,レバノン,1998726,5904921,142970,300428
202302,'147,アラブ首長国連邦,111939933,204470275,364066299,818513445
202302,'149,イエメン,2147699,3948217,136677,201735
202302,'150,アゼルバイジャン,364044,1101867,92362,210800
202302,'151,アルメニア,152371,352894,157519,529600
202302,'152,ウズベキスタン,2120563,3341035,652446,1086297
202302,'153,カザフスタン,11577353,19822375,6429933,15640245
202302,'154,キルギス,225325,767674,15809,15809
202302,'155,タジキスタン,345110,488847,907,907
202302,'156,トルクメニスタン,844591,1078574,-,861
202302,'157,ジョージア,4973248,9709148,132786,248929
202302,'158,ヨルダン川西岸及びガザ,38273,40203,-,0
202302,'201,アイスランド,1780160,3001351,1390499,3911163
202302,'202,ノルウェー,9876730,24212939,15665188,34043832
202302,'203,スウェーデン,20342893,35159683,35939698,61175123
202302,'204,デンマーク,9144467,14078338,25146631,47284550
202302,'205,英国,121042240,255629720,69259434,140609562
202302,'206,アイルランド,15483468,34892011,76965506,133045844
202302,'207,オランダ,137628776,262731006,30585284,61377425
202302,'208,ベルギー,65700538,121745885,34878957,60277082
202302,'209,ルクセンブルク,5425622,11492182,1159421,2365642
202302,'210,フランス,71899054,134630510,100934028,212353709
202302,'211,モナコ,11615,20562,25440,45488
202302,'212,アンドラ,1064,1064,1451,1451
202302,'213,ドイツ,198489156,371385543,262482497,500390579
202302,'215,スイス,57063211,108749214,93385731,174907064
202302,'217,ポルトガル,5331686,11081055,3987440,9818538
202302,'218,スペイン,29832243,57894835,76018211,170480478
202302,'219,ジブラルタル（英）,1330149,2399988,17656,18063
202302,'220,イタリア,62480099,117079174,124611337,240853861
202302,'221,マルタ,1088420,2432077,3546221,6829200
202302,'222,フィンランド,5459997,10536372,18923472,39884351
202302,'223,ポーランド,50620817,87939057,13318553,24958699
202302,'224,ロシア,33746949,77480066,91116938,232027892
202302,'225,オーストリア,16656189,32491287,20401895,41649816
202302,'227,ハンガリー,20219557,37247867,11194602,28307783
202302,'228,セルビア,354036,888537,4132010,9863166
202302,'229,アルバニア,44647,109037,385653,513871
202302,'230,ギリシャ,3245265,10015744,10127222,24021388
202302,'231,ルーマニア,4682327,8438621,16481299,33000814
202302,'232,ブルガリア,1703582,3570839,1341435,2637059
202302,'233,キプロス,2934665,9964357,6076,7567
202302,'234,トルコ,39023488,71409681,11974005,22949529
202302,'235,エストニア,3104523,4518354,2048720,4726622
202302,'236,ラトビア,335040,693390,881104,2182584
202302,'237,リトアニア,832776,1731586,1711986,3025660
202302,'238,ウクライナ,6123050,14634066,1980839,2817885
202302,'239,ベラルーシ,188234,321952,64771,94592
202302,'240,モルドバ,35065,72968,392353,612276
202302,'241,クロアチア,971359,2581591,185228,442763
202302,'242,スロベニア,2283877,4120338,1590669,4117845
202302,'243,ボスニア・ヘルツェゴビナ,32014,55733,152407,286561
202302,'244,北マケドニア,100421,187036,181142,295760
202302,'245,チェコ,22974805,45282670,15243161,31461030
202302,'246,スロバキア,1516669,2931167,4179056,8618421
202302,'247,モンテネグロ,34126,57330,6913,11510
202302,'248,コソボ,13846,20430,436,436
202302,'249,フェロー諸島（デンマーク）,-,0,112500,181066
202302,'301,グリーンランド（デンマーク）,-,0,532661,1371352
202302,'302,カナダ,109717714,186489214,153089868,325086662
202302,'304,アメリカ合衆国,1456008078,2687143396,925375677,1878383783
202302,'305,メキシコ,132660157,256023649,55687161,113477109
202302,'306,グアテマラ,4664009,6748592,1447400,2085041
202302,'307,ホンジュラス,2219037,3404785,566719,1034957
202302,'308,ベリーズ,214187,263261,54411,112731
202302,'309,エルサルバドル,2136971,3164584,205667,390941
202302,'310,ニカラグア,1253564,2158426,146705,424310
202302,'311,コスタリカ,3939310,7475312,7135188,11972061
202302,'312,パナマ,24297894,76209912,13570390,30019800
202302,'314,バーミュダ（英）,120218,274772,4699,4699
202302,'315,バハマ,657651,1167610,8468,8891
202302,'316,ジャマイカ,3456241,5641251,75695,310259
202302,'317,タークス及びカイコス諸島（英）,123850,138745,-,649
202302,'319,バルバドス,4449109,4926222,2857,3985
202302,'320,トリニダード・トバゴ,2057652,3409432,2356684,3929365
202302,'321,キューバ,16546,47177,9828,137376
202302,'322,ハイチ,173166,405402,31909,76622
202302,'323,ドミニカ共和国,3626328,6295052,900540,2158118
202302,'324,プエルトリコ（米）,10324449,15980550,13520295,29249698
202302,'325,米領バージン諸島,11128,18495,332,332
202302,'326,蘭領アンティール,264162,398465,364,1694
202302,'327,仏領西インド諸島,247626,438702,2381,2844
202302,'328,ケイマン諸島（英）,343027,406079,3313733,3314260
202302,'329,グレナダ,182717,259795,-,0
202302,'330,セントルシア,298941,398073,-,0
202302,'331,アンティグア・バーブーダ,364156,463277,-,0
202302,'332,英領バージン諸島,12575,24003,-,251
202302,'333,ドミニカ,90880,104032,1071,2546
202302,'334,モントセラト（英）,13820,13820,-,0
202302,'335,セントクリストファー・ネービス,104118,141443,-,682
202302,'336,セントビンセント,135906,163235,-,0
202302,'337,英領アンギラ,39912,63873,989,989
202302,'338,サン・バルテルミー島（仏）,40715,48784,-,0
202302,'401,コロンビア,12169152,21702463,11636396,15751764
202302,'402,ベネズエラ,533896,927181,49751,126075
202302,'403,ガイアナ,1738728,2978355,533638,555502
202302,'404,スリナム,629079,1005116,2086,30103
202302,'405,仏領ギアナ,60762,107348,-,0
202302,'406,エクアドル,5973399,11362914,11295975,25993319
202302,'407,ペルー,6747930,13930111,44207303,82687482
202302,'408,ボリビア,1185739,1994581,3800298,4645543
202302,'409,チリ,22930584,44297268,102164141,208681154
202302,'410,ブラジル,49347837,87166321,120316211,253969756
202302,'411,パラグアイ,748677,1704115,40962,123422
202302,'412,ウルグアイ,764773,1702051,512509,1455564
202302,'413,アルゼンチン,10188445,17357668,4379338,16226411
202302,'414,フォークランド諸島及びその附属諸島（英）,830,1550,15155,15155
202302,'501,モロッコ,2726823,5304889,5078369,7368016
202302,'502,セウタ及びメリリア（西）,-,0,1669,2929
202302,'503,アルジェリア,1013090,2086714,7385632,13276673
202302,'504,チュニジア,878189,1453111,2605824,5223610
202302,'505,リビア,426623,848718,-,765
202302,'506,エジプト,7588227,10793512,681641,15016754
202302,'507,スーダン,863890,1805367,94178,363930
202302,'508,西サハラ,-,0,828663,828663
202302,'509,モーリタニア,167947,347800,1590839,4802226
202302,'510,セネガル,551242,1521737,236410,459836
202302,'511,ガンビア,14724,74354,-,0
202302,'512,ギニア・ビサウ,-,1198,-,0
202302,'513,ギニア,39495,141502,67861,151653
202302,'514,シエラレオネ,108401,134357,369,1641881
202302,'515,リベリア,14738241,49553030,-,315
202302,'516,コートジボワール,558527,1018183,167745,362398
202302,'517,ガーナ,896695,1905661,742894,1588329
202302,'518,トーゴ,67404,663125,99656,123116
202302,'519,ベナン,87590,104383,-,232
202302,'520,マリ,148357,426068,987,9155
202302,'521,ブルキナファソ,151725,189896,119378,188412
202302,'522,カーボベルデ,52679,101982,-,0
202302,'523,カナリー諸島（西）,266725,576090,5972,5972
202302,'524,ナイジェリア,2486414,5606799,2354184,5082111
202302,'525,ニジェール,916,101985,1826,3364
202302,'526,ルワンダ,17694,121614,40226,153013
202302,'527,カメルーン,246607,497712,57491,122161
202302,'528,チャド,10068,13140,9454,9454
202302,'529,中央アフリカ,9260,61606,4168,10204
202302,'530,赤道ギニア,506,1724,-,14332879
202302,'531,ガボン,299954,578289,674878,809257
202302,'532,コンゴ共和国,9964,24839,58691,154839
202302,'533,コンゴ民主共和国,2364429,3523036,8666,17119
202302,'534,ブルンジ,134918,216244,57140,119882
202302,'535,アンゴラ,334533,1006921,48265,90819
202302,'537,セントヘレナ及びその附属諸島（英）,-,571,130015,131487
202302,'538,エチオピア,641634,766728,591081,1173857
202302,'539,ジブチ,584724,983237,-,0
202302,'540,ソマリア,26772,57520,69389,148817
202302,'541,ケニア,8262246,17342986,847361,1495710
202302,'542,ウガンダ,1502185,2853732,208220,374164
202302,'543,タンザニア,5156981,9959485,1619541,2988050
202302,'544,セーシェル,66219,148766,564654,1749554
202302,'545,モザンビーク,1099805,2063001,1277263,2655161
202302,'546,マダガスカル,318514,377093,5708021,9604521
202302,'547,モーリシャス,1741951,3455337,88521,150828
202302,'548,レユニオン（仏）,247765,573677,698,698
202302,'549,ジンバブエ,691017,976480,321840,689903
202302,'550,ナミビア,148694,410934,76277,107397
202302,'551,南アフリカ共和国,28561830,51072252,100355615,197264793
202302,'552,レソト,90250,159456,515,515
202302,'553,マラウイ,256769,541752,233373,381395
202302,'554,ザンビア,1079226,2088686,93755,208904
202302,'555,ボツワナ,155588,286097,381403,635432
202302,'556,エスワティニ,44372,86231,28488,62937
202302,'558,コモロ,-,8091,588,3441
202302,'559,エリトリア,-,0,-,347
202302,'560,南スーダン,185985,358403,-,0
202302,'601,オーストラリア,182378345,356122434,895780671,1926441879
202302,'602,パプアニューギニア,1613471,3559409,31826873,88432330
202302,'605,その他のオーストラリア領,-,0,3902,9492
202302,'606,ニュージーランド,26634988,50347944,24870001,52846278
202302,'607,クック,18708,47115,54848,143145
202302,'610,サモア,178121,238775,-,2350
202302,'611,バヌアツ,106959,212034,525306,714370
202302,'612,フィジー,669372,1072989,157173,337887
202302,'613,ソロモン,298642,409239,19061,37574
202302,'614,トンガ,93578,143638,1971,7570
202302,'615,キリバス,82040,122759,118081,183351
202302,'616,ピットケルン（英）,-,0,728,728
202302,'617,ナウル,391388,413023,575,24727
202302,'618,ニューカレドニア（仏）,1148817,1277384,1865267,5261521
202302,'619,仏領ポリネシア,260657,376159,170846,470621
202302,'620,グアム（米）,617935,1346652,14221,15208
202302,'621,米領サモア,34860,41411,-,0
202302,'622,米領オセアニア,-,0,298,4482
202302,'624,ツバル,349285,351592,36068,114266
202302,'625,マーシャル,17715282,25328038,2368353,2446794
202302,'626,ミクロネシア,108292,261820,42864,131317
202302,'627,北マリアナ諸島（米）,135096,224480,649,649
202302,'628,パラオ,91928,157176,8212,13546
202302,'702,不明,-,0,18928,30136
202303,'103,大韓民国,620199512,1664717322,345304734,1010993596
202303,'105,中華人民共和国,1551788364,3835586929,2118181529,6037994562
202303,'106,台湾,571400428,1514186859,398816429,1192031262
202303,'107,モンゴル,9482429,18129133,232838,1948378
202303,'108,香港,373138453,992136189,34517832,66061814
202303,'110,ベトナム,199305241,531627553,315299349,847955037
202303,'111,タイ,380543020,1026569689,315064457,881056925
202303,'112,シンガポール,253622168,675275799,112984147,320435968
202303,'113,マレーシア,176480865,479875443,266212612,854297217
202303,'116,ブルネイ,966128,1910287,27609395,108262825
202303,'117,フィリピン,114734894,337119477,127286929,370416357
202303,'118,インドネシア,177842455,492504225,325469923,1010358985
202303,'120,カンボジア,6261731,16229252,24727404,71100325
202303,'121,ラオス,1369166,3111314,2195841,6112601
202303,'122,ミャンマー,4827653,13988869,22220987,58670849
202303,'123,インド,210055974,548454463,70577458,203678178
202303,'124,パキスタン,9486115,25841250,2387808,7618905
202303,'125,スリランカ,1776638,4852343,3412459,9096346
202303,'126,モルディブ,442761,1415899,55026,158791
202303,'127,バングラデシュ,25445452,63670079,20822857,60069440
202303,'128,東ティモール,181853,255707,20819,2606513
202303,'129,マカオ,6073631,14558738,161594,419548
202303,'130,アフガニスタン,154681,455494,21110,111167
202303,'131,ネパール,302074,781143,110799,342250
202303,'132,ブータン,18135,42638,333,17432
202303,'133,イラン,791596,2033795,402487,1141048
202303,'134,イラク,10464486,24151556,1880,7018
202303,'135,バーレーン,7309676,20630864,19502588,36716785
202303,'137,サウジアラビア,95627619,222599260,388180731,1267258502
202303,'138,クウェート,28392609,66050738,149627288,352439058
202303,'140,カタール,21511365,52371932,112066102,397784333
202303,'141,オマーン,17059059,39423632,31387085,109631461
202303,'143,イスラエル,24842553,53459434,16355362,48971427
202303,'144,ヨルダン,5928351,16818207,2579511,3763920
202303,'145,シリア,9805,148218,1259,17770
202303,'146,レバノン,3177323,9082244,92011,392439
202303,'147,アラブ首長国連邦,120935549,325405824,443160142,1261673587
202303,'149,イエメン,2536087,6484304,58574,260309
202303,'150,アゼルバイジャン,358442,1460309,155126,365926
202303,'151,アルメニア,455031,807925,235454,765054
202303,'152,ウズベキスタン,2579892,5920927,366373,1452670
202303,'153,カザフスタン,16219585,36041960,8106385,23746630
202303,'154,キルギス,432433,1200107,10708,26517
202303,'155,タジキスタン,571756,1060603,474,1381
202303,'156,トルクメニスタン,1746573,2825147,6899,7760
202303,'157,ジョージア,6600909,16310057,269132,518061
202303,'158,ヨルダン川西岸及びガザ,62922,103125,15408,15408
202303,'201,アイスランド,2084981,5086332,1873038,5784201
202303,'202,ノルウェー,10155096,34368035,18854972,52898804
202303,'203,スウェーデン,20243430,55403113,40752177,101927300
202303,'204,デンマーク,6911826,20990164,24964556,72249106
202303,'205,英国,131323576,386953296,83023127,223632689
202303,'206,アイルランド,22498499,57390510,57895522,190941366
202303,'207,オランダ,162016313,424747319,46065422,107442847
202303,'208,ベルギー,77713079,199458964,28092499,88369581
202303,'209,ルクセンブルク,7213647,18705829,1003319,3368961
202303,'210,フランス,89115871,223746381,122674693,335028402
202303,'211,モナコ,7996,28558,17617,63105
202303,'212,アンドラ,2026,3090,233,1684
202303,'213,ドイツ,232664063,604049606,238595805,738986384
202303,'215,スイス,53254036,162003250,94160612,269067676
202303,'217,ポルトガル,7153952,18235007,7813741,17632279
202303,'218,スペイン,38005213,95900048,71179040,241659518
202303,'219,ジブラルタル（英）,1795681,4195669,-,18063
202303,'220,イタリア,71148013,188227187,119141632,359995493
202303,'221,マルタ,1574965,4007042,1455322,8284522
202303,'222,フィンランド,5620446,16156818,19704834,59589185
202303,'223,ポーランド,37245937,125184994,11252993,36211692
202303,'224,ロシア,41528182,119008248,93544207,325572099
202303,'225,オーストリア,17386915,49878202,27975517,69625333
202303,'227,ハンガリー,21538840,58786707,15224903,43532686
202303,'228,セルビア,963441,1851978,4010990,13874156
202303,'229,アルバニア,31929,140966,178529,692400
202303,'230,ギリシャ,7412459,17428203,8405964,32427352
202303,'231,ルーマニア,5947557,14386178,14879462,47880276
202303,'232,ブルガリア,2332294,5903133,1158951,3796010
202303,'233,キプロス,5341976,15306333,14331,21898
202303,'234,トルコ,49369641,120779322,15701327,38650856
202303,'235,エストニア,3037362,7555716,1448693,6175315
202303,'236,ラトビア,288893,982283,1076269,3258853
202303,'237,リトアニア,1165077,2896663,1948916,4974576
202303,'238,ウクライナ,7812639,22446705,1227901,4045786
202303,'239,ベラルーシ,135633,457585,26329,120921
202303,'240,モルドバ,64406,137374,307799,920075
202303,'241,クロアチア,3603539,6185130,209704,652467
202303,'242,スロベニア,2484699,6605037,2696833,6814678
202303,'243,ボスニア・ヘルツェゴビナ,24145,79878,163311,449872
202303,'244,北マケドニア,231191,418227,173308,469068
202303,'245,チェコ,24582337,69865007,16029455,47490485
202303,'246,スロバキア,1916456,4847623,8627644,17246065
202303,'247,モンテネグロ,17923,75253,-,11510
202303,'248,コソボ,5650,26080,883,1319
202303,'249,フェロー諸島（デンマーク）,-,0,57313,238379
202303,'301,グリーンランド（デンマーク）,-,0,909098,2280450
202303,'302,カナダ,125620738,312109952,195662536,520749198
202303,'304,アメリカ合衆国,1676976182,4364119578,1035494875,2913878658
202303,'305,メキシコ,161374244,417397893,65506796,178983905
202303,'306,グアテマラ,6258426,13007018,1707417,3792458
202303,'307,ホンジュラス,2461445,5866230,872317,1907274
202303,'308,ベリーズ,65728,328989,20114,132845
202303,'309,エルサルバドル,2296460,5461044,246858,637799
202303,'310,ニカラグア,1380915,3539341,399517,823827
202303,'311,コスタリカ,5361303,12836615,7552141,19524202
202303,'312,パナマ,56411083,132620995,2264821,32284621
202303,'314,バーミュダ（英）,74396,349168,-,4699
202303,'315,バハマ,11513142,12680752,1837,10728
202303,'316,ジャマイカ,2663798,8305049,187478,497737
202303,'317,タークス及びカイコス諸島（英）,95840,234585,797,1446
202303,'319,バルバドス,684835,5611057,589,4574
202303,'320,トリニダード・トバゴ,2423249,5832681,6604999,10534364
202303,'321,キューバ,27495,74672,74660,212036
202303,'322,ハイチ,47627,453029,72948,149570
202303,'323,ドミニカ共和国,4977273,11272325,1534772,3692890
202303,'324,プエルトリコ（米）,8969044,24949594,24091183,53340881
202303,'325,米領バージン諸島,45438,63933,-,332
202303,'326,蘭領アンティール,332672,731137,-,1694
202303,'327,仏領西インド諸島,338693,777395,2531,5375
202303,'328,ケイマン諸島（英）,120977,527056,-,3314260
202303,'329,グレナダ,179191,438986,-,0
202303,'330,セントルシア,147481,545554,-,0
202303,'331,アンティグア・バーブーダ,211400,674677,-,0
202303,'332,英領バージン諸島,59521,83524,-,251
202303,'333,ドミニカ,35818,139850,464,3010
202303,'334,モントセラト（英）,497,14317,-,0
202303,'335,セントクリストファー・ネービス,151217,292660,-,682
202303,'336,セントビンセント,34985,198220,-,0
202303,'337,英領アンギラ,21417,85290,807,1796
202303,'338,サン・バルテルミー島（仏）,8695,57479,-,0
202303,'401,コロンビア,14039925,35742388,12522751,28274515
202303,'402,ベネズエラ,669306,1596487,179142,305217
202303,'403,ガイアナ,1684790,4663145,27570,583072
202303,'404,スリナム,739667,1744783,50634,80737
202303,'405,仏領ギアナ,46539,153887,1211,1211
202303,'406,エクアドル,7033994,18396908,9281855,35275174
202303,'407,ペルー,14682785,28612896,23843093,106530575
202303,'408,ボリビア,1979465,3974046,383042,5028585
202303,'409,チリ,19810855,64108123,103964956,312646110
202303,'410,ブラジル,58336603,145502924,148636444,402606200
202303,'411,パラグアイ,1416801,3120916,210619,334041
202303,'412,ウルグアイ,1004504,2706555,673276,2128840
202303,'413,アルゼンチン,9559227,26916895,7425222,23651633
202303,'414,フォークランド諸島及びその附属諸島（英）,-,1550,38865,54020
202303,'501,モロッコ,3308019,8612908,3502177,10870193
202303,'502,セウタ及びメリリア（西）,-,0,1662,4591
202303,'503,アルジェリア,378500,2465214,8557507,21834180
202303,'504,チュニジア,669188,2122299,929317,6152927
202303,'505,リビア,613341,1462059,-,765
202303,'506,エジプト,8124674,18918186,863860,15880614
202303,'507,スーダン,716842,2522209,210115,574045
202303,'508,西サハラ,-,0,-,828663
202303,'509,モーリタニア,279817,627617,2601753,7403979
202303,'510,セネガル,608604,2130341,439405,899241
202303,'511,ガンビア,-,74354,301,301
202303,'512,ギニア・ビサウ,142399,143597,-,0
202303,'513,ギニア,52097,193599,319300,470953
202303,'514,シエラレオネ,4209,138566,444,1642325
202303,'515,リベリア,21730633,71283663,1436,1751
202303,'516,コートジボワール,888100,1906283,268631,631029
202303,'517,ガーナ,1712964,3618625,2856669,4444998
202303,'518,トーゴ,307300,970425,276777,399893
202303,'519,ベナン,22802,127185,61302,61534
202303,'520,マリ,283740,709808,216032,225187
202303,'521,ブルキナファソ,61392,251288,991159,1179571
202303,'522,カーボベルデ,29995,131977,-,0
202303,'523,カナリー諸島（西）,306515,882605,-,5972
202303,'524,ナイジェリア,2661649,8268448,3561681,8643792
202303,'525,ニジェール,51457,153442,8066,11430
202303,'526,ルワンダ,27402,149016,20926,173939
202303,'527,カメルーン,635613,1133325,80081,202242
202303,'528,チャド,-,13140,-,9454
202303,'529,中央アフリカ,1756,63362,323,10527
202303,'530,赤道ギニア,-,1724,-,14332879
202303,'531,ガボン,665644,1243933,340459,1149716
202303,'532,コンゴ共和国,6026,30865,76619,231458
202303,'533,コンゴ民主共和国,3051367,6574403,744796,761915
202303,'534,ブルンジ,161399,377643,14906,134788
202303,'535,アンゴラ,904081,1911002,53620,144439
202303,'536,サントメ・プリンシペ,1282,1282,-,0
202303,'537,セントヘレナ及びその附属諸島（英）,-,571,45731,177218
202303,'538,エチオピア,437738,1204466,682311,1856168
202303,'539,ジブチ,1069610,2052847,900,900
202303,'540,ソマリア,41791,99311,150321,299138
202303,'541,ケニア,13583401,30926387,1109674,2605384
202303,'542,ウガンダ,1862083,4715815,136254,510418
202303,'543,タンザニア,9066451,19025936,1576029,4564079
202303,'544,セーシェル,85097,233863,336614,2086168
202303,'545,モザンビーク,1204463,3267464,867350,3522511
202303,'546,マダガスカル,173469,550562,4564955,14169476
202303,'547,モーリシャス,1603304,5058641,160192,311020
202303,'548,レユニオン（仏）,418795,992472,87723,88421
202303,'549,ジンバブエ,575965,1552445,153867,843770
202303,'550,ナミビア,313653,724587,98677,206074
202303,'551,南アフリカ共和国,26753686,77825938,87466630,284731423
202303,'552,レソト,158439,317895,169613,170128
202303,'553,マラウイ,873159,1414911,327924,709319
202303,'554,ザンビア,972755,3061441,141269,350173
202303,'555,ボツワナ,175016,461113,58819,694251
202303,'556,エスワティニ,45112,131343,31892,94829
202303,'558,コモロ,10755,18846,1415,4856
202303,'559,エリトリア,-,0,3596,3943
202303,'560,南スーダン,225854,584257,-,0
202303,'601,オーストラリア,202542344,558664778,822064345,2748506224
202303,'602,パプアニューギニア,3124455,6683864,34717617,123149947
202303,'605,その他のオーストラリア領,29907,29907,885,10377
202303,'606,ニュージーランド,35703629,86051573,32478324,85324602
202303,'607,クック,23981,71096,90245,233390
202303,'610,サモア,207323,446098,-,2350
202303,'611,バヌアツ,64365,276399,608621,1322991
202303,'612,フィジー,1034373,2107362,92635,430522
202303,'613,ソロモン,167479,576718,-,37574
202303,'614,トンガ,109438,253076,746,8316
202303,'615,キリバス,776870,899629,1321,184672
202303,'616,ピットケルン（英）,-,0,-,728
202303,'617,ナウル,250662,663685,42319,67046
202303,'618,ニューカレドニア（仏）,320028,1597412,1204396,6465917
202303,'619,仏領ポリネシア,156254,532413,1214092,1684713
202303,'620,グアム（米）,1128801,2475453,17132,32340
202303,'621,米領サモア,34969,76380,697,697
202303,'622,米領オセアニア,-,0,4623,9105
202303,'624,ツバル,626496,978088,3778,118044
202303,'625,マーシャル,27333205,52661243,7953,2454747
202303,'626,ミクロネシア,177089,438909,79314,210631
202303,'627,北マリアナ諸島（米）,218321,442801,637,1286
202303,'628,パラオ,98442,255618,16136,29682
202303,'702,不明,-,0,94982,125118
202304,'103,大韓民国,531892195,2196609517,309596397,1320589993
202304,'105,中華人民共和国,1447693413,5283280342,1907801237,7945795799
202304,'106,台湾,539997952,2054184811,427135144,1619166406
202304,'107,モンゴル,9754730,27883863,168594,2116972
202304,'108,香港,357817637,1349953826,8386679,74448493
202304,'110,ベトナム,185949140,717576693,297124975,1145080012
202304,'111,タイ,344213252,1370782941,280276838,1161333763
202304,'112,シンガポール,248739014,924014813,72746291,393182259
202304,'113,マレーシア,145913599,625789042,183544615,1037841832
202304,'116,ブルネイ,526962,2437249,19582323,127845148
202304,'117,フィリピン,112999568,450119045,103603220,474019577
202304,'118,インドネシア,149299045,641803270,267436079,1277795064
202304,'120,カンボジア,6168430,22397682,17305541,88405866
202304,'121,ラオス,1534036,4645350,1747459,7860060
202304,'122,ミャンマー,5362807,19351676,16251394,74922243
202304,'123,インド,168378078,716832541,63708626,267386804
202304,'124,パキスタン,8384878,34226128,2172070,9790975
202304,'125,スリランカ,1899214,6751557,2673395,11769741
202304,'126,モルディブ,376330,1792229,17497,176288
202304,'127,バングラデシュ,21596782,85266861,16477623,76547063
202304,'128,東ティモール,83565,339272,9681,2616194
202304,'129,マカオ,6809832,21368570,92476,512024
202304,'130,アフガニスタン,243599,699093,15596,126763
202304,'131,ネパール,227507,1008650,93711,435961
202304,'132,ブータン,8597,51235,661,18093
202304,'133,イラン,699852,2733647,447347,1588395
202304,'134,イラク,10075896,34227452,1954262,1961280
202304,'135,バーレーン,6657449,27288313,8688164,45404949
202304,'137,サウジアラビア,65086813,287686073,347677966,1614936468
202304,'138,クウェート,24957804,91008542,103587205,456026263
202304,'140,カタール,18483538,70855470,100627791,498412124
202304,'141,オマーン,14110754,53534386,21347049,130978510
202304,'143,イスラエル,18033334,71492768,13661618,62633045
202304,'144,ヨルダン,6960479,23778686,1855418,5619338
202304,'145,シリア,111282,259500,1060,18830
202304,'146,レバノン,2512778,11595022,55592,448031
202304,'147,アラブ首長国連邦,103858225,429264049,418825994,1680499581
202304,'149,イエメン,2786783,9271087,23472,283781
202304,'150,アゼルバイジャン,1051824,2512133,134266,500192
202304,'151,アルメニア,268367,1076292,225508,990562
202304,'152,ウズベキスタン,3656713,9577640,426574,1879244
202304,'153,カザフスタン,8815724,44857684,7694237,31440867
202304,'154,キルギス,249994,1450101,4098,30615
202304,'155,タジキスタン,422022,1482625,-,1381
202304,'156,トルクメニスタン,1571096,4396243,-,7760
202304,'157,ジョージア,6460800,22770857,242653,760714
202304,'158,ヨルダン川西岸及びガザ,16557,119682,-,15408
202304,'201,アイスランド,1237502,6323834,5006847,10791048
202304,'202,ノルウェー,11533864,45901899,17047028,69945832
202304,'203,スウェーデン,20466262,75869375,34976603,136903903
202304,'204,デンマーク,5895888,26886052,31349903,103599009
202304,'205,英国,131918837,518872133,87885554,311518243
202304,'206,アイルランド,32162386,89552896,132641258,323582624
202304,'207,オランダ,156405056,581152375,30992916,138435763
202304,'208,ベルギー,77502989,276961953,32106749,120476330
202304,'209,ルクセンブルク,8352461,27058290,1023027,4391988
202304,'210,フランス,85667848,309414229,107293207,442321609
202304,'211,モナコ,6275,34833,20428,83533
202304,'212,アンドラ,4738,7828,678,2362
202304,'213,ドイツ,239090053,843139659,289247740,1028234124
202304,'215,スイス,74965707,236968957,107623208,376690884
202304,'217,ポルトガル,6971570,25206577,9256785,26889064
202304,'218,スペイン,36185688,132085736,57615432,299274950
202304,'219,ジブラルタル（英）,1645374,5841043,-,18063
202304,'220,イタリア,75908154,264135341,142447381,502442874
202304,'221,マルタ,4109003,8116045,8649774,16934296
202304,'222,フィンランド,5774077,21930895,14570252,74159437
202304,'223,ポーランド,41230592,166415586,13797688,50009380
202304,'224,ロシア,33809375,152817623,69060860,394632959
202304,'225,オーストリア,17799334,67677536,22851228,92476561
202304,'227,ハンガリー,19681243,78467950,16284333,59817019
202304,'228,セルビア,844549,2696527,3224651,17098807
202304,'229,アルバニア,68835,209801,75418,767818
202304,'230,ギリシャ,4730713,22158916,7465704,39893056
202304,'231,ルーマニア,7430650,21816828,14963663,62843939
202304,'232,ブルガリア,1302164,7205297,1147382,4943392
202304,'233,キプロス,13687215,28993548,7310,29208
202304,'234,トルコ,48557213,169336535,14432932,53083788
202304,'235,エストニア,2924382,10480098,1862096,8037411
202304,'236,ラトビア,317394,1299677,741736,4000589
202304,'237,リトアニア,1590838,4487501,1843402,6817978
202304,'238,ウクライナ,7051185,29497890,2125114,6170900
202304,'239,ベラルーシ,319529,777114,34242,155163
202304,'240,モルドバ,102064,239438,258138,1178213
202304,'241,クロアチア,1699996,7885126,5382890,6035357
202304,'242,スロベニア,3366597,9971634,4999025,11813703
202304,'243,ボスニア・ヘルツェゴビナ,14819,94697,92991,542863
202304,'244,北マケドニア,79544,497771,113549,582617
202304,'245,チェコ,28614891,98479898,14021346,61511831
202304,'246,スロバキア,1836754,6684377,6757368,24003433
202304,'247,モンテネグロ,21404,96657,323,11833
202304,'248,コソボ,12480,38560,2145,3464
202304,'249,フェロー諸島（デンマーク）,320,320,163048,401427
202304,'301,グリーンランド（デンマーク）,-,0,1087899,3368349
202304,'302,カナダ,142411492,454521444,197216621,717965819
202304,'304,アメリカ合衆国,1657105154,6021224732,864990511,3778869169
202304,'305,メキシコ,154428367,571826260,67566867,246550772
202304,'306,グアテマラ,5171342,18178360,1849840,5642298
202304,'307,ホンジュラス,2680627,8546857,1144379,3051653
202304,'308,ベリーズ,460831,789820,146095,278940
202304,'309,エルサルバドル,1728606,7189650,263649,901448
202304,'310,ニカラグア,1622814,5162155,349904,1173731
202304,'311,コスタリカ,3626670,16463285,5262410,24786612
202304,'312,パナマ,44731761,177352756,252545,32537166
202304,'314,バーミュダ（英）,139737,488905,-,4699
202304,'315,バハマ,682337,13363089,2318,13046
202304,'316,ジャマイカ,3631429,11936478,157146,654883
202304,'317,タークス及びカイコス諸島（英）,134786,369371,-,1446
202304,'319,バルバドス,934658,6545715,325,4899
202304,'320,トリニダード・トバゴ,2142837,7975518,1035253,11569617
202304,'321,キューバ,52100,126772,119048,331084
202304,'322,ハイチ,279493,732522,76316,225886
202304,'323,ドミニカ共和国,3859365,15131690,1288540,4981430
202304,'324,プエルトリコ（米）,14510273,39459867,11712845,65053726
202304,'325,米領バージン諸島,28260,92193,-,332
202304,'326,蘭領アンティール,262832,993969,21546,23240
202304,'327,仏領西インド諸島,589042,1366437,3441,8816
202304,'328,ケイマン諸島（英）,242899,769955,-,3314260
202304,'329,グレナダ,184589,623575,-,0
202304,'330,セントルシア,227108,772662,400,400
202304,'331,アンティグア・バーブーダ,265867,940544,-,0
202304,'332,英領バージン諸島,30335,113859,-,251
202304,'333,ドミニカ,42785,182635,1536,4546
202304,'334,モントセラト（英）,9537,23854,-,0
202304,'335,セントクリストファー・ネービス,52943,345603,-,682
202304,'336,セントビンセント,62523,260743,-,0
202304,'337,英領アンギラ,14756,100046,-,1796
202304,'338,サン・バルテルミー島（仏）,-,57479,-,0
202304,'401,コロンビア,11516965,47259353,9355759,37630274
202304,'402,ベネズエラ,329741,1926228,81403,386620
202304,'403,ガイアナ,1812448,6475593,14881,597953
202304,'404,スリナム,651198,2395981,31260,111997
202304,'405,仏領ギアナ,77541,231428,-,1211
202304,'406,エクアドル,3321133,21718041,8807360,44082534
202304,'407,ペルー,7333895,35946791,26510371,133040946
202304,'408,ボリビア,1557928,5531974,297507,5326092
202304,'409,チリ,23060339,87168462,109810949,422457059
202304,'410,ブラジル,54264620,199767544,111474420,514080620
202304,'411,パラグアイ,1251479,4372395,135640,469681
202304,'412,ウルグアイ,781698,3488253,786634,2915474
202304,'413,アルゼンチン,10301530,37218425,6067136,29718769
202304,'414,フォークランド諸島及びその附属諸島（英）,-,1550,-,54020
202304,'501,モロッコ,2755077,11367985,3822975,14693168
202304,'502,セウタ及びメリリア（西）,-,0,6689,11280
202304,'503,アルジェリア,3505272,5970486,17842435,39676615
202304,'504,チュニジア,1234587,3356886,2904686,9057613
202304,'505,リビア,438806,1900865,-,765
202304,'506,エジプト,6520575,25438761,10111121,25991735
202304,'507,スーダン,668227,3190436,46705,620750
202304,'508,西サハラ,-,0,-,828663
202304,'509,モーリタニア,361027,988644,1783203,9187182
202304,'510,セネガル,579080,2709421,404336,1303577
202304,'511,ガンビア,4112,78466,-,301
202304,'512,ギニア・ビサウ,-,143597,-,0
202304,'513,ギニア,175047,368646,60446,531399
202304,'514,シエラレオネ,6497,145063,341,1642666
202304,'515,リベリア,10122593,81406256,-,1751
202304,'516,コートジボワール,551713,2457996,234494,865523
202304,'517,ガーナ,847698,4466323,1296207,5741205
202304,'518,トーゴ,132848,1103273,201077,600970
202304,'519,ベナン,3147,130332,-,61534
202304,'520,マリ,154441,864249,21640,246827
202304,'521,ブルキナファソ,58934,310222,1464866,2644437
202304,'522,カーボベルデ,71852,203829,-,0
202304,'523,カナリー諸島（西）,371029,1253634,-,5972
202304,'524,ナイジェリア,2766594,11035042,3597037,12240829
202304,'525,ニジェール,129694,283136,756,12186
202304,'526,ルワンダ,26514,175530,23717,197656
202304,'527,カメルーン,384984,1518309,103396,305638
202304,'528,チャド,17200,30340,-,9454
202304,'529,中央アフリカ,630,63992,4185,14712
202304,'530,赤道ギニア,1498,3222,-,14332879
202304,'531,ガボン,352750,1596683,474845,1624561
202304,'532,コンゴ共和国,5228,36093,46124,277582
202304,'533,コンゴ民主共和国,1170575,7744978,3573,765488
202304,'534,ブルンジ,56868,434511,13172,147960
202304,'535,アンゴラ,835808,2746810,-,144439
202304,'536,サントメ・プリンシペ,19029,20311,-,0
202304,'537,セントヘレナ及びその附属諸島（英）,-,571,42985,220203
202304,'538,エチオピア,173361,1377827,563747,2419915
202304,'539,ジブチ,729160,2782007,-,900
202304,'540,ソマリア,58468,157779,139679,438817
202304,'541,ケニア,10201225,41127612,825802,3431186
202304,'542,ウガンダ,2394462,7110277,175250,685668
202304,'543,タンザニア,5157423,24183359,1534651,6098730
202304,'544,セーシェル,79483,313346,675782,2761950
202304,'545,モザンビーク,1348787,4616251,1086325,4608836
202304,'546,マダガスカル,344640,895202,6309532,20479008
202304,'547,モーリシャス,2133010,7191651,97546,408566
202304,'548,レユニオン（仏）,396723,1389195,44122,132543
202304,'549,ジンバブエ,555790,2108235,110622,954392
202304,'550,ナミビア,578538,1303125,231616,437690
202304,'551,南アフリカ共和国,27383138,105209076,80003671,364735094
202304,'552,レソト,95816,413711,657,170785
202304,'553,マラウイ,375475,1790386,39124,748443
202304,'554,ザンビア,1600388,4661829,48546,398719
202304,'555,ボツワナ,244791,705904,800360,1494611
202304,'556,エスワティニ,44308,175651,35757,130586
202304,'558,コモロ,36615,55461,3992,8848
202304,'559,エリトリア,-,0,429,4372
202304,'560,南スーダン,459433,1043690,-,0
202304,'601,オーストラリア,179865393,738530171,768391340,3516897564
202304,'602,パプアニューギニア,2509552,9193416,40167225,163317172
202304,'605,その他のオーストラリア領,8569,38476,1147,11524
202304,'606,ニュージーランド,30210170,116261743,37489139,122813741
202304,'607,クック,13049,84145,76353,309743
202304,'610,サモア,290754,736852,445,2795
202304,'611,バヌアツ,322134,598533,881442,2204433
202304,'612,フィジー,715107,2822469,19962,450484
202304,'613,ソロモン,216364,793082,-,37574
202304,'614,トンガ,126253,379329,5155,13471
202304,'615,キリバス,136271,1035900,70628,255300
202304,'616,ピットケルン（英）,-,0,-,728
202304,'617,ナウル,236992,900677,-,67046
202304,'618,ニューカレドニア（仏）,601699,2199111,2315676,8781593
202304,'619,仏領ポリネシア,298202,830615,1272845,2957558
202304,'620,グアム（米）,1039036,3514489,6596,38936
202304,'621,米領サモア,22288,98668,-,697
202304,'622,米領オセアニア,-,0,17478,26583
202304,'624,ツバル,190000,1168088,52930,170974
202304,'625,マーシャル,20743069,73404312,8698,2463445
202304,'626,ミクロネシア,131677,570586,79602,290233
202304,'627,北マリアナ諸島（米）,171387,614188,397,1683
202304,'628,パラオ,70710,326328,2217,31899
202304,'702,不明,-,0,26180,151298
202305,'103,大韓民国,489771773,2686381290,321468640,1642058633
202305,'105,中華人民共和国,1341543095,6624823437,1883184645,9828980444
202305,'106,台湾,436982207,2491167018,456574161,2075740567
202305,'107,モンゴル,7327603,35211466,276998,2393970
202305,'108,香港,332688462,1682642288,7635035,82083528
202305,'110,ベトナム,155444661,873021354,274181965,1419261977
202305,'111,タイ,292046086,1662829027,290591746,1451925509
202305,'112,シンガポール,208356110,1132370923,92516792,485699051
202305,'113,マレーシア,167463258,793252300,209340162,1247181994
202305,'116,ブルネイ,426724,2863973,20308303,148153451
202305,'117,フィリピン,104352886,554471931,120583349,594602926
202305,'118,インドネシア,163239572,805042842,234750015,1512545079
202305,'120,カンボジア,6288398,28686080,15568158,103974024
202305,'121,ラオス,1253343,5898693,2363356,10223416
202305,'122,ミャンマー,3918628,23270304,10833181,85755424
202305,'123,インド,175448364,892280905,70414543,337801347
202305,'124,パキスタン,11256688,45482816,2401611,12192586
202305,'125,スリランカ,1765809,8517366,3446768,15216509
202305,'126,モルディブ,352775,2145004,40665,216953
202305,'127,バングラデシュ,20622358,105889219,13699630,90246693
202305,'128,東ティモール,124903,464175,7394,2623588
202305,'129,マカオ,4766482,26135052,153112,665136
202305,'130,アフガニスタン,178210,877303,2127,128890
202305,'131,ネパール,258553,1267203,129046,565007
202305,'132,ブータン,11772,63007,27883,45976
202305,'133,イラン,731782,3465429,400608,1989003
202305,'134,イラク,11452748,45680200,2102237,4063517
202305,'135,バーレーン,6019740,33308053,13041165,58446114
202305,'137,サウジアラビア,57005334,344691407,347489942,1962426410
202305,'138,クウェート,17979568,108988110,98879371,554905634
202305,'140,カタール,13904608,84760078,88350807,586762931
202305,'141,オマーン,12427126,65961512,18189441,149167951
202305,'143,イスラエル,20368984,91861752,12818111,75451156
202305,'144,ヨルダン,5478621,29257307,2447919,8067257
202305,'145,シリア,75161,334661,11801,30631
202305,'146,レバノン,4347189,15942211,15415,463446
202305,'147,アラブ首長国連邦,96228221,525492270,399627923,2080127504
202305,'149,イエメン,2615028,11886115,64334,348115
202305,'150,アゼルバイジャン,298578,2810711,157179,657371
202305,'151,アルメニア,370625,1446917,453118,1443680
202305,'152,ウズベキスタン,2187991,11765631,216098,2095342
202305,'153,カザフスタン,7483026,52340710,4897115,36337982
202305,'154,キルギス,251131,1701232,9434,40049
202305,'155,タジキスタン,169773,1652398,-,1381
202305,'156,トルクメニスタン,2316536,6712779,-,7760
202305,'157,ジョージア,4229794,27000651,212635,973349
202305,'158,ヨルダン川西岸及びガザ,29489,149171,10272,25680
202305,'201,アイスランド,1102208,7426042,2986953,13778001
202305,'202,ノルウェー,10032158,55934057,14262139,84207971
202305,'203,スウェーデン,16098410,91967785,32406510,169310413
202305,'204,デンマーク,5562846,32448898,30324772,133923781
202305,'205,英国,114415710,633287843,84336190,395854433
202305,'206,アイルランド,16397102,105949998,80851589,404434213
202305,'207,オランダ,155982274,737134649,37053187,175488950
202305,'208,ベルギー,68455115,345417068,31161510,151637840
202305,'209,ルクセンブルク,11860929,38919219,797150,5189138
202305,'210,フランス,69005915,378420144,114933188,557254797
202305,'211,モナコ,32560,67393,28473,112006
202305,'212,アンドラ,762,8590,-,2362
202305,'213,ドイツ,214540555,1057680214,262182925,1290417049
202305,'215,スイス,60478659,297447616,94397669,471088553
202305,'217,ポルトガル,9735954,34942531,9399059,36288123
202305,'218,スペイン,33760340,165846076,49899473,349174423
202305,'219,ジブラルタル（英）,1561636,7402679,600,18663
202305,'220,イタリア,66265839,330401180,151971300,654414174
202305,'221,マルタ,1316178,9432223,2734414,19668710
202305,'222,フィンランド,4977050,26907945,16812553,90971990
202305,'223,ポーランド,39155247,205570833,11571598,61580978
202305,'224,ロシア,35564208,188381831,94795103,489428062
202305,'225,オーストリア,18214889,85892425,28628411,121104972
202305,'227,ハンガリー,17694702,96162652,13091522,72908541
202305,'228,セルビア,284295,2980822,5653947,22752754
202305,'229,アルバニア,17404,227205,1028780,1796598
202305,'230,ギリシャ,5709371,27868287,13081875,52974931
202305,'231,ルーマニア,4855230,26672058,15341117,78185056
202305,'232,ブルガリア,1551543,8756840,1321992,6265384
202305,'233,キプロス,3715022,32708570,21665,50873
202305,'234,トルコ,40929906,210266441,14640460,67724248
202305,'235,エストニア,2022899,12502997,2912792,10950203
202305,'236,ラトビア,411301,1710978,740527,4741116
202305,'237,リトアニア,1113491,5600992,1406853,8224831
202305,'238,ウクライナ,3028869,32526759,1573131,7744031
202305,'239,ベラルーシ,40685,817799,9502,164665
202305,'240,モルドバ,34253,273691,259377,1437590
202305,'241,クロアチア,1167852,9052978,2915404,8950761
202305,'242,スロベニア,2742229,12713863,7853716,19667419
202305,'243,ボスニア・ヘルツェゴビナ,7801,102498,174501,717364
202305,'244,北マケドニア,170981,668752,131796,714413
202305,'245,チェコ,21014721,119494619,17403742,78915573
202305,'246,スロバキア,1847998,8532375,6230162,30233595
202305,'247,モンテネグロ,19255,115912,6256,18089
202305,'248,コソボ,47101,85661,1609,5073
202305,'249,フェロー諸島（デンマーク）,-,320,180031,581458
202305,'301,グリーンランド（デンマーク）,500,500,1049473,4417822
202305,'302,カナダ,97254614,551776058,155221294,873187113
202305,'304,アメリカ合衆国,1373862363,7395087095,946886261,4725755430
202305,'305,メキシコ,140514896,712341156,66444875,312995647
202305,'306,グアテマラ,3468455,21646815,2274324,7916622
202305,'307,ホンジュラス,1699190,10246047,1692417,4744070
202305,'308,ベリーズ,320457,1110277,70258,349198
202305,'309,エルサルバドル,1711247,8900897,235249,1136697
202305,'310,ニカラグア,904712,6066867,467482,1641213
202305,'311,コスタリカ,6098657,22561942,6905459,31692071
202305,'312,パナマ,24988789,202341545,13846739,46383905
202305,'314,バーミュダ（英）,120723,609628,-,4699
202305,'315,バハマ,7434257,20797346,27259,40305
202305,'316,ジャマイカ,4965529,16902007,245516,900399
202305,'317,タークス及びカイコス諸島（英）,132547,501918,-,1446
202305,'319,バルバドス,1009443,7555158,270,5169
202305,'320,トリニダード・トバゴ,2225974,10201492,1376829,12946446
202305,'321,キューバ,76717,203489,231926,563010
202305,'322,ハイチ,67705,800227,67697,293583
202305,'323,ドミニカ共和国,4076686,19208376,1657129,6638559
202305,'324,プエルトリコ（米）,7565357,47025224,21816109,86869835
202305,'325,米領バージン諸島,-,92193,-,332
202305,'326,蘭領アンティール,147666,1141635,2292,25532
202305,'327,仏領西インド諸島,379560,1745997,14620,23436
202305,'328,ケイマン諸島（英）,346994,1116949,222,3314482
202305,'329,グレナダ,108996,732571,-,0
202305,'330,セントルシア,220308,992970,-,400
202305,'331,アンティグア・バーブーダ,278807,1219351,-,0
202305,'332,英領バージン諸島,48865,162724,-,251
202305,'333,ドミニカ,78602,261237,743,5289
202305,'334,モントセラト（英）,5121,28975,-,0
202305,'335,セントクリストファー・ネービス,91322,436925,453,1135
202305,'336,セントビンセント,93909,354652,-,0
202305,'337,英領アンギラ,25052,125098,-,1796
202305,'338,サン・バルテルミー島（仏）,-,57479,-,0
202305,'401,コロンビア,11370801,58630154,11603701,49233975
202305,'402,ベネズエラ,595015,2521243,239151,625771
202305,'403,ガイアナ,1776481,8252074,3074,601027
202305,'404,スリナム,697072,3093053,81290,193287
202305,'405,仏領ギアナ,82048,313476,-,1211
202305,'406,エクアドル,4814534,26532575,16714995,60797529
202305,'407,ペルー,8185302,44132093,35375125,168416071
202305,'408,ボリビア,1083834,6615808,5923924,11250016
202305,'409,チリ,17744687,104913149,80574584,503031643
202305,'410,ブラジル,42559002,242326546,124349003,638429623
202305,'411,パラグアイ,1138302,5510697,124605,594286
202305,'412,ウルグアイ,631616,4119869,1209403,4124877
202305,'413,アルゼンチン,10314318,47532743,8203144,37921913
202305,'414,フォークランド諸島及びその附属諸島（英）,-,1550,38453,92473
202305,'501,モロッコ,2547852,13915837,3424979,18118147
202305,'502,セウタ及びメリリア（西）,-,0,204,11484
202305,'503,アルジェリア,612230,6582716,7472597,47149212
202305,'504,チュニジア,669020,4025906,2480149,11537762
202305,'505,リビア,434900,2335765,-,765
202305,'506,エジプト,5097103,30535864,826027,26817762
202305,'507,スーダン,97450,3287886,119717,740467
202305,'508,西サハラ,-,0,-,828663
202305,'509,モーリタニア,138217,1126861,1104265,10291447
202305,'510,セネガル,465318,3174739,406997,1710574
202305,'511,ガンビア,-,78466,-,301
202305,'512,ギニア・ビサウ,-,143597,-,0
202305,'513,ギニア,98754,467400,154981,686380
202305,'514,シエラレオネ,105204,250267,1220231,2862897
202305,'515,リベリア,2062361,83468617,-,1751
202305,'516,コートジボワール,278409,2736405,168496,1034019
202305,'517,ガーナ,1111134,5577457,2923481,8664686
202305,'518,トーゴ,73958,1177231,280395,881365
202305,'519,ベナン,513023,643355,188539,250073
202305,'520,マリ,160594,1024843,96246,343073
202305,'521,ブルキナファソ,43612,353834,1442032,4086469
202305,'522,カーボベルデ,25373,229202,-,0
202305,'523,カナリー諸島（西）,419023,1672657,505,6477
202305,'524,ナイジェリア,2322837,13357879,4749026,16989855
202305,'525,ニジェール,135515,418651,22063,34249
202305,'526,ルワンダ,26322,201852,4481,202137
202305,'527,カメルーン,456668,1974977,219587,525225
202305,'528,チャド,23121,53461,14190,23644
202305,'529,中央アフリカ,98300,162292,8061,22773
202305,'530,赤道ギニア,1281,4503,-,14332879
202305,'531,ガボン,353344,1950027,193387,1817948
202305,'532,コンゴ共和国,27760,63853,69210,346792
202305,'533,コンゴ民主共和国,933743,8678721,955303,1720791
202305,'534,ブルンジ,156796,591307,3598,151558
202305,'535,アンゴラ,471247,3218057,-,144439
202305,'536,サントメ・プリンシペ,11742,32053,1498,1498
202305,'537,セントヘレナ及びその附属諸島（英）,-,571,96036,316239
202305,'538,エチオピア,610141,1987968,922317,3342232
202305,'539,ジブチ,307714,3089721,-,900
202305,'540,ソマリア,23034,180813,102286,541103
202305,'541,ケニア,10799100,51926712,2316195,5747381
202305,'542,ウガンダ,2084506,9194783,197882,883550
202305,'543,タンザニア,6477867,30661226,1822261,7920991
202305,'544,セーシェル,66239,379585,954894,3716844
202305,'545,モザンビーク,1667288,6283539,6603262,11212098
202305,'546,マダガスカル,273209,1168411,5306418,25785426
202305,'547,モーリシャス,1858537,9050188,54703,463269
202305,'548,レユニオン（仏）,375125,1764320,330,132873
202305,'549,ジンバブエ,491632,2599867,306002,1260394
202305,'550,ナミビア,212248,1515373,155626,593316
202305,'551,南アフリカ共和国,27986851,133195927,84410440,449145534
202305,'552,レソト,208548,622259,1071,171856
202305,'553,マラウイ,158041,1948427,169098,917541
202305,'554,ザンビア,1235245,5897074,199817,598536
202305,'555,ボツワナ,176741,882645,699110,2193721
202305,'556,エスワティニ,59593,235244,19009,149595
202305,'558,コモロ,15989,71450,1223,10071
202305,'559,エリトリア,3155,3155,-,4372
202305,'560,南スーダン,179054,1222744,-,0
202305,'601,オーストラリア,132263378,870793549,692675596,4209573160
202305,'602,パプアニューギニア,2047738,11241154,27752182,191069354
202305,'605,その他のオーストラリア領,5613,44089,285,11809
202305,'606,ニュージーランド,32754790,149016533,39104543,161918284
202305,'607,クック,17772,101917,37278,347021
202305,'609,ニウエ,14780,14780,-,0
202305,'610,サモア,128734,865586,5455,8250
202305,'611,バヌアツ,267850,866383,580301,2784734
202305,'612,フィジー,761920,3584389,145135,595619
202305,'613,ソロモン,182783,975865,-,37574
202305,'614,トンガ,126019,505348,-,13471
202305,'615,キリバス,13674,1049574,60800,316100
202305,'616,ピットケルン（英）,-,0,-,728
202305,'617,ナウル,73686,974363,22157,89203
202305,'618,ニューカレドニア（仏）,822052,3021163,2446821,11228414
202305,'619,仏領ポリネシア,517651,1348266,1151522,4109080
202305,'620,グアム（米）,4352381,7866870,7743,46679
202305,'621,米領サモア,20523,119191,-,697
202305,'622,米領オセアニア,-,0,3021,29604
202305,'624,ツバル,3653,1171741,54630,225604
202305,'625,マーシャル,5243534,78647846,289667,2753112
202305,'626,ミクロネシア,192161,762747,254576,544809
202305,'627,北マリアナ諸島（米）,536437,1150625,-,1683
202305,'628,パラオ,90027,416355,1793,33692
202305,'702,不明,-,0,36619,187917
202306,'103,大韓民国,550758722,3237140012,407751266,2049809899
202306,'105,中華人民共和国,1518549324,8143372761,1962268608,11791249052
202306,'106,台湾,496362980,2987529998,380067505,2455808072
202306,'107,モンゴル,11254162,46465628,220531,2614501
202306,'108,香港,434517154,2117159442,32591984,114675512
202306,'110,ベトナム,194074763,1067096117,289749382,1709011359
202306,'111,タイ,349686116,2012515143,309304171,1761229680
202306,'112,シンガポール,253738926,1386109849,96282872,581981923
202306,'113,マレーシア,165230606,958482906,214236240,1461418234
202306,'116,ブルネイ,881274,3745247,8397660,156551111
202306,'117,フィリピン,118900661,673372592,123211898,717814824
202306,'118,インドネシア,173114126,978156968,278112570,1790657649
202306,'120,カンボジア,5585830,34271910,20691142,124665166
202306,'121,ラオス,1498325,7397018,2013597,12237013
202306,'122,ミャンマー,4580962,27851266,11815272,97570696
202306,'123,インド,185657844,1077938749,65390456,403191803
202306,'124,パキスタン,12466721,57949537,2563828,14756414
202306,'125,スリランカ,1513257,10030623,3089966,18306475
202306,'126,モルディブ,443989,2588993,17553,234506
202306,'127,バングラデシュ,17189539,123078758,15755342,106002035
202306,'128,東ティモール,135287,599462,4273,2627861
202306,'129,マカオ,7984714,34119766,197108,862244
202306,'130,アフガニスタン,280919,1158222,19177,148067
202306,'131,ネパール,723070,1990273,120417,685424
202306,'132,ブータン,16780,79787,-,45976
202306,'133,イラン,412463,3877892,186988,2175991
202306,'134,イラク,9912651,55592851,900,4064417
202306,'135,バーレーン,7606638,40914691,10228760,68674874
202306,'137,サウジアラビア,69412987,414104394,363311280,2325737690
202306,'138,クウェート,25116802,134104912,92993034,647898668
202306,'140,カタール,17820527,102580605,64947132,651710063
202306,'141,オマーン,13514284,79475796,23220791,172388742
202306,'143,イスラエル,14926995,106788747,15405275,90856431
202306,'144,ヨルダン,5461794,34719101,350376,8417633
202306,'145,シリア,46023,380684,512,31143
202306,'146,レバノン,2969537,18911748,49751,513197
202306,'147,アラブ首長国連邦,115577599,641069869,343346619,2423474123
202306,'149,イエメン,2607101,14493216,132474,480589
202306,'150,アゼルバイジャン,440870,3251581,241624,898995
202306,'151,アルメニア,301993,1748910,275744,1719424
202306,'152,ウズベキスタン,2646542,14412173,497077,2592419
202306,'153,カザフスタン,12877272,65217982,6866368,43204350
202306,'154,キルギス,375131,2076363,844,40893
202306,'155,タジキスタン,362006,2014404,29857,31238
202306,'156,トルクメニスタン,2255993,8968772,-,7760
202306,'157,ジョージア,7137718,34138369,282160,1255509
202306,'158,ヨルダン川西岸及びガザ,26573,175744,368,26048
202306,'201,アイスランド,1597099,9023141,2492132,16270133
202306,'202,ノルウェー,10451666,66385723,14657568,98865539
202306,'203,スウェーデン,21919961,113887746,26356939,195667352
202306,'204,デンマーク,7275092,39723990,24841682,158765463
202306,'205,英国,136050823,769338666,80945560,476799993
202306,'206,アイルランド,23035182,128985180,61782865,466217078
202306,'207,オランダ,158688521,895823170,55799625,231288575
202306,'208,ベルギー,84216941,429634009,38210041,189847881
202306,'209,ルクセンブルク,9044113,47963332,749766,5938904
202306,'210,フランス,79689818,458109962,127584562,684839359
202306,'211,モナコ,1062,68455,47787,159793
202306,'212,アンドラ,2055,10645,-,2362
202306,'213,ドイツ,242666963,1300347177,255900853,1546317902
202306,'215,スイス,67561131,365008747,103301378,574389931
202306,'217,ポルトガル,8682170,43624701,7967930,44256053
202306,'218,スペイン,40928321,206774397,49629708,398804131
202306,'219,ジブラルタル（英）,2139818,9542497,-,18663
202306,'220,イタリア,76129746,406530926,148207373,802621547
202306,'221,マルタ,1579291,11011514,191054,19859764
202306,'222,フィンランド,6090968,32998913,21890541,112862531
202306,'223,ポーランド,52834462,258405295,14468738,76049716
202306,'224,ロシア,51518516,239900347,71003602,560431664
202306,'225,オーストリア,21668073,107560498,25899729,147004701
202306,'227,ハンガリー,20833320,116995972,14423036,87331577
202306,'228,セルビア,553599,3534421,4867262,27620016
202306,'229,アルバニア,37376,264581,150051,1946649
202306,'230,ギリシャ,4198710,32066997,12517325,65492256
202306,'231,ルーマニア,6626683,33298741,23036635,101221691
202306,'232,ブルガリア,1647212,10404052,1419994,7685378
202306,'233,キプロス,14174976,46883546,15469,66342
202306,'234,トルコ,48144074,258410515,11980158,79704406
202306,'235,エストニア,3284390,15787387,2182530,13132733
202306,'236,ラトビア,408332,2119310,841093,5582209
202306,'237,リトアニア,1010415,6611407,1457811,9682642
202306,'238,ウクライナ,3962078,36488837,500520,8244551
202306,'239,ベラルーシ,132572,950371,26440,191105
202306,'240,モルドバ,61889,335580,383346,1820936
202306,'241,クロアチア,1276840,10329818,1133123,10083884
202306,'242,スロベニア,3386785,16100648,3746259,23413678
202306,'243,ボスニア・ヘルツェゴビナ,46814,149312,168236,885600
202306,'244,北マケドニア,155902,824654,153665,868078
202306,'245,チェコ,25144448,144639067,18848720,97764293
202306,'246,スロバキア,1991562,10523937,7062348,37295943
202306,'247,モンテネグロ,30542,146454,1773,19862
202306,'248,コソボ,16261,101922,-,5073
202306,'249,フェロー諸島（デンマーク）,-,320,83621,665079
202306,'301,グリーンランド（デンマーク）,846,1346,699114,5116936
202306,'302,カナダ,134141512,685917570,172451098,1045638211
202306,'304,アメリカ合衆国,1735334475,9130421570,920761089,5646516519
202306,'305,メキシコ,171031336,883372492,73304151,386299798
202306,'306,グアテマラ,5645420,27292235,3535612,11452234
202306,'307,ホンジュラス,2319464,12565511,1134628,5878698
202306,'308,ベリーズ,100340,1210617,133013,482211
202306,'309,エルサルバドル,2347528,11248425,299472,1436169
202306,'310,ニカラグア,1513052,7579919,480668,2121881
202306,'311,コスタリカ,5374210,27936152,7311046,39003117
202306,'312,パナマ,63954820,266296365,12830795,59214700
202306,'314,バーミュダ（英）,101863,711491,237,4936
202306,'315,バハマ,754134,21551480,502,40807
202306,'316,ジャマイカ,4599389,21501396,355945,1256344
202306,'317,タークス及びカイコス諸島（英）,169650,671568,-,1446
202306,'319,バルバドス,836033,8391191,4249,9418
202306,'320,トリニダード・トバゴ,2202553,12404045,1330155,14276601
202306,'321,キューバ,206063,409552,175789,738799
202306,'322,ハイチ,6994,807221,50111,343694
202306,'323,ドミニカ共和国,4829216,24037592,1157399,7795958
202306,'324,プエルトリコ（米）,16268666,63293890,17042497,103912332
202306,'325,米領バージン諸島,9860,102053,-,332
202306,'326,蘭領アンティール,277561,1419196,348,25880
202306,'327,仏領西インド諸島,385208,2131205,-,23436
202306,'328,ケイマン諸島（英）,203515,1320464,2035,3316517
202306,'329,グレナダ,242101,974672,-,0
202306,'330,セントルシア,213432,1206402,1324,1724
202306,'331,アンティグア・バーブーダ,239376,1458727,-,0
202306,'332,英領バージン諸島,14992,177716,-,251
202306,'333,ドミニカ,93797,355034,477,5766
202306,'334,モントセラト（英）,5733,34708,-,0
202306,'335,セントクリストファー・ネービス,95884,532809,-,1135
202306,'336,セントビンセント,116540,471192,242,242
202306,'337,英領アンギラ,65041,190139,-,1796
202306,'338,サン・バルテルミー島（仏）,63363,120842,-,0
202306,'401,コロンビア,15346936,73977090,9504862,58738837
202306,'402,ベネズエラ,496434,3017677,158265,784036
202306,'403,ガイアナ,1979348,10231422,18797,619824
202306,'404,スリナム,703315,3796368,49219,242506
202306,'405,仏領ギアナ,94139,407615,-,1211
202306,'406,エクアドル,4607893,31140468,2975922,63773451
202306,'407,ペルー,7874189,52006282,31913029,200329100
202306,'408,ボリビア,1456878,8072686,1776518,13026534
202306,'409,チリ,15847424,120760573,100906320,603937963
202306,'410,ブラジル,50335642,292662188,98007979,736437602
202306,'411,パラグアイ,1055186,6565883,46227,640513
202306,'412,ウルグアイ,864149,4984018,785337,4910214
202306,'413,アルゼンチン,11165868,58698611,11301446,49223359
202306,'414,フォークランド諸島及びその附属諸島（英）,-,1550,43439,135912
202306,'501,モロッコ,2491707,16407544,2545489,20663636
202306,'502,セウタ及びメリリア（西）,5817,5817,20443,31927
202306,'503,アルジェリア,450050,7032766,7300534,54449746
202306,'504,チュニジア,902929,4928835,1300770,12838532
202306,'505,リビア,910852,3246617,-,765
202306,'506,エジプト,6638512,37174376,946638,27764400
202306,'507,スーダン,113297,3401183,253727,994194
202306,'508,西サハラ,-,0,-,828663
202306,'509,モーリタニア,152105,1278966,4016252,14307699
202306,'510,セネガル,890332,4065071,1264511,2975085
202306,'511,ガンビア,29509,107975,-,301
202306,'512,ギニア・ビサウ,597,144194,-,0
202306,'513,ギニア,98659,566059,412242,1098622
202306,'514,シエラレオネ,57104,307371,31511,2894408
202306,'515,リベリア,39154222,122622839,-,1751
202306,'516,コートジボワール,953974,3690379,97486,1131505
202306,'517,ガーナ,1132034,6709491,2951293,11615979
202306,'518,トーゴ,88410,1265641,416338,1297703
202306,'519,ベナン,38123,681478,-,250073
202306,'520,マリ,116492,1141335,232793,575866
202306,'521,ブルキナファソ,76424,430258,866219,4952688
202306,'522,カーボベルデ,73316,302518,-,0
202306,'523,カナリー諸島（西）,349849,2022506,3396,9873
202306,'524,ナイジェリア,3456334,16814213,5320007,22309862
202306,'525,ニジェール,42869,461520,859,35108
202306,'526,ルワンダ,56914,258766,5129,207266
202306,'527,カメルーン,409461,2384438,125430,650655
202306,'528,チャド,13251,66712,-,23644
202306,'529,中央アフリカ,31387,193679,-,22773
202306,'530,赤道ギニア,7127,11630,-,14332879
202306,'531,ガボン,869134,2819161,211212,2029160
202306,'532,コンゴ共和国,36440,100293,22397,369189
202306,'533,コンゴ民主共和国,1240957,9919678,263096,1983887
202306,'534,ブルンジ,219808,811115,-,151558
202306,'535,アンゴラ,697365,3915422,99964,244403
202306,'536,サントメ・プリンシペ,55000,87053,-,1498
202306,'537,セントヘレナ及びその附属諸島（英）,-,571,44833,361072
202306,'538,エチオピア,659148,2647116,1496379,4838611
202306,'539,ジブチ,1303561,4393282,-,900
202306,'540,ソマリア,31926,212739,92799,633902
202306,'541,ケニア,14074441,66001153,636598,6383979
202306,'542,ウガンダ,2305568,11500351,141587,1025137
202306,'543,タンザニア,7036037,37697263,1323644,9244635
202306,'544,セーシェル,74589,454174,1101344,4818188
202306,'545,モザンビーク,1451863,7735402,3329623,14541721
202306,'546,マダガスカル,131415,1299826,7786792,33572218
202306,'547,モーリシャス,1856682,10906870,130277,593546
202306,'548,レユニオン（仏）,421172,2185492,3722,136595
202306,'549,ジンバブエ,709941,3309808,164821,1425215
202306,'550,ナミビア,238863,1754236,107945,701261
202306,'551,南アフリカ共和国,33603292,166799219,78410439,527555973
202306,'552,レソト,115250,737509,244,172100
202306,'553,マラウイ,320060,2268487,149016,1066557
202306,'554,ザンビア,2200579,8097653,107630,706166
202306,'555,ボツワナ,193199,1075844,73730,2267451
202306,'556,エスワティニ,74683,309927,3039,152634
202306,'558,コモロ,-,71450,-,10071
202306,'559,エリトリア,4900,8055,-,4372
202306,'560,南スーダン,232988,1455732,287,287
202306,'601,オーストラリア,231143003,1101936552,649020805,4858593965
202306,'602,パプアニューギニア,3262561,14503715,38227242,229296596
202306,'605,その他のオーストラリア領,3555,47644,466,12275
202306,'606,ニュージーランド,37335044,186351577,37495246,199413530
202306,'607,クック,45122,147039,91278,438299
202306,'608,トケラウ諸島（ニュージーランド）,-,0,378,378
202306,'609,ニウエ,-,14780,-,0
202306,'610,サモア,263423,1129009,-,8250
202306,'611,バヌアツ,143121,1009504,212678,2997412
202306,'612,フィジー,714231,4298620,123206,718825
202306,'613,ソロモン,292397,1268262,16646,54220
202306,'614,トンガ,135419,640767,488,13959
202306,'615,キリバス,95718,1145292,47825,363925
202306,'616,ピットケルン（英）,-,0,-,728
202306,'617,ナウル,2429,976792,91603,180806
202306,'618,ニューカレドニア（仏）,439130,3460293,1103433,12331847
202306,'619,仏領ポリネシア,109443,1457709,1278691,5387771
202306,'620,グアム（米）,1743727,9610597,5922,52601
202306,'621,米領サモア,31564,150755,-,697
202306,'622,米領オセアニア,2790,2790,-,29604
202306,'624,ツバル,27771,1199512,-,225604
202306,'625,マーシャル,12053585,90701431,58835,2811947
202306,'626,ミクロネシア,162612,925359,67578,612387
202306,'627,北マリアナ諸島（米）,236100,1386725,-,1683
202306,'628,パラオ,205726,622081,3915,37607
202306,'702,不明,-,0,37577,225494
202307,'103,大韓民国,525396024,3762536036,362696280,2412506179
202307,'105,中華人民共和国,1543388837,9686761598,1898538346,13689787398
202307,'106,台湾,485441146,3472971144,448064160,2903872232
202307,'107,モンゴル,9670619,56136247,596094,3210595
202307,'108,香港,375132318,2492291760,11035468,125710980
202307,'110,ベトナム,201153677,1268249794,299042346,2008053705
202307,'111,タイ,374590206,2387105349,318754853,2079984533
202307,'112,シンガポール,205184365,1591294214,85955453,667937376
202307,'113,マレーシア,150152261,1108635167,193324998,1654743232
202307,'116,ブルネイ,462334,4207581,27518899,184070010
202307,'117,フィリピン,127655951,801028543,121482708,839297532
202307,'118,インドネシア,181448806,1159605774,256864164,2047521813
202307,'120,カンボジア,5853317,40125227,23657348,148322514
202307,'121,ラオス,1347303,8744321,2102372,14339385
202307,'122,ミャンマー,4001681,31852947,14842400,112413096
202307,'123,インド,193821783,1271760532,62201063,465392866
202307,'124,パキスタン,11524448,69473985,2919449,17675863
202307,'125,スリランカ,1794866,11825489,2550342,20856817
202307,'126,モルディブ,347961,2936954,18540,253046
202307,'127,バングラデシュ,14506016,137584774,18440382,124442417
202307,'128,東ティモール,144830,744292,-,2627861
202307,'129,マカオ,4622830,38742596,157721,1019965
202307,'130,アフガニスタン,271872,1430094,4892,152959
202307,'131,ネパール,1009407,2999680,172979,858403
202307,'132,ブータン,33389,113176,555,46531
202307,'133,イラン,555507,4433399,294353,2470344
202307,'134,イラク,11068781,66661632,1402,4065819
202307,'135,バーレーン,5997126,46911817,7194318,75869192
202307,'137,サウジアラビア,74553910,488658304,367653822,2693391512
202307,'138,クウェート,21604087,155708999,86720554,734619222
202307,'140,カタール,16257056,118837661,108567973,760278036
202307,'141,オマーン,14457180,93932976,13100317,185489059
202307,'143,イスラエル,16812521,123601268,13669793,104526224
202307,'144,ヨルダン,6007621,40726722,744475,9162108
202307,'145,シリア,22738,403422,-,31143
202307,'146,レバノン,3243452,22155200,25266,538463
202307,'147,アラブ首長国連邦,112717420,753787289,371193977,2794668100
202307,'149,イエメン,2467666,16960882,57890,538479
202307,'150,アゼルバイジャン,915291,4166872,137359,1036354
202307,'151,アルメニア,301909,2050819,671924,2391348
202307,'152,ウズベキスタン,1570815,15982988,406793,2999212
202307,'153,カザフスタン,12010002,77227984,11674610,54878960
202307,'154,キルギス,201926,2278289,15442,56335
202307,'155,タジキスタン,315850,2330254,-,31238
202307,'156,トルクメニスタン,3201091,12169863,-,7760
202307,'157,ジョージア,5761005,39899374,162810,1418319
202307,'158,ヨルダン川西岸及びガザ,57227,232971,2423,28471
202307,'201,アイスランド,1757977,10781118,2156109,18426242
202307,'202,ノルウェー,11343149,77728872,13364319,112229858
202307,'203,スウェーデン,22252443,136140189,32083357,227750709
202307,'204,デンマーク,7365695,47089685,26180487,184945950
202307,'205,英国,146369929,915708595,97806218,574606211
202307,'206,アイルランド,18856381,147841561,67846809,534063887
202307,'207,オランダ,174475141,1070298311,33128065,264416640
202307,'208,ベルギー,85032476,514666485,28111510,217959391
202307,'209,ルクセンブルク,6549282,54512614,546385,6485289
202307,'210,フランス,94295126,552405088,142621671,827461030
202307,'211,モナコ,31101,99556,19600,179393
202307,'212,アンドラ,377,11022,719,3081
202307,'213,ドイツ,245947637,1546294814,293887298,1840205200
202307,'215,スイス,67957911,432966658,111794247,686184178
202307,'217,ポルトガル,6869981,50494682,5375820,49631873
202307,'218,スペイン,39844585,246618982,50821561,449625692
202307,'219,ジブラルタル（英）,2586842,12129339,-,18663
202307,'220,イタリア,76085761,482616687,153354544,955976091
202307,'221,マルタ,1607792,12619306,234898,20094662
202307,'222,フィンランド,5248773,38247686,18104936,130967467
202307,'223,ポーランド,63419563,321824858,12451827,88501543
202307,'224,ロシア,50934668,290835015,53755064,614186728
202307,'225,オーストリア,18901669,126462167,20576168,167580869
202307,'227,ハンガリー,22015258,139011230,16601920,103933497
202307,'228,セルビア,325734,3860155,4729912,32349928
202307,'229,アルバニア,44576,309157,212238,2158887
202307,'230,ギリシャ,3161404,35228401,10746660,76238916
202307,'231,ルーマニア,6500878,39799619,16334417,117556108
202307,'232,ブルガリア,1595615,11999667,1674420,9359798
202307,'233,キプロス,5427441,52310987,28227,94569
202307,'234,トルコ,52897397,311307912,12123901,91828307
202307,'235,エストニア,2866469,18653856,3243434,16376167
202307,'236,ラトビア,364716,2484026,768258,6350467
202307,'237,リトアニア,1389193,8000600,2218682,11901324
202307,'238,ウクライナ,3635208,40124045,1015409,9259960
202307,'239,ベラルーシ,16632,967003,15480,206585
202307,'240,モルドバ,21660,357240,454780,2275716
202307,'241,クロアチア,986603,11316421,210887,10294771
202307,'242,スロベニア,2598429,18699077,2786489,26200167
202307,'243,ボスニア・ヘルツェゴビナ,27211,176523,218340,1103940
202307,'244,北マケドニア,178006,1002660,92330,960408
202307,'245,チェコ,31191894,175830961,16913158,114677451
202307,'246,スロバキア,2278491,12802428,12673711,49969654
202307,'247,モンテネグロ,47692,194146,-,19862
202307,'248,コソボ,18447,120369,3801,8874
202307,'249,フェロー諸島（デンマーク）,-,320,49170,714249
202307,'301,グリーンランド（デンマーク）,-,1346,971236,6088172
202307,'302,カナダ,124778013,810695583,136718537,1182356748
202307,'304,アメリカ合衆国,1790996848,10921418418,948911687,6595428206
202307,'305,メキシコ,163009658,1046382150,69413080,455712878
202307,'306,グアテマラ,4785849,32078084,3417411,14869645
202307,'307,ホンジュラス,1566691,14132202,1837863,7716561
202307,'308,ベリーズ,45728,1256345,65869,548080
202307,'309,エルサルバドル,1957047,13205472,319267,1755436
202307,'310,ニカラグア,1079507,8659426,648764,2770645
202307,'311,コスタリカ,5610883,33547035,6423524,45426641
202307,'312,パナマ,35507417,301803782,18859100,78073800
202307,'314,バーミュダ（英）,114307,825798,-,4936
202307,'315,バハマ,9466136,31017616,-,40807
202307,'316,ジャマイカ,2731346,24232742,226155,1482499
202307,'317,タークス及びカイコス諸島（英）,173502,845070,-,1446
202307,'319,バルバドス,4435991,12827182,482,9900
202307,'320,トリニダード・トバゴ,2392155,14796200,1910171,16186772
202307,'321,キューバ,29643,439195,99199,837998
202307,'322,ハイチ,124814,932035,27407,371101
202307,'323,ドミニカ共和国,4587255,28624847,1576080,9372038
202307,'324,プエルトリコ（米）,7763299,71057189,25300202,129212534
202307,'325,米領バージン諸島,36509,138562,-,332
202307,'326,蘭領アンティール,232941,1652137,-,25880
202307,'327,仏領西インド諸島,354223,2485428,-,23436
202307,'328,ケイマン諸島（英）,148084,1468548,-,3316517
202307,'329,グレナダ,140781,1115453,8568,8568
202307,'330,セントルシア,158823,1365225,-,1724
202307,'331,アンティグア・バーブーダ,134113,1592840,-,0
202307,'332,英領バージン諸島,17716,195432,-,251
202307,'333,ドミニカ,51326,406360,272,6038
202307,'334,モントセラト（英）,5940,40648,597,597
202307,'335,セントクリストファー・ネービス,55375,588184,-,1135
202307,'336,セントビンセント,38377,509569,-,242
202307,'337,英領アンギラ,15882,206021,-,1796
202307,'338,サン・バルテルミー島（仏）,2158,123000,-,0
202307,'401,コロンビア,11895672,85872762,12982907,71721744
202307,'402,ベネズエラ,544195,3561872,371183,1155219
202307,'403,ガイアナ,1743960,11975382,17889,637713
202307,'404,スリナム,748120,4544488,93575,336081
202307,'405,仏領ギアナ,133956,541571,-,1211
202307,'406,エクアドル,8266145,39406613,15704556,79478007
202307,'407,ペルー,11273345,63279627,30629336,230958436
202307,'408,ボリビア,1398344,9471030,1952090,14978624
202307,'409,チリ,24862362,145622935,85338059,689276022
202307,'410,ブラジル,46549020,339211208,111066189,847503791
202307,'411,パラグアイ,1398681,7964564,105152,745665
202307,'412,ウルグアイ,981476,5965494,595769,5505983
202307,'413,アルゼンチン,13276132,71974743,9343740,58567099
202307,'414,フォークランド諸島及びその附属諸島（英）,-,1550,27895,163807
202307,'501,モロッコ,3906310,20313854,4763849,25427485
202307,'502,セウタ及びメリリア（西）,-,5817,556,32483
202307,'503,アルジェリア,288799,7321565,-,54449746
202307,'504,チュニジア,1072253,6001088,1097189,13935721
202307,'505,リビア,915294,4161911,-,765
202307,'506,エジプト,8729552,45903928,841191,28605591
202307,'507,スーダン,23704,3424887,10670,1004864
202307,'508,西サハラ,-,0,-,828663
202307,'509,モーリタニア,262824,1541790,920127,15227826
202307,'510,セネガル,900783,4965854,193399,3168484
202307,'511,ガンビア,23636,131611,-,301
202307,'512,ギニア・ビサウ,-,144194,-,0
202307,'513,ギニア,132079,698138,62681,1161303
202307,'514,シエラレオネ,71776,379147,1244903,4139311
202307,'515,リベリア,79435305,202058144,-,1751
202307,'516,コートジボワール,860670,4551049,155455,1286960
202307,'517,ガーナ,1025736,7735227,1101558,12717537
202307,'518,トーゴ,264669,1530310,266111,1563814
202307,'519,ベナン,74392,755870,29616,279689
202307,'520,マリ,221730,1363065,89668,665534
202307,'521,ブルキナファソ,93284,523542,640756,5593444
202307,'522,カーボベルデ,77145,379663,-,0
202307,'523,カナリー諸島（西）,359149,2381655,5121,14994
202307,'524,ナイジェリア,3520275,20334488,4830501,27140363
202307,'525,ニジェール,11552,473072,13112,48220
202307,'526,ルワンダ,60487,319253,818,208084
202307,'527,カメルーン,565527,2949965,80680,731335
202307,'528,チャド,3880,70592,-,23644
202307,'529,中央アフリカ,7481,201160,-,22773
202307,'530,赤道ギニア,34102,45732,-,14332879
202307,'531,ガボン,759994,3579155,2053183,4082343
202307,'532,コンゴ共和国,22962,123255,24135,393324
202307,'533,コンゴ民主共和国,2048370,11968048,609689,2593576
202307,'534,ブルンジ,170304,981419,4520,156078
202307,'535,アンゴラ,344857,4260279,-,244403
202307,'536,サントメ・プリンシペ,381500,468553,223,1721
202307,'537,セントヘレナ及びその附属諸島（英）,-,571,51430,412502
202307,'538,エチオピア,220513,2867629,1606475,6445086
202307,'539,ジブチ,253758,4647040,-,900
202307,'540,ソマリア,43698,256437,122868,756770
202307,'541,ケニア,10860264,76861417,457328,6841307
202307,'542,ウガンダ,2422925,13923276,279944,1305081
202307,'543,タンザニア,6010837,43708100,1056261,10300896
202307,'544,セーシェル,127142,581316,685913,5504101
202307,'545,モザンビーク,1074961,8810363,362747,14904468
202307,'546,マダガスカル,282073,1581899,2762332,36334550
202307,'547,モーリシャス,2292436,13199306,185519,779065
202307,'548,レユニオン（仏）,217444,2402936,143900,280495
202307,'549,ジンバブエ,559436,3869244,161945,1587160
202307,'550,ナミビア,206005,1960241,-,701261
202307,'551,南アフリカ共和国,31764406,198563625,86104644,613660617
202307,'552,レソト,89018,826527,1422,173522
202307,'553,マラウイ,303051,2571538,104600,1171157
202307,'554,ザンビア,1382166,9479819,306597,1012763
202307,'555,ボツワナ,195064,1270908,171083,2438534
202307,'556,エスワティニ,59186,369113,5073,157707
202307,'558,コモロ,33651,105101,-,10071
202307,'559,エリトリア,-,8055,444,4816
202307,'560,南スーダン,258643,1714375,-,287
202307,'601,オーストラリア,198583440,1300519992,719717920,5578311885
202307,'602,パプアニューギニア,2683130,17186845,31178434,260475030
202307,'605,その他のオーストラリア領,11545,59189,2984,15259
202307,'606,ニュージーランド,35800956,222152533,36406058,235819588
202307,'607,クック,3481,150520,137531,575830
202307,'608,トケラウ諸島（ニュージーランド）,-,0,2316,2694
202307,'609,ニウエ,527,15307,-,0
202307,'610,サモア,268134,1397143,665,8915
202307,'611,バヌアツ,163856,1173360,277055,3274467
202307,'612,フィジー,1169302,5467922,181629,900454
202307,'613,ソロモン,193724,1461986,-,54220
202307,'614,トンガ,107713,748480,-,13959
202307,'615,キリバス,19731,1165023,33264,397189
202307,'616,ピットケルン（英）,-,0,-,728
202307,'617,ナウル,44683,1021475,-,180806
202307,'618,ニューカレドニア（仏）,699604,4159897,3607612,15939459
202307,'619,仏領ポリネシア,454883,1912592,1190264,6578035
202307,'620,グアム（米）,952369,10562966,769,53370
202307,'621,米領サモア,34922,185677,-,697
202307,'622,米領オセアニア,-,2790,1737,31341
202307,'624,ツバル,9520,1209032,57627,283231
202307,'625,マーシャル,17066951,107768382,5685,2817632
202307,'626,ミクロネシア,216566,1141925,86577,698964
202307,'627,北マリアナ諸島（米）,145858,1532583,-,1683
202307,'628,パラオ,111388,733469,2684,40291
202307,'702,不明,-,0,30168,255662
202308,'103,大韓民国,512979969,4275516005,351668030,2764174209
202308,'105,中華人民共和国,1434741016,11121502614,1930282798,15620070196
202308,'106,台湾,451430968,3924402112,391568608,3295440840
202308,'107,モンゴル,9557553,65693800,187451,3398046
202308,'108,香港,378367057,2870658817,7988723,133699703
202308,'110,ベトナム,210273535,1478523329,321824416,2329878121
202308,'111,タイ,326944113,2714049462,287061218,2367045751
202308,'112,シンガポール,197118505,1788412719,102428856,770366232
202308,'113,マレーシア,153760552,1262395719,219233743,1873976975
202308,'116,ブルネイ,793065,5000646,22258302,206328312
202308,'117,フィリピン,107028983,908057526,123064705,962362237
202308,'118,インドネシア,169968134,1329573908,290236454,2337758267
202308,'120,カンボジア,4776740,44901967,25722179,174044693
202308,'121,ラオス,1486894,10231215,1535925,15875310
202308,'122,ミャンマー,3217632,35070579,22166890,134579986
202308,'123,インド,183936997,1455697529,68466678,533859544
202308,'124,パキスタン,11874652,81348637,2837720,20513583
202308,'125,スリランカ,1754414,13579903,2717876,23574693
202308,'126,モルディブ,407808,3344762,39532,292578
202308,'127,バングラデシュ,18784882,156369656,19868081,144310498
202308,'128,東ティモール,119690,863982,-,2627861
202308,'129,マカオ,4660498,43403094,82858,1102823
202308,'130,アフガニスタン,169982,1600076,728,153687
202308,'131,ネパール,362824,3362504,311895,1170298
202308,'132,ブータン,56826,170002,29199,75730
202308,'133,イラン,508667,4942066,390738,2861082
202308,'134,イラク,9607147,76268779,1600,4067419
202308,'135,バーレーン,10187160,57098977,9889504,85758696
202308,'137,サウジアラビア,69403466,558061770,427670986,3121062498
202308,'138,クウェート,21094016,176803015,87966667,822585889
202308,'140,カタール,12525811,131363472,107444192,867722228
202308,'141,オマーン,11005903,104938879,43247402,228736461
202308,'143,イスラエル,12314291,135915559,15853286,120379510
202308,'144,ヨルダン,5519111,46245833,479839,9641947
202308,'145,シリア,8698,412120,12957,44100
202308,'146,レバノン,5726180,27881380,15511,553974
202308,'147,アラブ首長国連邦,91121621,844908910,454052409,3248720509
202308,'149,イエメン,2641960,19602842,65725,604204
202308,'150,アゼルバイジャン,1328557,5495429,82526,1118880
202308,'151,アルメニア,411024,2461843,460694,2852042
202308,'152,ウズベキスタン,1909351,17892339,224478,3223690
202308,'153,カザフスタン,9756896,86984880,4935582,59814542
202308,'154,キルギス,323912,2602201,2397,58732
202308,'155,タジキスタン,358737,2688991,-,31238
202308,'156,トルクメニスタン,2529692,14699555,-,7760
202308,'157,ジョージア,4979553,44878927,184394,1602713
202308,'158,ヨルダン川西岸及びガザ,12003,244974,2764,31235
202308,'201,アイスランド,652490,11433608,2375323,20801565
202308,'202,ノルウェー,8246735,85975607,15456930,127686788
202308,'203,スウェーデン,17460728,153600917,34321890,262072599
202308,'204,デンマーク,6057666,53147351,24249838,209195788
202308,'205,英国,145146291,1060854886,87676330,662282541
202308,'206,アイルランド,17953418,165794979,72355301,606419188
202308,'207,オランダ,148975820,1219274131,30789895,295206535
202308,'208,ベルギー,72950675,587617160,24098100,242057491
202308,'209,ルクセンブルク,5269819,59782433,725357,7210646
202308,'210,フランス,76046404,628451492,133035046,960496076
202308,'211,モナコ,2495,102051,15629,195022
202308,'212,アンドラ,3360,14382,2112,5193
202308,'213,ドイツ,214156079,1760450893,245098618,2085303818
202308,'215,スイス,59420821,492387479,78251556,764435734
202308,'217,ポルトガル,7724821,58219503,8281718,57913591
202308,'218,スペイン,37858431,284477413,79431712,529057404
202308,'219,ジブラルタル（英）,1042218,13171557,590,19253
202308,'220,イタリア,66396129,549012816,141584930,1097561021
202308,'221,マルタ,1263832,13883138,313066,20407728
202308,'222,フィンランド,3545421,41793107,17698752,148666219
202308,'223,ポーランド,51690708,373515566,10308925,98810468
202308,'224,ロシア,23317615,314152630,61327628,675514356
202308,'225,オーストリア,17860175,144322342,38127750,205708619
202308,'227,ハンガリー,16098256,155109486,13995651,117929148
202308,'228,セルビア,959788,4819943,3629891,35979819
202308,'229,アルバニア,43630,352787,342274,2501161
202308,'230,ギリシャ,5594239,40822640,11210298,87449214
202308,'231,ルーマニア,5587816,45387435,18546708,136102816
202308,'232,ブルガリア,1238916,13238583,1849624,11209422
202308,'233,キプロス,4525360,56836347,17440,112009
202308,'234,トルコ,50713919,362021831,10363037,102191344
202308,'235,エストニア,3627835,22281691,3042812,19418979
202308,'236,ラトビア,330972,2814998,841215,7191682
202308,'237,リトアニア,1099419,9100019,1475563,13376887
202308,'238,ウクライナ,4517684,44641729,694797,9954757
202308,'239,ベラルーシ,245670,1212673,13768,220353
202308,'240,モルドバ,40209,397449,846835,3122551
202308,'241,クロアチア,1435403,12751824,246141,10540912
202308,'242,スロベニア,2210870,20909947,2364525,28564692
202308,'243,ボスニア・ヘルツェゴビナ,37700,214223,206523,1310463
202308,'244,北マケドニア,169890,1172550,139062,1099470
202308,'245,チェコ,24980325,200811286,16068419,130745870
202308,'246,スロバキア,1584057,14386485,9624049,59593703
202308,'247,モンテネグロ,38591,232737,-,19862
202308,'248,コソボ,13839,134208,-,8874
202308,'249,フェロー諸島（デンマーク）,-,320,89331,803580
202308,'250,バチカン,-,0,873,873
202308,'301,グリーンランド（デンマーク）,-,1346,1082234,7170406
202308,'302,カナダ,136697808,947393391,165853132,1348209880
202308,'304,アメリカ合衆国,1617937404,12539355822,970318486,7565746692
202308,'305,メキシコ,145212096,1191594246,67794957,523507835
202308,'306,グアテマラ,6364735,38442819,3230928,18100573
202308,'307,ホンジュラス,2448639,16580841,894200,8610761
202308,'308,ベリーズ,1038985,2295330,27578,575658
202308,'309,エルサルバドル,1663149,14868621,220140,1975576
202308,'310,ニカラグア,2100116,10759542,486482,3257127
202308,'311,コスタリカ,5618497,39165532,5761544,51188185
202308,'312,パナマ,37198109,339001891,4494146,82567946
202308,'314,バーミュダ（英）,87717,913515,339,5275
202308,'315,バハマ,845060,31862676,37944,78751
202308,'316,ジャマイカ,4648441,28881183,134410,1616909
202308,'317,タークス及びカイコス諸島（英）,187884,1032954,-,1446
202308,'319,バルバドス,598762,13425944,3115,13015
202308,'320,トリニダード・トバゴ,2136135,16932335,1577175,17763947
202308,'321,キューバ,643731,1082926,39156,877154
202308,'322,ハイチ,125166,1057201,26111,397212
202308,'323,ドミニカ共和国,3876349,32501196,1406887,10778925
202308,'324,プエルトリコ（米）,13684857,84742046,13301907,142514441
202308,'325,米領バージン諸島,4357,142919,-,332
202308,'326,蘭領アンティール,348524,2000661,370,26250
202308,'327,仏領西インド諸島,503968,2989396,474,23910
202308,'328,ケイマン諸島（英）,235644,1704192,-,3316517
202308,'329,グレナダ,176671,1292124,430,8998
202308,'330,セントルシア,179821,1545046,-,1724
202308,'331,アンティグア・バーブーダ,202348,1795188,-,0
202308,'332,英領バージン諸島,37586,233018,-,251
202308,'333,ドミニカ,89157,495517,762,6800
202308,'334,モントセラト（英）,3747,44395,-,597
202308,'335,セントクリストファー・ネービス,80504,668688,-,1135
202308,'336,セントビンセント,99717,609286,-,242
202308,'337,英領アンギラ,34555,240576,562,2358
202308,'338,サン・バルテルミー島（仏）,-,123000,-,0
202308,'401,コロンビア,7442512,93315274,9828640,81550384
202308,'402,ベネズエラ,1145292,4707164,381575,1536794
202308,'403,ガイアナ,1811939,13787321,555851,1193564
202308,'404,スリナム,649528,5194016,90397,426478
202308,'405,仏領ギアナ,28976,570547,-,1211
202308,'406,エクアドル,3892248,43298861,21152701,100630708
202308,'407,ペルー,6590364,69869991,42580765,273539201
202308,'408,ボリビア,1635724,11106754,2532574,17511198
202308,'409,チリ,17176102,162799037,66243399,755519421
202308,'410,ブラジル,49232494,388443702,127818872,975322663
202308,'411,パラグアイ,1345400,9309964,282295,1027960
202308,'412,ウルグアイ,738859,6704353,934347,6440330
202308,'413,アルゼンチン,13153850,85128593,11036196,69603295
202308,'414,フォークランド諸島及びその附属諸島（英）,-,1550,23057,186864
202308,'501,モロッコ,3098353,23412207,2210852,27638337
202308,'502,セウタ及びメリリア（西）,5552,11369,20330,52813
202308,'503,アルジェリア,698640,8020205,521,54450267
202308,'504,チュニジア,1815710,7816798,1037707,14973428
202308,'505,リビア,572681,4734592,629,1394
202308,'506,エジプト,9582998,55486926,1208958,29814549
202308,'507,スーダン,457409,3882296,203307,1208171
202308,'508,西サハラ,-,0,-,828663
202308,'509,モーリタニア,90932,1632722,3929006,19156832
202308,'510,セネガル,555181,5521035,264902,3433386
202308,'511,ガンビア,-,131611,-,301
202308,'512,ギニア・ビサウ,-,144194,-,0
202308,'513,ギニア,109473,807611,217729,1379032
202308,'514,シエラレオネ,33296,412443,750321,4889632
202308,'515,リベリア,10774649,212832793,-,1751
202308,'516,コートジボワール,1435654,5986703,171411,1458371
202308,'517,ガーナ,934161,8669388,2722300,15439837
202308,'518,トーゴ,139259,1669569,297941,1861755
202308,'519,ベナン,240860,996730,-,279689
202308,'520,マリ,133340,1496405,24488,690022
202308,'521,ブルキナファソ,60005,583547,580549,6173993
202308,'522,カーボベルデ,93309,472972,-,0
202308,'523,カナリー諸島（西）,236458,2618113,-,14994
202308,'524,ナイジェリア,5771739,26106227,4342098,31482461
202308,'525,ニジェール,42610,515682,2900,51120
202308,'526,ルワンダ,124132,443385,307,208391
202308,'527,カメルーン,396211,3346176,146614,877949
202308,'528,チャド,7751,78343,-,23644
202308,'529,中央アフリカ,19441,220601,1941,24714
202308,'530,赤道ギニア,955,46687,-,14332879
202308,'531,ガボン,411215,3990370,721103,4803446
202308,'532,コンゴ共和国,39981,163236,5205,398529
202308,'533,コンゴ民主共和国,1585161,13553209,11461,2605037
202308,'534,ブルンジ,230162,1211581,8368,164446
202308,'535,アンゴラ,533540,4793819,48294,292697
202308,'536,サントメ・プリンシペ,-,468553,-,1721
202308,'537,セントヘレナ及びその附属諸島（英）,-,571,3030,415532
202308,'538,エチオピア,1087809,3955438,2484958,8930044
202308,'539,ジブチ,407343,5054383,749,1649
202308,'540,ソマリア,25801,282238,149528,906298
202308,'541,ケニア,9732294,86593711,642229,7483536
202308,'542,ウガンダ,2172525,16095801,278150,1583231
202308,'543,タンザニア,5959310,49667410,803814,11104710
202308,'544,セーシェル,133169,714485,699761,6203862
202308,'545,モザンビーク,1543250,10353613,1727608,16632076
202308,'546,マダガスカル,299805,1881704,3556504,39891054
202308,'547,モーリシャス,2005825,15205131,44621,823686
202308,'548,レユニオン（仏）,275722,2678658,-,280495
202308,'549,ジンバブエ,785690,4654934,179965,1767125
202308,'550,ナミビア,443490,2403731,115038,816299
202308,'551,南アフリカ共和国,33662346,232225971,97137620,710798237
202308,'552,レソト,111901,938428,267,173789
202308,'553,マラウイ,298225,2869763,113924,1285081
202308,'554,ザンビア,1658148,11137967,90247,1103010
202308,'555,ボツワナ,210586,1481494,246868,2685402
202308,'556,エスワティニ,56007,425120,12174,169881
202308,'558,コモロ,793,105894,1525,11596
202308,'559,エリトリア,7165,15220,-,4816
202308,'560,南スーダン,318353,2032728,-,287
202308,'601,オーストラリア,181870578,1482390570,681552822,6259864707
202308,'602,パプアニューギニア,1613725,18800570,39803462,300278492
202308,'605,その他のオーストラリア領,11575,70764,313,15572
202308,'606,ニュージーランド,31000838,253153371,30035816,265855404
202308,'607,クック,11774,162294,147777,723607
202308,'608,トケラウ諸島（ニュージーランド）,-,0,-,2694
202308,'609,ニウエ,4334,19641,-,0
202308,'610,サモア,143178,1540321,12840,21755
202308,'611,バヌアツ,49610,1222970,350365,3624832
202308,'612,フィジー,1066612,6534534,59001,959455
202308,'613,ソロモン,117412,1579398,6820,61040
202308,'614,トンガ,64487,812967,6785,20744
202308,'615,キリバス,105627,1270650,194165,591354
202308,'616,ピットケルン（英）,-,0,-,728
202308,'617,ナウル,5791,1027266,67248,248054
202308,'618,ニューカレドニア（仏）,631155,4791052,359918,16299377
202308,'619,仏領ポリネシア,147511,2060103,394432,6972467
202308,'620,グアム（米）,761102,11324068,245275,298645
202308,'621,米領サモア,28078,213755,-,697
202308,'622,米領オセアニア,-,2790,1568,32909
202308,'624,ツバル,3695,1212727,-,283231
202308,'625,マーシャル,18860414,126628796,24646,2842278
202308,'626,ミクロネシア,151300,1293225,78914,777878
202308,'627,北マリアナ諸島（米）,140057,1672640,-,1683
202308,'628,パラオ,94526,827995,1725,42016
202308,'702,不明,-,0,30602,286264
202309,'103,大韓民国,578519945,4854035950,393487167,3157661376
202309,'105,中華人民共和国,1623830030,12745332644,2196857383,17816927579
202309,'106,台湾,506786445,4431188557,355413455,3650854295
202309,'107,モンゴル,9180716,74874516,425793,3823839
202309,'108,香港,460067318,3330726135,36803076,170502779
202309,'110,ベトナム,222864867,1701388196,319922555,2649800676
202309,'111,タイ,373413173,3087462635,306673456,2673719207
202309,'112,シンガポール,219167507,2007580226,91626979,861993211
202309,'113,マレーシア,171527659,1433923378,223241517,2097218492
202309,'116,ブルネイ,721347,5721993,10449697,216778009
202309,'117,フィリピン,128066791,1036124317,118349275,1080711512
202309,'118,インドネシア,176098466,1505672374,265854484,2603612751
202309,'120,カンボジア,6203133,51105100,27562747,201607440
202309,'121,ラオス,1244168,11475383,1640194,17515504
202309,'122,ミャンマー,4634472,39705051,28456440,163036426
202309,'123,インド,198281937,1653979466,68888391,602747935
202309,'124,パキスタン,16772741,98121378,2909801,23423384
202309,'125,スリランカ,2230214,15810117,2702759,26277452
202309,'126,モルディブ,566341,3911103,19139,311717
202309,'127,バングラデシュ,16472235,172841891,21281230,165591728
202309,'128,東ティモール,203765,1067747,9203,2637064
202309,'129,マカオ,6374595,49777689,166232,1269055
202309,'130,アフガニスタン,188962,1789038,17682,171369
202309,'131,ネパール,354813,3717317,207868,1378166
202309,'132,ブータン,9811,179813,40242,115972
202309,'133,イラン,993018,5935084,360431,3221513
202309,'134,イラク,12244946,88513725,-,4067419
202309,'135,バーレーン,11363061,68462038,1878557,87637253
202309,'137,サウジアラビア,82319105,640380875,315997246,3437059744
202309,'138,クウェート,25117649,201920664,102954858,925540747
202309,'140,カタール,15532690,146896162,92905189,960627417
202309,'141,オマーン,12517906,117456785,31581973,260318434
202309,'143,イスラエル,17117311,153032870,20618240,140997750
202309,'144,ヨルダン,5186125,51431958,2181288,11823235
202309,'145,シリア,23114,435234,2165,46265
202309,'146,レバノン,4878725,32760105,71024,624998
202309,'147,アラブ首長国連邦,115718109,960627019,473006907,3721727416
202309,'149,イエメン,3549435,23152277,1854,606058
202309,'150,アゼルバイジャン,587754,6083183,130810,1249690
202309,'151,アルメニア,245416,2707259,385917,3237959
202309,'152,ウズベキスタン,3790809,21683148,106708,3330398
202309,'153,カザフスタン,10484331,97469211,8782929,68597471
202309,'154,キルギス,214317,2816518,2014,60746
202309,'155,タジキスタン,1037411,3726402,32086,63324
202309,'156,トルクメニスタン,3909630,18609185,965,8725
202309,'157,ジョージア,4648865,49527792,230708,1833421
202309,'158,ヨルダン川西岸及びガザ,248933,493907,782,32017
202309,'201,アイスランド,535184,11968792,1907741,22709306
202309,'202,ノルウェー,8338040,94313647,14997898,142684686
202309,'203,スウェーデン,23446111,177047028,24377010,286449609
202309,'204,デンマーク,7014547,60161898,19364271,228560059
202309,'205,英国,152925492,1213780378,84740450,747022991
202309,'206,アイルランド,15994837,181789816,65165624,671584812
202309,'207,オランダ,175375747,1394649878,38311641,333518176
202309,'208,ベルギー,70255146,657872306,111864947,353922438
202309,'209,ルクセンブルク,4751897,64534330,765908,7976554
202309,'210,フランス,92562197,721013689,120138389,1080634465
202309,'211,モナコ,46992,149043,12562,207584
202309,'212,アンドラ,529,14911,-,5193
202309,'213,ドイツ,253009723,2013460616,273946871,2359250689
202309,'215,スイス,78398283,570785762,101419675,865855409
202309,'217,ポルトガル,11392640,69612143,10048159,67961750
202309,'218,スペイン,38478977,322956390,47945219,577002623
202309,'219,ジブラルタル（英）,1808454,14980011,958,20211
202309,'220,イタリア,76716999,625729815,133672042,1231233063
202309,'221,マルタ,1661283,15544421,290761,20698489
202309,'222,フィンランド,5482649,47275756,14888293,163554512
202309,'223,ポーランド,52667472,426183038,14184391,112994859
202309,'224,ロシア,16783515,330936145,63539997,739054353
202309,'225,オーストリア,20715985,165038327,24838569,230547188
202309,'227,ハンガリー,20093296,175202782,15564402,133493550
202309,'228,セルビア,604811,5424754,5758817,41738636
202309,'229,アルバニア,59598,412385,191214,2692375
202309,'230,ギリシャ,5862930,46685570,8560406,96009620
202309,'231,ルーマニア,6190236,51577671,17389820,153492636
202309,'232,ブルガリア,1373258,14611841,1919665,13129087
202309,'233,キプロス,13646394,70482741,30073,142082
202309,'234,トルコ,52583941,414605772,11669434,113860778
202309,'235,エストニア,3560042,25841733,2084265,21503244
202309,'236,ラトビア,257072,3072070,1123315,8314997
202309,'237,リトアニア,1044176,10144195,1671043,15047930
202309,'238,ウクライナ,6280305,50922034,614222,10568979
202309,'239,ベラルーシ,177034,1389707,66081,286434
202309,'240,モルドバ,88718,486167,575066,3697617
202309,'241,クロアチア,545991,13297815,986617,11527529
202309,'242,スロベニア,2821989,23731936,2327222,30891914
202309,'243,ボスニア・ヘルツェゴビナ,25303,239526,173353,1483816
202309,'244,北マケドニア,184200,1356750,207200,1306670
202309,'245,チェコ,26719050,227530336,16562452,147308322
202309,'246,スロバキア,2101729,16488214,2753103,62346806
202309,'247,モンテネグロ,59985,292722,3105,22967
202309,'248,コソボ,2494,136702,-,8874
202309,'249,フェロー諸島（デンマーク）,-,320,114683,918263
202309,'250,バチカン,-,0,-,873
202309,'301,グリーンランド（デンマーク）,249,1595,910102,8080508
202309,'302,カナダ,152745470,1100138861,143837970,1492047850
202309,'304,アメリカ合衆国,1896384956,14435740778,948336712,8514083404
202309,'305,メキシコ,167602233,1359196479,57621254,581129089
202309,'306,グアテマラ,6046326,44489145,2884451,20985024
202309,'307,ホンジュラス,1817197,18398038,1379584,9990345
202309,'308,ベリーズ,121196,2416526,44025,619683
202309,'309,エルサルバドル,1987522,16856143,317215,2292791
202309,'310,ニカラグア,2116998,12876540,473645,3730772
202309,'311,コスタリカ,7160716,46326248,5550493,56738678
202309,'312,パナマ,50687860,389689751,8384382,90952328
202309,'314,バーミュダ（英）,184884,1098399,329,5604
202309,'315,バハマ,7943682,39806358,2750,81501
202309,'316,ジャマイカ,4084217,32965400,460739,2077648
202309,'317,タークス及びカイコス諸島（英）,187128,1220082,-,1446
202309,'319,バルバドス,798185,14224129,576,13591
202309,'320,トリニダード・トバゴ,2579364,19511699,40226,17804173
202309,'321,キューバ,695796,1778722,51743,928897
202309,'322,ハイチ,39224,1096425,14853,412065
202309,'323,ドミニカ共和国,4031346,36532542,1706359,12485284
202309,'324,プエルトリコ（米）,11104055,95846101,10278912,152793353
202309,'325,米領バージン諸島,3779,146698,-,332
202309,'326,蘭領アンティール,475482,2476143,4703,30953
202309,'327,仏領西インド諸島,509184,3498580,-,23910
202309,'328,ケイマン諸島（英）,213256,1917448,-,3316517
202309,'329,グレナダ,195107,1487231,-,8998
202309,'330,セントルシア,247967,1793013,1077,2801
202309,'331,アンティグア・バーブーダ,256068,2051256,630,630
202309,'332,英領バージン諸島,9753,242771,-,251
202309,'333,ドミニカ,53464,548981,213,7013
202309,'334,モントセラト（英）,5351,49746,-,597
202309,'335,セントクリストファー・ネービス,88479,757167,-,1135
202309,'336,セントビンセント,77335,686621,-,242
202309,'337,英領アンギラ,13168,253744,254,2612
202309,'338,サン・バルテルミー島（仏）,48568,171568,-,0
202309,'401,コロンビア,9409310,102724584,6486822,88037206
202309,'402,ベネズエラ,720575,5427739,126248,1663042
202309,'403,ガイアナ,1964397,15751718,33562,1227126
202309,'404,スリナム,710269,5904285,137453,563931
202309,'405,仏領ギアナ,23738,594285,-,1211
202309,'406,エクアドル,11441064,54739925,11738888,112369596
202309,'407,ペルー,10959993,80829984,29634219,303173420
202309,'408,ボリビア,1594061,12700815,3114739,20625937
202309,'409,チリ,34163703,196962740,95622270,851141691
202309,'410,ブラジル,53217788,441661490,142759391,1118082054
202309,'411,パラグアイ,1432697,10742661,357238,1385198
202309,'412,ウルグアイ,1111991,7816344,458938,6899268
202309,'413,アルゼンチン,10265578,95394171,8855397,78458692
202309,'414,フォークランド諸島及びその附属諸島（英）,-,1550,15447,202311
202309,'501,モロッコ,3547618,26959825,2152265,29790602
202309,'502,セウタ及びメリリア（西）,-,11369,1690,54503
202309,'503,アルジェリア,1261529,9281734,5374244,59824511
202309,'504,チュニジア,606639,8423437,951342,15924770
202309,'505,リビア,823903,5558495,-,1394
202309,'506,エジプト,9252426,64739352,623590,30438139
202309,'507,スーダン,239706,4122002,189641,1397812
202309,'508,西サハラ,317,317,-,828663
202309,'509,モーリタニア,264591,1897313,523730,19680562
202309,'510,セネガル,727230,6248265,312855,3746241
202309,'511,ガンビア,10192,141803,-,301
202309,'512,ギニア・ビサウ,-,144194,85074,85074
202309,'513,ギニア,63589,871200,146576,1525608
202309,'514,シエラレオネ,297027,709470,-,4889632
202309,'515,リベリア,21216729,234049522,-,1751
202309,'516,コートジボワール,1373581,7360284,64154,1522525
202309,'517,ガーナ,1315064,9984452,2118095,17557932
202309,'518,トーゴ,290267,1959836,236959,2098714
202309,'519,ベナン,332098,1328828,18568,298257
202309,'520,マリ,153931,1650336,16622,706644
202309,'521,ブルキナファソ,59426,642973,513294,6687287
202309,'522,カーボベルデ,40975,513947,565,565
202309,'523,カナリー諸島（西）,390711,3008824,-,14994
202309,'524,ナイジェリア,3923783,30030010,5120946,36603407
202309,'525,ニジェール,5701,521383,27192,78312
202309,'526,ルワンダ,113732,557117,459,208850
202309,'527,カメルーン,484686,3830862,75725,953674
202309,'528,チャド,22434,100777,-,23644
202309,'529,中央アフリカ,-,220601,10249,34963
202309,'530,赤道ギニア,898202,944889,-,14332879
202309,'531,ガボン,434125,4424495,392772,5196218
202309,'532,コンゴ共和国,304636,467872,50849,449378
202309,'533,コンゴ民主共和国,2806994,16360203,257620,2862657
202309,'534,ブルンジ,89818,1301399,-,164446
202309,'535,アンゴラ,188283,4982102,41393,334090
202309,'536,サントメ・プリンシペ,36000,504553,-,1721
202309,'537,セントヘレナ及びその附属諸島（英）,-,571,-,415532
202309,'538,エチオピア,682739,4638177,2040220,10970264
202309,'539,ジブチ,620659,5675042,-,1649
202309,'540,ソマリア,55878,338116,118923,1025221
202309,'541,ケニア,13717638,100311349,1384805,8868341
202309,'542,ウガンダ,2350392,18446193,209323,1792554
202309,'543,タンザニア,8448744,58116154,847941,11952651
202309,'544,セーシェル,106543,821028,818130,7021992
202309,'545,モザンビーク,1186146,11539759,6961549,23593625
202309,'546,マダガスカル,131623,2013327,3183648,43074702
202309,'547,モーリシャス,2505032,17710163,101207,924893
202309,'548,レユニオン（仏）,347748,3026406,3286,283781
202309,'549,ジンバブエ,784871,5439805,221775,1988900
202309,'550,ナミビア,243284,2647015,122707,939006
202309,'551,南アフリカ共和国,34951710,267177681,87269540,798067777
202309,'552,レソト,135261,1073689,-,173789
202309,'553,マラウイ,421118,3290881,229019,1514100
202309,'554,ザンビア,1662790,12800757,136618,1239628
202309,'555,ボツワナ,310289,1791783,91407,2776809
202309,'556,エスワティニ,94138,519258,1637,171518
202309,'558,コモロ,9863,115757,-,11596
202309,'559,エリトリア,-,15220,310,5126
202309,'560,南スーダン,289110,2321838,-,287
202309,'601,オーストラリア,244331164,1726721734,694674086,6954538793
202309,'602,パプアニューギニア,3753015,22553585,47304711,347583203
202309,'605,その他のオーストラリア領,26970,97734,704,16276
202309,'606,ニュージーランド,47978531,301131902,31298463,297153867
202309,'607,クック,28632,190926,164939,888546
202309,'608,トケラウ諸島（ニュージーランド）,-,0,228,2922
202309,'609,ニウエ,369,20010,-,0
202309,'610,サモア,304291,1844612,2263,24018
202309,'611,バヌアツ,153579,1376549,200939,3825771
202309,'612,フィジー,1234504,7769038,886790,1846245
202309,'613,ソロモン,328145,1907543,28671,89711
202309,'614,トンガ,116183,929150,504,21248
202309,'615,キリバス,73561,1344211,539,591893
202309,'616,ピットケルン（英）,-,0,522,1250
202309,'617,ナウル,9610,1036876,13339,261393
202309,'618,ニューカレドニア（仏）,627433,5418485,3051420,19350797
202309,'619,仏領ポリネシア,256750,2316853,2073704,9046171
202309,'620,グアム（米）,3069965,14394033,4633,303278
202309,'621,米領サモア,52843,266598,3118,3815
202309,'622,米領オセアニア,-,2790,-,32909
202309,'624,ツバル,23854,1236581,-,283231
202309,'625,マーシャル,9375945,136004741,46119,2888397
202309,'626,ミクロネシア,229815,1523040,68975,846853
202309,'627,北マリアナ諸島（米）,177139,1849779,-,1683
202309,'628,パラオ,165822,993817,-,42016
202309,'702,不明,-,0,30779,317043
202310,'103,大韓民国,573760577,5427796527,391334645,3548996021
202310,'105,中華人民共和国,1650938817,14396271461,2325268391,20142195970
202310,'106,台湾,518548519,4949737076,438859100,4089713395
202310,'107,モンゴル,11058488,85933004,270426,4094265
202310,'108,香港,410825603,3741551738,8812776,179315555
202310,'110,ベトナム,238604890,1939993086,350507683,3000308359
202310,'111,タイ,346102006,3433564641,323624273,2997343480
202310,'112,シンガポール,197720608,2205300834,106061747,968054958
202310,'113,マレーシア,179448898,1613372276,225239121,2322457613
202310,'116,ブルネイ,758466,6480459,24313973,241091982
202310,'117,フィリピン,133159528,1169283845,130708529,1211420041
202310,'118,インドネシア,175777658,1681450032,268295947,2871908698
202310,'120,カンボジア,6565093,57670193,25268816,226876256
202310,'121,ラオス,1515866,12991249,1993590,19509094
202310,'122,ミャンマー,5485582,45190633,25701235,188737661
202310,'123,インド,186997405,1840976871,69319599,672067534
202310,'124,パキスタン,15553088,113674466,4019029,27442413
202310,'125,スリランカ,2567295,18377412,3007794,29285246
202310,'126,モルディブ,469072,4380175,67035,378752
202310,'127,バングラデシュ,20808721,193650612,19896923,185488651
202310,'128,東ティモール,211295,1279042,20072,2657136
202310,'129,マカオ,5732745,55510434,154411,1423466
202310,'130,アフガニスタン,78159,1867197,448,171817
202310,'131,ネパール,332781,4050098,228320,1606486
202310,'132,ブータン,27638,207451,4537,120509
202310,'133,イラン,1510864,7445948,531334,3752847
202310,'134,イラク,10279882,98793607,266,4067685
202310,'135,バーレーン,7017837,75479875,5918648,93555901
202310,'137,サウジアラビア,82093335,722474210,442313412,3879373156
202310,'138,クウェート,21269663,223190327,123911279,1049452026
202310,'140,カタール,13325359,160221521,110863626,1071491043
202310,'141,オマーン,15155495,132612280,20651364,280969798
202310,'143,イスラエル,11907171,164940041,24942987,165940737
202310,'144,ヨルダン,5891239,57323197,288516,12111751
202310,'145,シリア,23763,458997,-,46265
202310,'146,レバノン,4523007,37283112,69670,694668
202310,'147,アラブ首長国連邦,162112305,1122739324,452751735,4174479151
202310,'149,イエメン,4312230,27464507,100368,706426
202310,'150,アゼルバイジャン,1167493,7250676,213303,1462993
202310,'151,アルメニア,265396,2972655,583643,3821602
202310,'152,ウズベキスタン,1727588,23410736,52862,3383260
202310,'153,カザフスタン,6918680,104387891,9237391,77834862
202310,'154,キルギス,242054,3058572,21234,81980
202310,'155,タジキスタン,454838,4181240,-,63324
202310,'156,トルクメニスタン,3484894,22094079,-,8725
202310,'157,ジョージア,2997501,52525293,164881,1998302
202310,'158,ヨルダン川西岸及びガザ,26915,520822,-,32017
202310,'201,アイスランド,491377,12460169,1325072,24034378
202310,'202,ノルウェー,8962039,103275686,15537089,158221775
202310,'203,スウェーデン,19416101,196463129,39261248,325710857
202310,'204,デンマーク,8054624,68216522,26603537,255163596
202310,'205,英国,164150780,1377931158,89559601,836582592
202310,'206,アイルランド,19113533,200903349,75817798,747402610
202310,'207,オランダ,164335283,1558985161,55480472,388998648
202310,'208,ベルギー,82791341,740663647,68917496,422839934
202310,'209,ルクセンブルク,5425019,69959349,918616,8895170
202310,'210,フランス,92376773,813390462,139725654,1220360119
202310,'211,モナコ,916,149959,17907,225491
202310,'212,アンドラ,1868,16779,-,5193
202310,'213,ドイツ,240259580,2253720196,280679430,2639930119
202310,'215,スイス,47022940,617808702,121487013,987342422
202310,'217,ポルトガル,9892541,79504684,5384010,73345760
202310,'218,スペイン,44366304,367322694,39451972,616454595
202310,'219,ジブラルタル（英）,1819402,16799413,-,20211
202310,'220,イタリア,75206880,700936695,174508231,1405741294
202310,'221,マルタ,5923099,21467520,155339,20853828
202310,'222,フィンランド,4923872,52199628,16139155,179693667
202310,'223,ポーランド,57887292,484070330,13941535,126936394
202310,'224,ロシア,20597661,351533806,80337335,819391688
202310,'225,オーストリア,20289181,185327508,27313086,257860274
202310,'227,ハンガリー,20662303,195865085,16838924,150332474
202310,'228,セルビア,359419,5784173,3451366,45190002
202310,'229,アルバニア,84962,497347,140134,2832509
202310,'230,ギリシャ,3592856,50278426,3913761,99923381
202310,'231,ルーマニア,6157264,57734935,15965452,169458088
202310,'232,ブルガリア,1634786,16246627,1682972,14812059
202310,'233,キプロス,20296678,90779419,8654,150736
202310,'234,トルコ,49323353,463929125,17866428,131727206
202310,'235,エストニア,1967706,27809439,2275386,23778630
202310,'236,ラトビア,396454,3468524,756846,9071843
202310,'237,リトアニア,713955,10858150,1897347,16945277
202310,'238,ウクライナ,3564002,54486036,848358,11417337
202310,'239,ベラルーシ,108898,1498605,6544,292978
202310,'240,モルドバ,60417,546584,414325,4111942
202310,'241,クロアチア,837153,14134968,186629,11714158
202310,'242,スロベニア,2508906,26240842,3392274,34284188
202310,'243,ボスニア・ヘルツェゴビナ,4092,243618,271789,1755605
202310,'244,北マケドニア,156885,1513635,179618,1486288
202310,'245,チェコ,25092115,252622451,19781517,167089839
202310,'246,スロバキア,2303956,18792170,10782736,73129542
202310,'247,モンテネグロ,46880,339602,-,22967
202310,'248,コソボ,2712,139414,3186,12060
202310,'249,フェロー諸島（デンマーク）,-,320,115040,1033303
202310,'250,バチカン,-,0,-,873
202310,'301,グリーンランド（デンマーク）,312,1907,1057597,9138105
202310,'302,カナダ,133496324,1233635185,208450641,1700498491
202310,'304,アメリカ合衆国,1928737868,16364478646,1017918596,9532002000
202310,'305,メキシコ,170782482,1529978961,77947122,659076211
202310,'306,グアテマラ,5296593,49785738,2189560,23174584
202310,'307,ホンジュラス,1501606,19899644,1177821,11168166
202310,'308,ベリーズ,442777,2859303,-,619683
202310,'309,エルサルバドル,1264070,18120213,231566,2524357
202310,'310,ニカラグア,1752906,14629446,294280,4025052
202310,'311,コスタリカ,8051877,54378125,7019458,63758136
202310,'312,パナマ,66110108,455799859,4550316,95502644
202310,'314,バーミュダ（英）,228178,1326577,323,5927
202310,'315,バハマ,739022,40545380,18034,99535
202310,'316,ジャマイカ,4277152,37242552,169972,2247620
202310,'317,タークス及びカイコス諸島（英）,209075,1429157,-,1446
202310,'319,バルバドス,774730,14998859,3995,17586
202310,'320,トリニダード・トバゴ,2936174,22447873,1031829,18836002
202310,'321,キューバ,262888,2041610,50846,979743
202310,'322,ハイチ,223062,1319487,15289,427354
202310,'323,ドミニカ共和国,4667134,41199676,1139772,13625056
202310,'324,プエルトリコ（米）,11499831,107345932,19190155,171983508
202310,'325,米領バージン諸島,468,147166,-,332
202310,'326,蘭領アンティール,284812,2760955,223,31176
202310,'327,仏領西インド諸島,303158,3801738,7282,31192
202310,'328,ケイマン諸島（英）,274075,2191523,-,3316517
202310,'329,グレナダ,117841,1605072,-,8998
202310,'330,セントルシア,305527,2098540,876,3677
202310,'331,アンティグア・バーブーダ,155366,2206622,821,1451
202310,'332,英領バージン諸島,14717,257488,-,251
202310,'333,ドミニカ,68008,616989,1283,8296
202310,'334,モントセラト（英）,10502,60248,-,597
202310,'335,セントクリストファー・ネービス,110403,867570,-,1135
202310,'336,セントビンセント,98172,784793,-,242
202310,'337,英領アンギラ,38147,291891,-,2612
202310,'338,サン・バルテルミー島（仏）,11395,182963,-,0
202310,'401,コロンビア,9341540,112066124,10284677,98321883
202310,'402,ベネズエラ,708623,6136362,57214,1720256
202310,'403,ガイアナ,2071475,17823193,8027,1235153
202310,'404,スリナム,995028,6899313,58815,622746
202310,'405,仏領ギアナ,30843,625128,-,1211
202310,'406,エクアドル,11715106,66455031,31239558,143609154
202310,'407,ペルー,12175698,93005682,8958593,312132013
202310,'408,ボリビア,616626,13317441,2367959,22993896
202310,'409,チリ,34973011,231935751,101623162,952764853
202310,'410,ブラジル,50121338,491782828,145784637,1263866691
202310,'411,パラグアイ,1612028,12354689,2048055,3433253
202310,'412,ウルグアイ,1106495,8922839,801738,7701006
202310,'413,アルゼンチン,10082025,105476196,11172505,89631197
202310,'414,フォークランド諸島及びその附属諸島（英）,-,1550,90179,292490
202310,'501,モロッコ,3968612,30928437,2715190,32505792
202310,'502,セウタ及びメリリア（西）,15134,26503,1022,55525
202310,'503,アルジェリア,621526,9903260,1896573,61721084
202310,'504,チュニジア,363855,8787292,911185,16835955
202310,'505,リビア,958156,6516651,-,1394
202310,'506,エジプト,9622976,74362328,809554,31247693
202310,'507,スーダン,324370,4446372,154255,1552067
202310,'508,西サハラ,-,317,-,828663
202310,'509,モーリタニア,295378,2192691,2057390,21737952
202310,'510,セネガル,696082,6944347,344501,4090742
202310,'511,ガンビア,24854,166657,-,301
202310,'512,ギニア・ビサウ,-,144194,28023,113097
202310,'513,ギニア,46693,917893,114779,1640387
202310,'514,シエラレオネ,9630,719100,-,4889632
202310,'515,リベリア,36378450,270427972,2750,4501
202310,'516,コートジボワール,1305640,8665924,88370,1610895
202310,'517,ガーナ,1386012,11370464,810378,18368310
202310,'518,トーゴ,439523,2399359,20561,2119275
202310,'519,ベナン,392809,1721637,490,298747
202310,'520,マリ,140731,1791067,9886,716530
202310,'521,ブルキナファソ,72833,715806,280480,6967767
202310,'522,カーボベルデ,90854,604801,687,1252
202310,'523,カナリー諸島（西）,537357,3546181,4382,19376
202310,'524,ナイジェリア,3732593,33762603,14558878,51162285
202310,'525,ニジェール,-,521383,12328,90640
202310,'526,ルワンダ,91048,648165,37255,246105
202310,'527,カメルーン,307872,4138734,57091,1010765
202310,'528,チャド,396,101173,11680,35324
202310,'529,中央アフリカ,273,220874,-,34963
202310,'530,赤道ギニア,30201,975090,-,14332879
202310,'531,ガボン,131414,4555909,174398,5370616
202310,'532,コンゴ共和国,83275,551147,15984,465362
202310,'533,コンゴ民主共和国,2369678,18729881,910122,3772779
202310,'534,ブルンジ,128284,1429683,8346,172792
202310,'535,アンゴラ,441785,5423887,16074,350164
202310,'536,サントメ・プリンシペ,59335,563888,-,1721
202310,'537,セントヘレナ及びその附属諸島（英）,652,1223,2240,417772
202310,'538,エチオピア,715994,5354171,2807671,13777935
202310,'539,ジブチ,216897,5891939,979,2628
202310,'540,ソマリア,260511,598627,26959,1052180
202310,'541,ケニア,11695239,112006588,1191437,10059778
202310,'542,ウガンダ,4148820,22595013,221552,2014106
202310,'543,タンザニア,6118170,64234324,2134235,14086886
202310,'544,セーシェル,105800,926828,532313,7554305
202310,'545,モザンビーク,1747620,13287379,1085557,24679182
202310,'546,マダガスカル,204732,2218059,4889226,47963928
202310,'547,モーリシャス,2371297,20081460,130016,1054909
202310,'548,レユニオン（仏）,413072,3439478,893,284674
202310,'549,ジンバブエ,733081,6172886,267924,2256824
202310,'550,ナミビア,278606,2925621,1174,940180
202310,'551,南アフリカ共和国,31580838,298758519,83671108,881738885
202310,'552,レソト,322191,1395880,407,174196
202310,'553,マラウイ,403437,3694318,162728,1676828
202310,'554,ザンビア,1224578,14025335,138892,1378520
202310,'555,ボツワナ,242217,2034000,65658,2842467
202310,'556,エスワティニ,128695,647953,23988,195506
202310,'558,コモロ,-,115757,839,12435
202310,'559,エリトリア,178332,193552,-,5126
202310,'560,南スーダン,353982,2675820,-,287
202310,'601,オーストラリア,215439189,1942160923,708047812,7662586605
202310,'602,パプアニューギニア,2841306,25394891,18264224,365847427
202310,'605,その他のオーストラリア領,11007,108741,-,16276
202310,'606,ニュージーランド,30210257,331342159,28860314,326014181
202310,'607,クック,24741,215667,209466,1098012
202310,'608,トケラウ諸島（ニュージーランド）,-,0,-,2922
202310,'609,ニウエ,-,20010,-,0
202310,'610,サモア,244457,2089069,-,24018
202310,'611,バヌアツ,121085,1497634,317376,4143147
202310,'612,フィジー,1259427,9028465,740077,2586322
202310,'613,ソロモン,388639,2296182,18053,107764
202310,'614,トンガ,103064,1032214,735,21983
202310,'615,キリバス,100018,1444229,69490,661383
202310,'616,ピットケルン（英）,-,0,-,1250
202310,'617,ナウル,-,1036876,20010,281403
202310,'618,ニューカレドニア（仏）,886205,6304690,1115237,20466034
202310,'619,仏領ポリネシア,348583,2665436,942149,9988320
202310,'620,グアム（米）,965107,15359140,9302,312580
202310,'621,米領サモア,11995,278593,3983,7798
202310,'622,米領オセアニア,-,2790,492,33401
202310,'624,ツバル,4320,1240901,-,283231
202310,'625,マーシャル,9589708,145594449,4181,2892578
202310,'626,ミクロネシア,214532,1737572,45439,892292
202310,'627,北マリアナ諸島（米）,180565,2030344,-,1683
202310,'628,パラオ,156252,1150069,1289,43305
202310,'702,不明,-,0,32537,349580
202311,'103,大韓民国,567664143,5995460670,405450760,3954446781
202311,'105,中華人民共和国,1596167951,15992439412,2250664002,22392859972
202311,'106,台湾,505391842,5455128918,452651896,4542365291
202311,'107,モンゴル,10003787,95936791,237150,4331415
202311,'108,香港,413004551,4154556289,7876299,187191854
202311,'110,ベトナム,245296201,2185289287,329263299,3329571658
202311,'111,タイ,341899805,3775464446,315141944,3312485424
202311,'112,シンガポール,200261680,2405562514,126289923,1094344881
202311,'113,マレーシア,175942458,1789314734,231565038,2554022651
202311,'116,ブルネイ,649359,7129818,11946259,253038241
202311,'117,フィリピン,127252055,1296535900,125997437,1337417478
202311,'118,インドネシア,172628980,1854079012,273155393,3145064091
202311,'120,カンボジア,5831843,63502036,23107619,249983875
202311,'121,ラオス,1539688,14530937,2028966,21538060
202311,'122,ミャンマー,4132660,49323293,17397564,206135225
202311,'123,インド,178080625,2019057496,62473549,734541083
202311,'124,パキスタン,14826243,128500709,2963786,30406199
202311,'125,スリランカ,2539789,20917201,2863878,32149124
202311,'126,モルディブ,522292,4902467,24218,402970
202311,'127,バングラデシュ,31062136,224712748,18854997,204343648
202311,'128,東ティモール,133537,1412579,616246,3273382
202311,'129,マカオ,5258000,60768434,195581,1619047
202311,'130,アフガニスタン,46806,1914003,1993,173810
202311,'131,ネパール,427606,4477704,125052,1731538
202311,'132,ブータン,39291,246742,-,120509
202311,'133,イラン,1042188,8488136,347468,4100315
202311,'134,イラク,8902290,107695897,-,4067685
202311,'135,バーレーン,7109758,82589633,6391205,99947106
202311,'137,サウジアラビア,82636600,805110810,499487975,4378861131
202311,'138,クウェート,27186611,250376938,109724460,1159176486
202311,'140,カタール,18319390,178540911,106765040,1178256083
202311,'141,オマーン,17809540,150421820,32361320,313331118
202311,'143,イスラエル,9010578,173950619,26330067,192270804
202311,'144,ヨルダン,7955836,65279033,302690,12414441
202311,'145,シリア,7114,466111,15217,61482
202311,'146,レバノン,4102949,41386061,58557,753225
202311,'147,アラブ首長国連邦,177541346,1300280670,466282669,4640761820
202311,'149,イエメン,3545300,31009807,43183,749609
202311,'150,アゼルバイジャン,680792,7931468,193696,1656689
202311,'151,アルメニア,143559,3116214,517275,4338877
202311,'152,ウズベキスタン,2266726,25677462,740899,4124159
202311,'153,カザフスタン,6919846,111307737,5324045,83158907
202311,'154,キルギス,305332,3363904,166719,248699
202311,'155,タジキスタン,343615,4524855,-,63324
202311,'156,トルクメニスタン,565512,22659591,5698,14423
202311,'157,ジョージア,3625828,56151121,111798,2110100
202311,'158,ヨルダン川西岸及びガザ,831,521653,-,32017
202311,'201,アイスランド,985384,13445553,1684292,25718670
202311,'202,ノルウェー,9384798,112660484,19068882,177290657
202311,'203,スウェーデン,18165330,214628459,33087879,358798736
202311,'204,デンマーク,7051081,75267603,26930519,282094115
202311,'205,英国,146739675,1524670833,81686383,918268975
202311,'206,アイルランド,20928213,221831562,109223924,856626534
202311,'207,オランダ,153485877,1712471038,47231003,436229651
202311,'208,ベルギー,70033034,810696681,56013221,478853155
202311,'209,ルクセンブルク,4038129,73997478,613538,9508708
202311,'210,フランス,79303395,892693857,138718731,1359078850
202311,'211,モナコ,624,150583,22460,247951
202311,'212,アンドラ,1015,17794,3210,8403
202311,'213,ドイツ,223552629,2477272825,262559416,2902489535
202311,'215,スイス,59468586,677277288,92301373,1079643795
202311,'217,ポルトガル,6963311,86467995,6200427,79546187
202311,'218,スペイン,43549920,410872614,43174051,659628646
202311,'219,ジブラルタル（英）,2088793,18888206,428,20639
202311,'220,イタリア,69707572,770644267,159711482,1565452776
202311,'221,マルタ,1589758,23057278,282842,21136670
202311,'222,フィンランド,3781426,55981054,24976292,204669959
202311,'223,ポーランド,53537194,537607524,14480366,141416760
202311,'224,ロシア,22216516,373750322,96439376,915831064
202311,'225,オーストリア,17567454,202894962,27127006,284987280
202311,'227,ハンガリー,20390077,216255162,13759633,164092107
202311,'228,セルビア,381346,6165519,4097200,49287202
202311,'229,アルバニア,38259,535606,125575,2958084
202311,'230,ギリシャ,2703955,52982381,2830613,102753994
202311,'231,ルーマニア,6581517,64316452,14588162,184046250
202311,'232,ブルガリア,1925571,18172198,1517753,16329812
202311,'233,キプロス,20931089,111710508,24818,175554
202311,'234,トルコ,46200713,510129838,12657297,144384503
202311,'235,エストニア,3302303,31111742,2824134,26602764
202311,'236,ラトビア,418257,3886781,753908,9825751
202311,'237,リトアニア,1018317,11876467,1278783,18224060
202311,'238,ウクライナ,2555314,57041350,917098,12334435
202311,'239,ベラルーシ,174051,1672656,27219,320197
202311,'240,モルドバ,132229,678813,372298,4484240
202311,'241,クロアチア,1216246,15351214,204665,11918823
202311,'242,スロベニア,2386754,28627596,5959373,40243561
202311,'243,ボスニア・ヘルツェゴビナ,13586,257204,229476,1985081
202311,'244,北マケドニア,149531,1663166,158180,1644468
202311,'245,チェコ,25544529,278166980,15894283,182984122
202311,'246,スロバキア,1717065,20509235,9277687,82407229
202311,'247,モンテネグロ,41820,381422,2510,25477
202311,'248,コソボ,431,139845,1812,13872
202311,'249,フェロー諸島（デンマーク）,-,320,228798,1262101
202311,'250,バチカン,-,0,347,1220
202311,'301,グリーンランド（デンマーク）,-,1907,983739,10121844
202311,'302,カナダ,132528570,1366163755,164569038,1865067529
202311,'304,アメリカ合衆国,1814636739,18179115385,1012452888,10544454888
202311,'305,メキシコ,154720108,1684699069,63628393,722704604
202311,'306,グアテマラ,5880923,55666661,1091057,24265641
202311,'307,ホンジュラス,2849110,22748754,300860,11469026
202311,'308,ベリーズ,423779,3283082,68843,688526
202311,'309,エルサルバドル,2524294,20644507,209303,2733660
202311,'310,ニカラグア,1938542,16567988,249547,4274599
202311,'311,コスタリカ,7867696,62245821,5576413,69334549
202311,'312,パナマ,46468317,502268176,9116769,104619413
202311,'314,バーミュダ（英）,279841,1606418,-,5927
202311,'315,バハマ,865905,41411285,35140,134675
202311,'316,ジャマイカ,4186344,41428896,371365,2618985
202311,'317,タークス及びカイコス諸島（英）,237183,1666340,-,1446
202311,'319,バルバドス,656221,15655080,3185,20771
202311,'320,トリニダード・トバゴ,2776784,25224657,639367,19475369
202311,'321,キューバ,81152,2122762,226209,1205952
202311,'322,ハイチ,66437,1385924,42998,470352
202311,'323,ドミニカ共和国,4813385,46013061,1419726,15044782
202311,'324,プエルトリコ（米）,8111061,115456993,14125273,186108781
202311,'325,米領バージン諸島,4772,151938,-,332
202311,'326,蘭領アンティール,318827,3079782,-,31176
202311,'327,仏領西インド諸島,369537,4171275,-,31192
202311,'328,ケイマン諸島（英）,246610,2438133,460,3316977
202311,'329,グレナダ,187324,1792396,-,8998
202311,'330,セントルシア,315157,2413697,-,3677
202311,'331,アンティグア・バーブーダ,238417,2445039,-,1451
202311,'332,英領バージン諸島,26537,284025,-,251
202311,'333,ドミニカ,77826,694815,271,8567
202311,'334,モントセラト（英）,3718,63966,-,597
202311,'335,セントクリストファー・ネービス,92839,960409,777,1912
202311,'336,セントビンセント,115591,900384,378,620
202311,'337,英領アンギラ,21050,312941,-,2612
202311,'338,サン・バルテルミー島（仏）,22199,205162,-,0
202311,'401,コロンビア,10760880,122827004,10778535,109100418
202311,'402,ベネズエラ,1257260,7393622,65098,1785354
202311,'403,ガイアナ,1945214,19768407,385,1235538
202311,'404,スリナム,590989,7490302,161342,784088
202311,'405,仏領ギアナ,68568,693696,-,1211
202311,'406,エクアドル,7025041,73480072,22132282,165741436
202311,'407,ペルー,9881803,102887485,29106672,341238685
202311,'408,ボリビア,2293314,15610755,2001538,24995434
202311,'409,チリ,26069614,258005365,56104698,1008869551
202311,'410,ブラジル,52352199,544135027,140471395,1404338086
202311,'411,パラグアイ,1396995,13751684,406718,3839971
202311,'412,ウルグアイ,917129,9839968,858395,8559401
202311,'413,アルゼンチン,11770798,117246994,16562322,106193519
202311,'414,フォークランド諸島及びその附属諸島（英）,-,1550,49419,341909
202311,'501,モロッコ,2874369,33802806,3996032,36501824
202311,'502,セウタ及びメリリア（西）,-,26503,1147,56672
202311,'503,アルジェリア,229350,10132610,5214659,66935743
202311,'504,チュニジア,645432,9432724,907659,17743614
202311,'505,リビア,533293,7049944,17621,19015
202311,'506,エジプト,8354383,82716711,711637,31959330
202311,'507,スーダン,379408,4825780,136125,1688192
202311,'508,西サハラ,-,317,-,828663
202311,'509,モーリタニア,345756,2538447,2545967,24283919
202311,'510,セネガル,719349,7663696,1436882,5527624
202311,'511,ガンビア,58545,225202,-,301
202311,'512,ギニア・ビサウ,64172,208366,-,113097
202311,'513,ギニア,94831,1012724,171650,1812037
202311,'514,シエラレオネ,58062,777162,346,4889978
202311,'515,リベリア,36461569,306889541,408,4909
202311,'516,コートジボワール,1413723,10079647,128684,1739579
202311,'517,ガーナ,1251775,12622239,687289,19055599
202311,'518,トーゴ,319556,2718915,70865,2190140
202311,'519,ベナン,161870,1883507,-,298747
202311,'520,マリ,189491,1980558,62638,779168
202311,'521,ブルキナファソ,44317,760123,272784,7240551
202311,'522,カーボベルデ,67264,672065,-,1252
202311,'523,カナリー諸島（西）,469763,4015944,1673,21049
202311,'524,ナイジェリア,4432799,38195402,15684949,66847234
202311,'525,ニジェール,84802,606185,10761,101401
202311,'526,ルワンダ,58813,706978,199920,446025
202311,'527,カメルーン,524008,4662742,77423,1088188
202311,'528,チャド,3548,104721,11680,47004
202311,'529,中央アフリカ,-,220874,6672,41635
202311,'530,赤道ギニア,168933,1144023,-,14332879
202311,'531,ガボン,139581,4695490,36344,5406960
202311,'532,コンゴ共和国,162404,713551,57833,523195
202311,'533,コンゴ民主共和国,1545432,20275313,1267087,5039866
202311,'534,ブルンジ,173107,1602790,39834,212626
202311,'535,アンゴラ,224143,5648030,-,350164
202311,'536,サントメ・プリンシペ,-,563888,-,1721
202311,'537,セントヘレナ及びその附属諸島（英）,-,1223,237,418009
202311,'538,エチオピア,731296,6085467,1769653,15547588
202311,'539,ジブチ,262026,6153965,339,2967
202311,'540,ソマリア,87759,686386,32110,1084290
202311,'541,ケニア,9312050,121318638,1050704,11110482
202311,'542,ウガンダ,2175662,24770675,250793,2264899
202311,'543,タンザニア,6861696,71096020,1235658,15322544
202311,'544,セーシェル,152746,1079574,348306,7902611
202311,'545,モザンビーク,1357237,14644616,762173,25441355
202311,'546,マダガスカル,101090,2319149,1627463,49591391
202311,'547,モーリシャス,3059993,23141453,102762,1157671
202311,'548,レユニオン（仏）,352074,3791552,-,284674
202311,'549,ジンバブエ,754095,6926981,495216,2752040
202311,'550,ナミビア,306061,3231682,32231,972411
202311,'551,南アフリカ共和国,25232560,323991079,63363004,945101889
202311,'552,レソト,174541,1570421,1490,175686
202311,'553,マラウイ,303187,3997505,698514,2375342
202311,'554,ザンビア,1340317,15365652,62414,1440934
202311,'555,ボツワナ,220606,2254606,219789,3062256
202311,'556,エスワティニ,48126,696079,10861,206367
202311,'558,コモロ,23366,139123,4829,17264
202311,'559,エリトリア,-,193552,-,5126
202311,'560,南スーダン,443064,3118884,2344199,2344486
202311,'601,オーストラリア,186509336,2128670259,661789457,8324376062
202311,'602,パプアニューギニア,3029774,28424665,30169579,396017006
202311,'605,その他のオーストラリア領,6714,115455,226,16502
202311,'606,ニュージーランド,45731572,377073731,25759451,351773632
202311,'607,クック,23706,239373,90129,1188141
202311,'608,トケラウ諸島（ニュージーランド）,-,0,-,2922
202311,'609,ニウエ,677,20687,1914,1914
202311,'610,サモア,304611,2393680,2867,26885
202311,'611,バヌアツ,181959,1679593,476340,4619487
202311,'612,フィジー,1369241,10397706,96301,2682623
202311,'613,ソロモン,219387,2515569,30606,138370
202311,'614,トンガ,155441,1187655,3112,25095
202311,'615,キリバス,98956,1543185,14682,676065
202311,'616,ピットケルン（英）,-,0,-,1250
202311,'617,ナウル,3245,1040121,-,281403
202311,'618,ニューカレドニア（仏）,298525,6603215,3206076,23672110
202311,'619,仏領ポリネシア,350374,3015810,2382289,12370609
202311,'620,グアム（米）,1294573,16653713,27449,340029
202311,'621,米領サモア,28066,306659,1185,8983
202311,'622,米領オセアニア,-,2790,1415,34816
202311,'624,ツバル,290475,1531376,-,283231
202311,'625,マーシャル,9110534,154704983,877,2893455
202311,'626,ミクロネシア,360997,2098569,113322,1005614
202311,'627,北マリアナ諸島（米）,84055,2114399,-,1683
202311,'628,パラオ,77308,1227377,-,43305
202311,'702,不明,-,0,343450,693030
202312,'103,大韓民国,586401112,6581861782,407212466,4361659247
202312,'105,中華人民共和国,1771464400,17763903812,2031341808,24424201780
202312,'106,台湾,561037404,6016166322,458059477,5000424768
202312,'107,モンゴル,12412825,108349616,204184,4535599
202312,'108,香港,424049599,4578605888,26559029,213750883
202312,'110,ベトナム,231832491,2417121778,296723970,3626295628
202312,'111,タイ,339199425,4114663871,296986995,3609472419
202312,'112,シンガポール,225667638,2631230152,114248606,1208593487
202312,'113,マレーシア,168596858,1957911592,271955166,2825977817
202312,'116,ブルネイ,760582,7890400,14070870,267109111
202312,'117,フィリピン,126959571,1423495471,114857810,1452275288
202312,'118,インドネシア,170990756,2025069768,269989939,3415054030
202312,'120,カンボジア,6985052,70487088,19267693,269251568
202312,'121,ラオス,1688575,16219512,1506652,23044712
202312,'122,ミャンマー,4045526,53368819,10673489,216808714
202312,'123,インド,216138265,2235195761,54717728,789258811
202312,'124,パキスタン,18429127,146929836,3330570,33736769
202312,'125,スリランカ,2653009,23570210,2607642,34756766
202312,'126,モルディブ,832701,5735168,24894,427864
202312,'127,バングラデシュ,20270953,244983701,17070191,221413839
202312,'128,東ティモール,98275,1510854,51344,3324726
202312,'129,マカオ,5298368,66066802,194660,1813707
202312,'130,アフガニスタン,62572,1976575,26658,200468
202312,'131,ネパール,286392,4764096,109577,1841115
202312,'132,ブータン,3836,250578,-,120509
202312,'133,イラン,574154,9062290,235318,4335633
202312,'134,イラク,11326783,119022680,221,4067906
202312,'135,バーレーン,6839295,89428928,7613817,107560923
202312,'137,サウジアラビア,87311450,892422260,494126733,4872987864
202312,'138,クウェート,22935224,273312162,122842022,1282018508
202312,'140,カタール,18696360,197237271,110809318,1289065401
202312,'141,オマーン,20867066,171288886,36538165,349869283
202312,'143,イスラエル,8452319,182402938,19205790,211476594
202312,'144,ヨルダン,4199644,69478677,217608,12632049
202312,'145,シリア,22521,488632,299,61781
202312,'146,レバノン,5012826,46398887,78956,832181
202312,'147,アラブ首長国連邦,165868437,1466149107,551795418,5192557238
202312,'149,イエメン,3580426,34590233,69054,818663
202312,'150,アゼルバイジャン,329163,8260631,159548,1816237
202312,'151,アルメニア,133567,3249781,424447,4763324
202312,'152,ウズベキスタン,8356721,34034183,58196,4182355
202312,'153,カザフスタン,6844339,118152076,11035376,94194283
202312,'154,キルギス,402141,3766045,30032,278731
202312,'155,タジキスタン,302326,4827181,-,63324
202312,'156,トルクメニスタン,2266268,24925859,1796,16219
202312,'157,ジョージア,2898207,59049328,634805,2744905
202312,'158,ヨルダン川西岸及びガザ,1351,523004,-,32017
202312,'201,アイスランド,450530,13896083,2129157,27847827
202312,'202,ノルウェー,11676986,124337470,23319807,200610464
202312,'203,スウェーデン,22509488,237137947,30806789,389605525
202312,'204,デンマーク,7905134,83172737,26612620,308706735
202312,'205,英国,164562741,1689233574,88486579,1006755554
202312,'206,アイルランド,24397960,246229522,78294882,934921416
202312,'207,オランダ,174635269,1887106307,37384548,473614199
202312,'208,ベルギー,87230826,897927507,35199048,514052203
202312,'209,ルクセンブルク,6839903,80837381,781397,10290105
202312,'210,フランス,88788636,981482493,142927809,1502006659
202312,'211,モナコ,577,151160,16722,264673
202312,'212,アンドラ,380,18174,253,8656
202312,'213,ドイツ,239581995,2716854820,249487455,3151976990
202312,'215,スイス,71975280,749252568,107713650,1187357445
202312,'217,ポルトガル,8816847,95284842,4784686,84330873
202312,'218,スペイン,46058477,456931091,50118299,709746945
202312,'219,ジブラルタル（英）,2192406,21080612,-,20639
202312,'220,イタリア,81115462,851759729,162159921,1727612697
202312,'221,マルタ,1373377,24430655,3603783,24740453
202312,'222,フィンランド,5847672,61828726,18373557,223043516
202312,'223,ポーランド,53599860,591207384,11111688,152528448
202312,'224,ロシア,21801908,395552230,117368074,1033199138
202312,'225,オーストリア,17456411,220351373,24599798,309587078
202312,'227,ハンガリー,22137919,238393081,16166547,180258654
202312,'228,セルビア,764305,6929824,4230383,53517585
202312,'229,アルバニア,64101,599707,168744,3126828
202312,'230,ギリシャ,4430791,57413172,4318917,107072911
202312,'231,ルーマニア,9011706,73328158,11303669,195349919
202312,'232,ブルガリア,2020531,20192729,1566437,17896249
202312,'233,キプロス,5683472,117393980,12949,188503
202312,'234,トルコ,50099570,560229408,10828347,155212850
202312,'235,エストニア,4329652,35441394,2652916,29255680
202312,'236,ラトビア,414736,4301517,732897,10558648
202312,'237,リトアニア,1015209,12891676,1436207,19660267
202312,'238,ウクライナ,3087559,60128909,514846,12849281
202312,'239,ベラルーシ,252610,1925266,60501,380698
202312,'240,モルドバ,116335,795148,303293,4787533
202312,'241,クロアチア,884136,16235350,229089,12147912
202312,'242,スロベニア,2836140,31463736,8886307,49129868
202312,'243,ボスニア・ヘルツェゴビナ,17075,274279,237539,2222620
202312,'244,北マケドニア,154225,1817391,69404,1713872
202312,'245,チェコ,33872849,312039829,15484343,198468465
202312,'246,スロバキア,2115092,22624327,8368144,90775373
202312,'247,モンテネグロ,46064,427486,253,25730
202312,'248,コソボ,16901,156746,2384,16256
202312,'249,フェロー諸島（デンマーク）,1700,2020,161487,1423588
202312,'250,バチカン,-,0,-,1220
202312,'301,グリーンランド（デンマーク）,-,1907,1058831,11180675
202312,'302,カナダ,170422444,1536586199,172921070,2037988599
202312,'304,アメリカ合衆国,2081053181,20260168566,1010958745,11555413633
202312,'305,メキシコ,155012864,1839711933,76576551,799281155
202312,'306,グアテマラ,5236223,60902884,881253,25146894
202312,'307,ホンジュラス,2109027,24857781,413122,11882148
202312,'308,ベリーズ,482989,3766071,73293,761819
202312,'309,エルサルバドル,2116605,22761112,126061,2859721
202312,'310,ニカラグア,2862939,19430927,194476,4469075
202312,'311,コスタリカ,5989968,68235789,5873988,75208537
202312,'312,パナマ,52249801,554517977,8696353,113315766
202312,'314,バーミュダ（英）,151722,1758140,-,5927
202312,'315,バハマ,656444,42067729,3420,138095
202312,'316,ジャマイカ,4695643,46124539,81992,2700977
202312,'317,タークス及びカイコス諸島（英）,147861,1814201,-,1446
202312,'319,バルバドス,862870,16517950,2992,23763
202312,'320,トリニダード・トバゴ,1954329,27178986,58927,19534296
202312,'321,キューバ,173866,2296628,9645,1215597
202312,'322,ハイチ,11808,1397732,10867,481219
202312,'323,ドミニカ共和国,4826651,50839712,1062229,16107011
202312,'324,プエルトリコ（米）,13727421,129184414,16631622,202740403
202312,'325,米領バージン諸島,43359,195297,1951,2283
202312,'326,蘭領アンティール,419178,3498960,-,31176
202312,'327,仏領西インド諸島,375795,4547070,692,31884
202312,'328,ケイマン諸島（英）,248603,2686736,-,3316977
202312,'329,グレナダ,150499,1942895,-,8998
202312,'330,セントルシア,315802,2729499,-,3677
202312,'331,アンティグア・バーブーダ,216127,2661166,819,2270
202312,'332,英領バージン諸島,47801,331826,-,251
202312,'333,ドミニカ,69034,763849,9536,18103
202312,'334,モントセラト（英）,7336,71302,-,597
202312,'335,セントクリストファー・ネービス,97276,1057685,-,1912
202312,'336,セントビンセント,84133,984517,-,620
202312,'337,英領アンギラ,25592,338533,-,2612
202312,'338,サン・バルテルミー島（仏）,68694,273856,-,0
202312,'401,コロンビア,13424293,136251297,8220559,117320977
202312,'402,ベネズエラ,879900,8273522,89115,1874469
202312,'403,ガイアナ,2047804,21816211,6760,1242298
202312,'404,スリナム,783730,8274032,95408,879496
202312,'405,仏領ギアナ,29932,723628,-,1211
202312,'406,エクアドル,4806458,78286530,10838863,176580299
202312,'407,ペルー,8737856,111625341,13966370,355205055
202312,'408,ボリビア,1377888,16988643,3971826,28967260
202312,'409,チリ,28048716,286054081,76123769,1084993320
202312,'410,ブラジル,51248017,595383044,147750020,1552088106
202312,'411,パラグアイ,1799658,15551342,1316461,5156432
202312,'412,ウルグアイ,866413,10706381,868150,9427551
202312,'413,アルゼンチン,9573636,126820630,12700297,118893816
202312,'414,フォークランド諸島及びその附属諸島（英）,-,1550,38900,380809
202312,'501,モロッコ,4058466,37861272,5562821,42064645
202312,'502,セウタ及びメリリア（西）,-,26503,1627,58299
202312,'503,アルジェリア,790438,10923048,205,66935948
202312,'504,チュニジア,1533504,10966228,961029,18704643
202312,'505,リビア,519735,7569679,117451,136466
202312,'506,エジプト,12745117,95461828,503707,32463037
202312,'507,スーダン,348386,5174166,278302,1966494
202312,'508,西サハラ,10081,10398,-,828663
202312,'509,モーリタニア,380469,2918916,4921967,29205886
202312,'510,セネガル,1716345,9380041,72022,5599646
202312,'511,ガンビア,591,225793,1848,2149
202312,'512,ギニア・ビサウ,30222,238588,68636,181733
202312,'513,ギニア,75433,1088157,64407,1876444
202312,'514,シエラレオネ,78613,855775,-,4889978
202312,'515,リベリア,86284072,393173613,-,4909
202312,'516,コートジボワール,1371281,11450928,306521,2046100
202312,'517,ガーナ,1591639,14213878,771567,19827166
202312,'518,トーゴ,398235,3117150,83000,2273140
202312,'519,ベナン,43936,1927443,-,298747
202312,'520,マリ,151212,2131770,319,779487
202312,'521,ブルキナファソ,130636,890759,1839,7242390
202312,'522,カーボベルデ,54344,726409,-,1252
202312,'523,カナリー諸島（西）,471212,4487156,3508,24557
202312,'524,ナイジェリア,3590885,41786287,3994172,70841406
202312,'525,ニジェール,4731,610916,9183,110584
202312,'526,ルワンダ,47527,754505,52572,498597
202312,'527,カメルーン,633368,5296110,106418,1194606
202312,'528,チャド,12150,116871,-,47004
202312,'529,中央アフリカ,24209,245083,-,41635
202312,'530,赤道ギニア,57932,1201955,8797432,23130311
202312,'531,ガボン,125462,4820952,40447,5447407
202312,'532,コンゴ共和国,136157,849708,24530,547725
202312,'533,コンゴ民主共和国,2876201,23151514,48284,5088150
202312,'534,ブルンジ,163879,1766669,1150,213776
202312,'535,アンゴラ,1024265,6672295,-,350164
202312,'536,サントメ・プリンシペ,55327,619215,794,2515
202312,'537,セントヘレナ及びその附属諸島（英）,-,1223,112364,530373
202312,'538,エチオピア,495357,6580824,765630,16313218
202312,'539,ジブチ,98113,6252078,-,2967
202312,'540,ソマリア,35312,721698,37370,1121660
202312,'541,ケニア,11705056,133023694,891063,12001545
202312,'542,ウガンダ,2886338,27657013,204467,2469366
202312,'543,タンザニア,7106197,78202217,1388777,16711321
202312,'544,セーシェル,53643,1133217,646663,8549274
202312,'545,モザンビーク,1183671,15828287,858687,26300042
202312,'546,マダガスカル,319245,2638394,2443948,52035339
202312,'547,モーリシャス,2695108,25836561,44645,1202316
202312,'548,レユニオン（仏）,293243,4084795,5480,290154
202312,'549,ジンバブエ,846920,7773901,123745,2875785
202312,'550,ナミビア,444915,3676597,75441,1047852
202312,'551,南アフリカ共和国,28510951,352502030,76708846,1021810735
202312,'552,レソト,189353,1759774,1474,177160
202312,'553,マラウイ,481840,4479345,220361,2595703
202312,'554,ザンビア,1392100,16757752,146055,1586989
202312,'555,ボツワナ,331018,2585624,34333,3096589
202312,'556,エスワティニ,180635,876714,14527,220894
202312,'558,コモロ,16467,155590,944,18208
202312,'559,エリトリア,2777,196329,652,5778
202312,'560,南スーダン,512758,3631642,-,2344486
202312,'601,オーストラリア,227233640,2355903899,772859536,9097235598
202312,'602,パプアニューギニア,2242131,30666796,54158703,450175709
202312,'605,その他のオーストラリア領,7944,123399,1296,17798
202312,'606,ニュージーランド,32371736,409445467,25342873,377116505
202312,'607,クック,68568,307941,221527,1409668
202312,'608,トケラウ諸島（ニュージーランド）,-,0,277,3199
202312,'609,ニウエ,3052,23739,-,1914
202312,'610,サモア,300864,2694544,-,26885
202312,'611,バヌアツ,126430,1806023,587460,5206947
202312,'612,フィジー,1369839,11767545,58541,2741164
202312,'613,ソロモン,229289,2744858,60470,198840
202312,'614,トンガ,185093,1372748,3003,28098
202312,'615,キリバス,84085,1627270,25819,701884
202312,'616,ピットケルン（英）,-,0,-,1250
202312,'617,ナウル,6105,1046226,86151,367554
202312,'618,ニューカレドニア（仏）,880946,7484161,1373487,25045597
202312,'619,仏領ポリネシア,395993,3411803,984543,13355152
202312,'620,グアム（米）,2983000,19636713,7425,347454
202312,'621,米領サモア,21959,328618,-,8983
202312,'622,米領オセアニア,-,2790,202,35018
202312,'624,ツバル,7768,1539144,131678,414909
202312,'625,マーシャル,5654550,160359533,2776,2896231
202312,'626,ミクロネシア,279549,2378118,282734,1288348
202312,'627,北マリアナ諸島（米）,363721,2478120,-,1683
202312,'628,パラオ,174723,1402100,-,43305
202312,'702,不明,-,0,40187,733217
202401,'103,大韓民国,519840100,519840100,388271872,388271872
202401,'105,中華人民共和国,1251068311,1251068311,2211803835,2211803835
202401,'106,台湾,466103618,466103618,344586870,344586870
202401,'107,モンゴル,8518432,8518432,307075,307075
202401,'108,香港,350023863,350023863,17549389,17549389
202401,'110,ベトナム,162253612,162253612,339775478,339775478
202401,'111,タイ,301589155,301589155,288421466,288421466
202401,'112,シンガポール,186269949,186269949,80597926,80597926
202401,'113,マレーシア,159963607,159963607,264144268,264144268
202401,'116,ブルネイ,601678,601678,20931789,20931789
202401,'117,フィリピン,114393743,114393743,109327447,109327447
202401,'118,インドネシア,139385026,139385026,283997447,283997447
202401,'120,カンボジア,4319870,4319870,27448145,27448145
202401,'121,ラオス,1032426,1032426,1811492,1811492
202401,'122,ミャンマー,2569060,2569060,17130424,17130424
202401,'123,インド,195252102,195252102,72261554,72261554
202401,'124,パキスタン,10159331,10159331,2646903,2646903
202401,'125,スリランカ,2130005,2130005,2695046,2695046
202401,'126,モルディブ,548007,548007,23547,23547
202401,'127,バングラデシュ,16433612,16433612,18911155,18911155
202401,'128,東ティモール,143915,143915,13757,13757
202401,'129,マカオ,4238693,4238693,141364,141364
202401,'130,アフガニスタン,38110,38110,95479,95479
202401,'131,ネパール,205238,205238,163716,163716
202401,'132,ブータン,11223,11223,2861,2861
202401,'133,イラン,506377,506377,406967,406967
202401,'134,イラク,9648689,9648689,360,360
202401,'135,バーレーン,5315086,5315086,16647356,16647356
202401,'137,サウジアラビア,62216402,62216402,387328041,387328041
202401,'138,クウェート,13088624,13088624,69908920,69908920
202401,'140,カタール,12843076,12843076,101336863,101336863
202401,'141,オマーン,13350665,13350665,28649371,28649371
202401,'143,イスラエル,8137577,8137577,16616100,16616100
202401,'144,ヨルダン,6326691,6326691,1536236,1536236
202401,'145,シリア,13670,13670,12764,12764
202401,'146,レバノン,3666180,3666180,11128,11128
202401,'147,アラブ首長国連邦,130903810,130903810,443919644,443919644
202401,'149,イエメン,2446546,2446546,12555,12555
202401,'150,アゼルバイジャン,1946390,1946390,115220,115220
202401,'151,アルメニア,69778,69778,440637,440637
202401,'152,ウズベキスタン,2456032,2456032,88511,88511
202401,'153,カザフスタン,11454804,11454804,10942278,10942278
202401,'154,キルギス,188071,188071,23596,23596
202401,'155,タジキスタン,284470,284470,31596,31596
202401,'156,トルクメニスタン,373918,373918,-,0
202401,'157,ジョージア,5006814,5006814,988341,988341
202401,'158,ヨルダン川西岸及びガザ,-,0,1102,1102
202401,'201,アイスランド,143314,143314,1802035,1802035
202401,'202,ノルウェー,12186797,12186797,17488054,17488054
202401,'203,スウェーデン,19251986,19251986,35736812,35736812
202401,'204,デンマーク,6935068,6935068,22217753,22217753
202401,'205,英国,121044992,121044992,73884528,73884528
202401,'206,アイルランド,20947271,20947271,52090690,52090690
202401,'207,オランダ,142252869,142252869,27497373,27497373
202401,'208,ベルギー,64241435,64241435,25073441,25073441
202401,'209,ルクセンブルク,5923129,5923129,505224,505224
202401,'210,フランス,69736145,69736145,120685889,120685889
202401,'211,モナコ,13386,13386,27443,27443
202401,'212,アンドラ,1265,1265,-,0
202401,'213,ドイツ,197823228,197823228,200840121,200840121
202401,'215,スイス,49061158,49061158,85223083,85223083
202401,'217,ポルトガル,6947681,6947681,4121371,4121371
202401,'218,スペイン,32350080,32350080,38363337,38363337
202401,'219,ジブラルタル（英）,1112590,1112590,-,0
202401,'220,イタリア,64741803,64741803,128683948,128683948
202401,'221,マルタ,986613,986613,2736888,2736888
202401,'222,フィンランド,4649298,4649298,15917504,15917504
202401,'223,ポーランド,41385778,41385778,8397525,8397525
202401,'224,ロシア,14948175,14948175,86687289,86687289
202401,'225,オーストリア,16082709,16082709,19579467,19579467
202401,'227,ハンガリー,15735820,15735820,12838205,12838205
202401,'228,セルビア,558450,558450,6606167,6606167
202401,'229,アルバニア,14898,14898,140622,140622
202401,'230,ギリシャ,3329040,3329040,5127363,5127363
202401,'231,ルーマニア,5300576,5300576,11458961,11458961
202401,'232,ブルガリア,1357727,1357727,1067339,1067339
202401,'233,キプロス,14877853,14877853,25357,25357
202401,'234,トルコ,31757841,31757841,9135041,9135041
202401,'235,エストニア,2763543,2763543,1258247,1258247
202401,'236,ラトビア,214865,214865,872039,872039
202401,'237,リトアニア,762746,762746,1384040,1384040
202401,'238,ウクライナ,4899081,4899081,277715,277715
202401,'239,ベラルーシ,69393,69393,8988,8988
202401,'240,モルドバ,75852,75852,517113,517113
202401,'241,クロアチア,1032334,1032334,138653,138653
202401,'242,スロベニア,2249175,2249175,9047012,9047012
202401,'243,ボスニア・ヘルツェゴビナ,18212,18212,109582,109582
202401,'244,北マケドニア,134807,134807,65858,65858
202401,'245,チェコ,25241157,25241157,14643751,14643751
202401,'246,スロバキア,1831995,1831995,8019977,8019977
202401,'247,モンテネグロ,26219,26219,-,0
202401,'248,コソボ,11380,11380,362,362
202401,'249,フェロー諸島（デンマーク）,-,0,209726,209726
202401,'301,グリーンランド（デンマーク）,283,283,859924,859924
202401,'302,カナダ,113204987,113204987,182660243,182660243
202401,'304,アメリカ合衆国,1423418563,1423418563,1009198497,1009198497
202401,'305,メキシコ,116269744,116269744,76004174,76004174
202401,'306,グアテマラ,5298989,5298989,683781,683781
202401,'307,ホンジュラス,1788626,1788626,300125,300125
202401,'308,ベリーズ,227743,227743,83798,83798
202401,'309,エルサルバドル,1739741,1739741,113522,113522
202401,'310,ニカラグア,1450491,1450491,198071,198071
202401,'311,コスタリカ,5429601,5429601,6334041,6334041
202401,'312,パナマ,33750086,33750086,7481494,7481494
202401,'314,バーミュダ（英）,132802,132802,-,0
202401,'315,バハマ,9341191,9341191,6300,6300
202401,'316,ジャマイカ,2967237,2967237,117444,117444
202401,'317,タークス及びカイコス諸島（英）,86411,86411,-,0
202401,'319,バルバドス,693352,693352,4822,4822
202401,'320,トリニダード・トバゴ,2375612,2375612,1288628,1288628
202401,'321,キューバ,208876,208876,202269,202269
202401,'322,ハイチ,159791,159791,15825,15825
202401,'323,ドミニカ共和国,3052097,3052097,1235609,1235609
202401,'324,プエルトリコ（米）,6805789,6805789,19561261,19561261
202401,'325,米領バージン諸島,6721,6721,363,363
202401,'326,蘭領アンティール,236452,236452,-,0
202401,'327,仏領西インド諸島,241147,241147,393,393
202401,'328,ケイマン諸島（英）,159943,159943,-,0
202401,'329,グレナダ,137427,137427,-,0
202401,'330,セントルシア,187105,187105,-,0
202401,'331,アンティグア・バーブーダ,158410,158410,209,209
202401,'332,英領バージン諸島,10323,10323,-,0
202401,'333,ドミニカ,55692,55692,1041,1041
202401,'334,モントセラト（英）,4727,4727,-,0
202401,'335,セントクリストファー・ネービス,50570,50570,-,0
202401,'336,セントビンセント,141592,141592,-,0
202401,'337,英領アンギラ,21617,21617,-,0
202401,'401,コロンビア,9918324,9918324,6334728,6334728
202401,'402,ベネズエラ,553382,553382,187765,187765
202401,'403,ガイアナ,1374999,1374999,310,310
202401,'404,スリナム,403727,403727,56088,56088
202401,'405,仏領ギアナ,36464,36464,-,0
202401,'406,エクアドル,4470666,4470666,26311792,26311792
202401,'407,ペルー,6147064,6147064,39864852,39864852
202401,'408,ボリビア,1212071,1212071,8331417,8331417
202401,'409,チリ,24715648,24715648,91906231,91906231
202401,'410,ブラジル,44977085,44977085,118350079,118350079
202401,'411,パラグアイ,1080565,1080565,2059259,2059259
202401,'412,ウルグアイ,664371,664371,697827,697827
202401,'413,アルゼンチン,10796880,10796880,8319813,8319813
202401,'414,フォークランド諸島及びその附属諸島（英）,1250,1250,29748,29748
202401,'415,英領南極地域,-,0,271,271
202401,'501,モロッコ,2609241,2609241,5737220,5737220
202401,'502,セウタ及びメリリア（西）,20420,20420,604,604
202401,'503,アルジェリア,1212753,1212753,4037,4037
202401,'504,チュニジア,928145,928145,1828836,1828836
202401,'505,リビア,531591,531591,-,0
202401,'506,エジプト,6191854,6191854,444226,444226
202401,'507,スーダン,339428,339428,56785,56785
202401,'509,モーリタニア,144909,144909,1302529,1302529
202401,'510,セネガル,998488,998488,319365,319365
202401,'511,ガンビア,663,663,-,0
202401,'513,ギニア,140970,140970,29774,29774
202401,'514,シエラレオネ,155797,155797,4334,4334
202401,'515,リベリア,20043808,20043808,-,0
202401,'516,コートジボワール,708032,708032,105645,105645
202401,'517,ガーナ,1141282,1141282,1448416,1448416
202401,'518,トーゴ,416014,416014,133079,133079
202401,'519,ベナン,15098,15098,-,0
202401,'520,マリ,106718,106718,8020,8020
202401,'521,ブルキナファソ,91021,91021,21060,21060
202401,'522,カーボベルデ,78009,78009,-,0
202401,'523,カナリー諸島（西）,314040,314040,1539,1539
202401,'524,ナイジェリア,2543039,2543039,2587016,2587016
202401,'525,ニジェール,1336,1336,559,559
202401,'526,ルワンダ,67502,67502,58990,58990
202401,'527,カメルーン,406886,406886,16047,16047
202401,'528,チャド,93300,93300,-,0
202401,'529,中央アフリカ,-,0,720,720
202401,'530,赤道ギニア,2857,2857,-,0
202401,'531,ガボン,110854,110854,420527,420527
202401,'532,コンゴ共和国,52457,52457,37043,37043
202401,'533,コンゴ民主共和国,1225209,1225209,513116,513116
202401,'534,ブルンジ,66976,66976,25085,25085
202401,'535,アンゴラ,1305355,1305355,-,0
202401,'537,セントヘレナ及びその附属諸島（英）,-,0,26922,26922
202401,'538,エチオピア,276010,276010,1214652,1214652
202401,'539,ジブチ,191927,191927,-,0
202401,'540,ソマリア,20607,20607,29761,29761
202401,'541,ケニア,8014474,8014474,660445,660445
202401,'542,ウガンダ,1516318,1516318,206319,206319
202401,'543,タンザニア,4213605,4213605,935121,935121
202401,'544,セーシェル,28393,28393,1066813,1066813
202401,'545,モザンビーク,1547866,1547866,785782,785782
202401,'546,マダガスカル,25600,25600,1248999,1248999
202401,'547,モーリシャス,1968707,1968707,130276,130276
202401,'548,レユニオン（仏）,282921,282921,-,0
202401,'549,ジンバブエ,520568,520568,144754,144754
202401,'550,ナミビア,305621,305621,44510,44510
202401,'551,南アフリカ共和国,21429186,21429186,77016984,77016984
202401,'552,レソト,109362,109362,220,220
202401,'553,マラウイ,196403,196403,36438,36438
202401,'554,ザンビア,802101,802101,2984,2984
202401,'555,ボツワナ,250958,250958,243592,243592
202401,'556,エスワティニ,86337,86337,29288,29288
202401,'558,コモロ,-,0,5300,5300
202401,'559,エリトリア,3185,3185,-,0
202401,'560,南スーダン,296643,296643,-,0
202401,'601,オーストラリア,174187600,174187600,727758943,727758943
202401,'602,パプアニューギニア,2365168,2365168,36537047,36537047
202401,'605,その他のオーストラリア領,6521,6521,-,0
202401,'606,ニュージーランド,20738369,20738369,27423755,27423755
202401,'607,クック,10346,10346,151130,151130
202401,'609,ニウエ,3561,3561,-,0
202401,'610,サモア,202997,202997,-,0
202401,'611,バヌアツ,206289,206289,270103,270103
202401,'612,フィジー,788558,788558,693043,693043
202401,'613,ソロモン,124130,124130,58554,58554
202401,'614,トンガ,219517,219517,-,0
202401,'615,キリバス,118468,118468,64494,64494
202401,'617,ナウル,-,0,11645,11645
202401,'618,ニューカレドニア（仏）,705397,705397,529115,529115
202401,'619,仏領ポリネシア,271257,271257,827654,827654
202401,'620,グアム（米）,1070931,1070931,2729,2729
202401,'621,米領サモア,15386,15386,3494,3494
202401,'624,ツバル,2027,2027,-,0
202401,'625,マーシャル,18220193,18220193,20330,20330
202401,'626,ミクロネシア,85895,85895,163184,163184
202401,'627,北マリアナ諸島（米）,43557,43557,-,0
202401,'628,パラオ,571960,571960,-,0
202401,'702,不明,-,0,26700,26700
202402,'103,大韓民国,539133511,1058973611,334718920,722990792
202402,'105,中華人民共和国,1348643228,2599711539,1787702866,3999506701
202402,'106,台湾,471654356,937757974,325755970,670342840
202402,'107,モンゴル,11351724,19870156,136939,444014
202402,'108,香港,426044213,776068076,11376721,28926110
202402,'110,ベトナム,211422064,373675676,297332616,637108094
202402,'111,タイ,320370727,621959882,306105650,594527116
202402,'112,シンガポール,216646204,402916153,97277662,177875588
202402,'113,マレーシア,174180081,334143688,262260260,526404528
202402,'116,ブルネイ,971471,1573149,24055392,44987181
202402,'117,フィリピン,105763749,220157492,114155611,223483058
202402,'118,インドネシア,140122333,279507359,312360596,596358043
202402,'120,カンボジア,6664863,10984733,26336333,53784478
202402,'121,ラオス,614116,1646542,1752389,3563881
202402,'122,ミャンマー,3247221,5816281,19137934,36268358
202402,'123,インド,208768173,404020275,76425582,148687136
202402,'124,パキスタン,16629809,26789140,2842956,5489859
202402,'125,スリランカ,1853430,3983435,2736330,5431376
202402,'126,モルディブ,629675,1177682,36516,60063
202402,'127,バングラデシュ,17385956,33819568,20227162,39138317
202402,'128,東ティモール,143183,287098,14020,27777
202402,'129,マカオ,4853454,9092147,227731,369095
202402,'130,アフガニスタン,77223,115333,14413,109892
202402,'131,ネパール,295932,501170,153061,316777
202402,'132,ブータン,15048,26271,-,2861
202402,'133,イラン,1548506,2054883,388437,795404
202402,'134,イラク,6808118,16456807,1606,1966
202402,'135,バーレーン,6831213,12146299,7988369,24635725
202402,'137,サウジアラビア,59761598,121978000,357771599,745099640
202402,'138,クウェート,18404303,31492927,101615778,171524698
202402,'140,カタール,15522982,28366058,117239055,218575918
202402,'141,オマーン,10065541,23416206,21767859,50417230
202402,'143,イスラエル,12176695,20314272,14055294,30671394
202402,'144,ヨルダン,3689892,10016583,272009,1808245
202402,'145,シリア,18789,32459,891,13655
202402,'146,レバノン,3284818,6950998,38299,49427
202402,'147,アラブ首長国連邦,139449891,270353701,464481996,908401640
202402,'149,イエメン,3044496,5491042,90211,102766
202402,'150,アゼルバイジャン,691655,2638045,69608,184828
202402,'151,アルメニア,427853,497631,267482,708119
202402,'152,ウズベキスタン,2441729,4897761,354053,442564
202402,'153,カザフスタン,11790093,23244897,7018219,17960497
202402,'154,キルギス,286724,474795,68443,92039
202402,'155,タジキスタン,165030,449500,-,31596
202402,'156,トルクメニスタン,96815,470733,994,994
202402,'157,ジョージア,5237676,10244490,123320,1111661
202402,'158,ヨルダン川西岸及びガザ,7018,7018,213,1315
202402,'201,アイスランド,1041237,1184551,1601369,3403404
202402,'202,ノルウェー,9777698,21964495,13982186,31470240
202402,'203,スウェーデン,21096668,40348654,35688674,71425486
202402,'204,デンマーク,7201279,14136347,22134204,44351957
202402,'205,英国,139565501,260610493,77951309,151835837
202402,'206,アイルランド,16411263,37358534,81657022,133747712
202402,'207,オランダ,148718764,290971633,41750953,69248326
202402,'208,ベルギー,80645468,144886903,26945711,52019152
202402,'209,ルクセンブルク,5807812,11730941,464470,969694
202402,'210,フランス,86230152,155966297,115375371,236061260
202402,'211,モナコ,1508,14894,11433,38876
202402,'212,アンドラ,1454,2719,229,229
202402,'213,ドイツ,223781268,421604496,255658183,456498304
202402,'215,スイス,62311467,111372625,103099245,188322328
202402,'217,ポルトガル,6609149,13556830,5126987,9248358
202402,'218,スペイン,45670367,78020447,38543136,76906473
202402,'219,ジブラルタル（英）,1278354,2390944,-,0
202402,'220,イタリア,73260299,138002102,132581779,261265727
202402,'221,マルタ,1459541,2446154,3583602,6320490
202402,'222,フィンランド,4384562,9033860,16678915,32596419
202402,'223,ポーランド,56167475,97553253,14590407,22987932
202402,'224,ロシア,22419729,37367904,81784675,168471964
202402,'225,オーストリア,16734780,32817489,25211889,44791356
202402,'227,ハンガリー,19431138,35166958,12485122,25323327
202402,'228,セルビア,493291,1051741,2450272,9056439
202402,'229,アルバニア,15026,29924,192550,333172
202402,'230,ギリシャ,6054170,9383210,1480344,6607707
202402,'231,ルーマニア,6906268,12206844,8094656,19553617
202402,'232,ブルガリア,1128098,2485825,1625227,2692566
202402,'233,キプロス,5471938,20349791,17944,43301
202402,'234,トルコ,55566687,87324528,10617641,19752682
202402,'235,エストニア,2128501,4892044,1906723,3164970
202402,'236,ラトビア,491789,706654,789459,1661498
202402,'237,リトアニア,581881,1344627,1440967,2825007
202402,'238,ウクライナ,9279397,14178478,566668,844383
202402,'239,ベラルーシ,282700,352093,38407,47395
202402,'240,モルドバ,76630,152482,500486,1017599
202402,'241,クロアチア,906983,1939317,233085,371738
202402,'242,スロベニア,2977807,5226982,8185644,17232656
202402,'243,ボスニア・ヘルツェゴビナ,40938,59150,142725,252307
202402,'244,北マケドニア,153678,288485,174702,240560
202402,'245,チェコ,28686878,53928035,44384993,59028744
202402,'246,スロバキア,2488005,4320000,3758405,11778382
202402,'247,モンテネグロ,65410,91629,-,0
202402,'248,コソボ,1418,12798,1444,1806
202402,'249,フェロー諸島（デンマーク）,-,0,117711,327437
202402,'301,グリーンランド（デンマーク）,-,283,615747,1475671
202402,'302,カナダ,144435981,257640968,126214299,308874542
202402,'304,アメリカ合衆国,1723489203,3146907766,1015976524,2025175021
202402,'305,メキシコ,140627648,256897392,55973909,131978083
202402,'306,グアテマラ,3815913,9114902,589526,1273307
202402,'307,ホンジュラス,1470732,3259358,566748,866873
202402,'308,ベリーズ,167673,395416,137603,221401
202402,'309,エルサルバドル,1692486,3432227,113395,226917
202402,'310,ニカラグア,1191355,2641846,181760,379831
202402,'311,コスタリカ,8604001,14033602,6995304,13329345
202402,'312,パナマ,28322755,62072841,305389,7786883
202402,'314,バーミュダ（英）,49434,182236,-,0
202402,'315,バハマ,933149,10274340,43631,49931
202402,'316,ジャマイカ,4848625,7815862,340725,458169
202402,'317,タークス及びカイコス諸島（英）,161234,247645,-,0
202402,'319,バルバドス,1104361,1797713,215,5037
202402,'320,トリニダード・トバゴ,2643665,5019277,1471161,2759789
202402,'321,キューバ,53199,262075,88492,290761
202402,'322,ハイチ,33477,193268,27912,43737
202402,'323,ドミニカ共和国,3744006,6796103,1197764,2433373
202402,'324,プエルトリコ（米）,4564905,11370694,20350092,39911353
202402,'325,米領バージン諸島,11551,18272,217,580
202402,'326,蘭領アンティール,367477,603929,227,227
202402,'327,仏領西インド諸島,399443,640590,881,1274
202402,'328,ケイマン諸島（英）,312787,472730,-,0
202402,'329,グレナダ,254609,392036,-,0
202402,'330,セントルシア,297078,484183,-,0
202402,'331,アンティグア・バーブーダ,224292,382702,-,209
202402,'332,英領バージン諸島,57644,67967,-,0
202402,'333,ドミニカ,102675,158367,1094,2135
202402,'334,モントセラト（英）,6778,11505,-,0
202402,'335,セントクリストファー・ネービス,104559,155129,-,0
202402,'336,セントビンセント,139432,281024,-,0
202402,'337,英領アンギラ,21182,42799,-,0
202402,'401,コロンビア,12590734,22509058,6961069,13295797
202402,'402,ベネズエラ,568819,1122201,50009,237774
202402,'403,ガイアナ,2338615,3713614,29152,29462
202402,'404,スリナム,775298,1179025,24539,80627
202402,'405,仏領ギアナ,44637,81101,884,884
202402,'406,エクアドル,5025848,9496514,21469011,47780803
202402,'407,ペルー,8577998,14725062,47705018,87569870
202402,'408,ボリビア,1138905,2350976,4177955,12509372
202402,'409,チリ,22591848,47307496,114899516,206805747
202402,'410,ブラジル,60849771,105826856,134837725,253187804
202402,'411,パラグアイ,1193722,2274287,1673110,3732369
202402,'412,ウルグアイ,914176,1578547,1293396,1991223
202402,'413,アルゼンチン,9679491,20476371,9876880,18196693
202402,'414,フォークランド諸島及びその附属諸島（英）,-,1250,46187,75935
202402,'415,英領南極地域,-,0,-,271
202402,'501,モロッコ,3722697,6331938,3171988,8909208
202402,'502,セウタ及びメリリア（西）,-,20420,4240,4844
202402,'503,アルジェリア,1794207,3006960,2509932,2513969
202402,'504,チュニジア,1021571,1949716,1027082,2855918
202402,'505,リビア,462513,994104,3215,3215
202402,'506,エジプト,11528588,17720442,508867,953093
202402,'507,スーダン,318751,658179,79931,136716
202402,'508,西サハラ,-,0,510,510
202402,'509,モーリタニア,380191,525100,526324,1828853
202402,'510,セネガル,883110,1881598,175317,494682
202402,'511,ガンビア,24887,25550,-,0
202402,'512,ギニア・ビサウ,27113,27113,21062,21062
202402,'513,ギニア,85079,226049,140339,170113
202402,'514,シエラレオネ,86136,241933,1250640,1254974
202402,'515,リベリア,33277866,53321674,-,0
202402,'516,コートジボワール,889380,1597412,95419,201064
202402,'517,ガーナ,1390193,2531475,1736181,3184597
202402,'518,トーゴ,298272,714286,70641,203720
202402,'519,ベナン,17225,32323,221,221
202402,'520,マリ,240986,347704,267,8287
202402,'521,ブルキナファソ,32194,123215,38697,59757
202402,'522,カーボベルデ,36232,114241,-,0
202402,'523,カナリー諸島（西）,365616,679656,2544,4083
202402,'524,ナイジェリア,2130539,4673578,16627831,19214847
202402,'525,ニジェール,11413,12749,10374,10933
202402,'526,ルワンダ,52561,120063,43936,102926
202402,'527,カメルーン,349469,756355,44641,60688
202402,'528,チャド,25756,119056,29860,29860
202402,'529,中央アフリカ,-,0,55494,56214
202402,'530,赤道ギニア,6185,9042,-,0
202402,'531,ガボン,270761,381615,1739564,2160091
202402,'532,コンゴ共和国,26497,78954,2487,39530
202402,'533,コンゴ民主共和国,1684434,2909643,982682,1495798
202402,'534,ブルンジ,113203,180179,21936,47021
202402,'535,アンゴラ,981313,2286668,17484,17484
202402,'537,セントヘレナ及びその附属諸島（英）,-,0,48776,75698
202402,'538,エチオピア,808221,1084231,867308,2081960
202402,'539,ジブチ,683206,875133,-,0
202402,'540,ソマリア,21019,41626,245,30006
202402,'541,ケニア,8623772,16638246,463980,1124425
202402,'542,ウガンダ,2044947,3561265,151440,357759
202402,'543,タンザニア,5489744,9703349,1184728,2119849
202402,'544,セーシェル,68859,97252,710597,1777410
202402,'545,モザンビーク,2743053,4290919,820725,1606507
202402,'546,マダガスカル,188837,214437,2378584,3627583
202402,'547,モーリシャス,2656575,4625282,44550,174826
202402,'548,レユニオン（仏）,449396,732317,329,329
202402,'549,ジンバブエ,710350,1230918,193383,338137
202402,'550,ナミビア,204758,510379,46932,91442
202402,'551,南アフリカ共和国,22402742,43831928,53503170,130520154
202402,'552,レソト,196325,305687,441,661
202402,'553,マラウイ,268906,465309,162018,198456
202402,'554,ザンビア,986897,1788998,74414,77398
202402,'555,ボツワナ,206187,457145,51998,295590
202402,'556,エスワティニ,54009,140346,16527,45815
202402,'558,コモロ,254735,254735,2616,7916
202402,'559,エリトリア,216,3401,334,334
202402,'560,南スーダン,354157,650800,-,0
202402,'601,オーストラリア,166604976,340792576,639024340,1366783283
202402,'602,パプアニューギニア,2387144,4752312,40255601,76792648
202402,'605,その他のオーストラリア領,19084,25605,419,419
202402,'606,ニュージーランド,35600939,56339308,20756035,48179790
202402,'607,クック,12126,22472,157806,308936
202402,'609,ニウエ,6887,10448,1652,1652
202402,'610,サモア,195768,398765,-,0
202402,'611,バヌアツ,54810,261099,89214,359317
202402,'612,フィジー,1166847,1955405,72690,765733
202402,'613,ソロモン,206488,330618,-,58554
202402,'614,トンガ,142468,361985,1420,1420
202402,'615,キリバス,34975,153443,31554,96048
202402,'617,ナウル,5569,5569,-,11645
202402,'618,ニューカレドニア（仏）,529125,1234522,1886098,2415213
202402,'619,仏領ポリネシア,169140,440397,174773,1002427
202402,'620,グアム（米）,1821504,2892435,343579,346308
202402,'621,米領サモア,47469,62855,364,3858
202402,'624,ツバル,2447,4474,-,0
202402,'625,マーシャル,23973600,42193793,3092,23422
202402,'626,ミクロネシア,176573,262468,18449,181633
202402,'627,北マリアナ諸島（米）,124059,167616,-,0
202402,'628,パラオ,96458,668418,519,519
202402,'702,不明,-,0,41029,67729
202403,'103,大韓民国,619946816,1678920427,358259431,1081250223
202403,'105,中華人民共和国,1747252938,4346964477,1825256875,5824763576
202403,'106,台湾,574203295,1511961269,403205488,1073548328
202403,'107,モンゴル,17126889,36997045,227768,671782
202403,'108,香港,426880492,1202948568,52347032,81273142
202403,'110,ベトナム,246346519,620022195,308532307,945640401
202403,'111,タイ,353169478,975129360,301823072,896350188
202403,'112,シンガポール,246492466,649408619,85997082,263872670
202403,'113,マレーシア,195783510,529927198,230729063,757133591
202403,'116,ブルネイ,778696,2351845,31781622,76768803
202403,'117,フィリピン,143024016,363181508,119655351,343138409
202403,'118,インドネシア,138016825,417524184,260526741,856884784
202403,'120,カンボジア,7391753,18376486,31366854,85151332
202403,'121,ラオス,1079765,2726307,2377664,5941545
202403,'122,ミャンマー,4141671,9957952,19674393,55942751
202403,'123,インド,242131185,646151460,70421787,219108923
202403,'124,パキスタン,13636305,40425445,2833998,8323857
202403,'125,スリランカ,2988739,6972174,3008277,8439653
202403,'126,モルディブ,807827,1985509,72507,132570
202403,'127,バングラデシュ,22843566,56663134,20026939,59165256
202403,'128,東ティモール,135968,423066,6705,34482
202403,'129,マカオ,6328658,15420805,129502,498597
202403,'130,アフガニスタン,70941,186274,11926,121818
202403,'131,ネパール,261009,762179,198096,514873
202403,'132,ブータン,18574,44845,294,3155
202403,'133,イラン,1775175,3830058,593393,1388797
202403,'134,イラク,13224004,29680811,1282,3248
202403,'135,バーレーン,7487065,19633364,1137555,25773280
202403,'137,サウジアラビア,80862910,202840910,431129173,1176228813
202403,'138,クウェート,22212683,53705610,128475669,300000367
202403,'140,カタール,23786253,52152311,64881926,283457844
202403,'141,オマーン,16796233,40212439,43727444,94144674
202403,'143,イスラエル,14150712,34464984,15754707,46426101
202403,'144,ヨルダン,7486172,17502755,2046519,3854764
202403,'145,シリア,29947,62406,7958,21613
202403,'146,レバノン,4300575,11251573,28700,78127
202403,'147,アラブ首長国連邦,160513936,430867637,465812250,1374213890
202403,'149,イエメン,3363735,8854777,23684,126450
202403,'150,アゼルバイジャン,842710,3480755,69073,253901
202403,'151,アルメニア,183758,681389,400692,1108811
202403,'152,ウズベキスタン,5563544,10461305,241666,684230
202403,'153,カザフスタン,19410723,42655620,5463626,23424123
202403,'154,キルギス,396443,871238,741,92780
202403,'155,タジキスタン,213370,662870,32743,64339
202403,'156,トルクメニスタン,258447,729180,980,1974
202403,'157,ジョージア,7213626,17458116,30343,1142004
202403,'158,ヨルダン川西岸及びガザ,29330,36348,3045,4360
202403,'201,アイスランド,1314330,2498881,1734726,5138130
202403,'202,ノルウェー,16411580,38376075,14526113,45996353
202403,'203,スウェーデン,17803064,58151718,33125219,104550705
202403,'204,デンマーク,9347900,23484247,28244700,72596657
202403,'205,英国,144105416,404715909,103563254,255399091
202403,'206,アイルランド,19257443,56615977,86660379,220408091
202403,'207,オランダ,158401613,449373246,45006413,114254739
202403,'208,ベルギー,82476936,227363839,25780308,77799460
202403,'209,ルクセンブルク,4760926,16491867,718418,1688112
202403,'210,フランス,88689965,244656262,172218851,408280111
202403,'211,モナコ,2612,17506,13171,52047
202403,'212,アンドラ,676,3395,307,536
202403,'213,ドイツ,238364044,659968540,271347480,727845784
202403,'215,スイス,56887049,168259674,98265687,286588015
202403,'217,ポルトガル,8227790,21784620,5826613,15074971
202403,'218,スペイン,40412838,118433285,45514596,122421069
202403,'219,ジブラルタル（英）,2056112,4447056,-,0
202403,'220,イタリア,69404042,207406144,144522016,405787743
202403,'221,マルタ,1923628,4369782,3757985,10078475
202403,'222,フィンランド,4159497,13193357,19886939,52483358
202403,'223,ポーランド,58077235,155630488,14436235,37424167
202403,'224,ロシア,26762918,64130822,81260691,249732655
202403,'225,オーストリア,20628061,53445550,23380339,68171695
202403,'227,ハンガリー,20965220,56132178,19828415,45151742
202403,'228,セルビア,1629427,2681168,1616897,10673336
202403,'229,アルバニア,74782,104706,279959,613131
202403,'230,ギリシャ,4129331,13512541,3411351,10019058
202403,'231,ルーマニア,5068088,17274932,8098319,27651936
202403,'232,ブルガリア,1571914,4057739,1527778,4220344
202403,'233,キプロス,6480967,26830758,53515,96816
202403,'234,トルコ,56261210,143585738,12015915,31768597
202403,'235,エストニア,1750923,6642967,1340781,4505751
202403,'236,ラトビア,435476,1142130,1323190,2984688
202403,'237,リトアニア,761258,2105885,2027791,4852798
202403,'238,ウクライナ,7632802,21811280,2440011,3284394
202403,'239,ベラルーシ,57261,409354,60706,108101
202403,'240,モルドバ,96014,248496,407667,1425266
202403,'241,クロアチア,1079008,3018325,226190,597928
202403,'242,スロベニア,2789271,8016253,6217013,23449669
202403,'243,ボスニア・ヘルツェゴビナ,38390,97540,175680,427987
202403,'244,北マケドニア,132280,420765,115345,355905
202403,'245,チェコ,32345789,86273824,22785075,81813819
202403,'246,スロバキア,3395383,7715383,10803021,22581403
202403,'247,モンテネグロ,44594,136223,1058,1058
202403,'248,コソボ,9718,22516,276,2082
202403,'249,フェロー諸島（デンマーク）,444,444,110157,437594
202403,'301,グリーンランド（デンマーク）,805,1088,898480,2374151
202403,'302,カナダ,154069301,411710269,181982156,490856698
202403,'304,アメリカ合衆国,1819902719,4966810485,1080974410,3106149431
202403,'305,メキシコ,168078276,424975668,78807564,210785647
202403,'306,グアテマラ,6816134,15931036,1346625,2619932
202403,'307,ホンジュラス,2615171,5874529,724590,1591463
202403,'308,ベリーズ,244954,640370,4178,225579
202403,'309,エルサルバドル,2201664,5633891,115121,342038
202403,'310,ニカラグア,3346379,5988225,266681,646512
202403,'311,コスタリカ,8060599,22094201,6663548,19992893
202403,'312,パナマ,88995768,151068609,13175432,20962315
202403,'314,バーミュダ（英）,188016,370252,-,0
202403,'315,バハマ,1292284,11566624,18606,68537
202403,'316,ジャマイカ,5014172,12830034,207217,665386
202403,'317,タークス及びカイコス諸島（英）,203274,450919,-,0
202403,'319,バルバドス,5636903,7434616,14397,19434
202403,'320,トリニダード・トバゴ,3052280,8071557,903256,3663045
202403,'321,キューバ,165018,427093,197963,488724
202403,'322,ハイチ,8258,201526,40443,84180
202403,'323,ドミニカ共和国,5647851,12443954,1636180,4069553
202403,'324,プエルトリコ（米）,15092601,26463295,9960638,49871991
202403,'325,米領バージン諸島,59467,77739,-,580
202403,'326,蘭領アンティール,288152,892081,4385,4612
202403,'327,仏領西インド諸島,610093,1250683,11358,12632
202403,'328,ケイマン諸島（英）,289219,761949,-,0
202403,'329,グレナダ,249280,641316,-,0
202403,'330,セントルシア,295597,779780,1474,1474
202403,'331,アンティグア・バーブーダ,380541,763243,-,209
202403,'332,英領バージン諸島,20238,88205,-,0
202403,'333,ドミニカ,59931,218298,-,2135
202403,'334,モントセラト（英）,10430,21935,-,0
202403,'335,セントクリストファー・ネービス,109661,264790,-,0
202403,'336,セントビンセント,146863,427887,-,0
202403,'337,英領アンギラ,32742,75541,360,360
202403,'401,コロンビア,17015195,39524253,14418057,27713854
202403,'402,ベネズエラ,1133124,2255325,134252,372026
202403,'403,ガイアナ,2488296,6201910,13250,42712
202403,'404,スリナム,825380,2004405,69414,150041
202403,'405,仏領ギアナ,91477,172578,-,884
202403,'406,エクアドル,6994196,16490710,10129534,57910337
202403,'407,ペルー,18506959,33232021,33434316,121004186
202403,'408,ボリビア,1372700,3723676,343426,12852798
202403,'409,チリ,21556004,68863500,98710673,305516420
202403,'410,ブラジル,61886974,167713830,119843067,373030871
202403,'411,パラグアイ,2010921,4285208,629680,4362049
202403,'412,ウルグアイ,858316,2436863,564533,2555756
202403,'413,アルゼンチン,10426792,30903163,4022598,22219291
202403,'414,フォークランド諸島及びその附属諸島（英）,-,1250,26848,102783
202403,'415,英領南極地域,-,0,-,271
202403,'501,モロッコ,3572045,9903983,2956849,11866057
202403,'502,セウタ及びメリリア（西）,5792,26212,1778,6622
202403,'503,アルジェリア,1487545,4494505,-,2513969
202403,'504,チュニジア,1068644,3018360,1125940,3981858
202403,'505,リビア,986205,1980309,-,3215
202403,'506,エジプト,11572962,29293404,687321,1640414
202403,'507,スーダン,755565,1413744,110824,247540
202403,'508,西サハラ,24793,24793,-,510
202403,'509,モーリタニア,281406,806506,243494,2072347
202403,'510,セネガル,902009,2783607,217359,712041
202403,'511,ガンビア,66707,92257,-,0
202403,'512,ギニア・ビサウ,337,27450,-,21062
202403,'513,ギニア,63696,289745,70324,240437
202403,'514,シエラレオネ,82029,323962,3412285,4667259
202403,'515,リベリア,28627700,81949374,-,0
202403,'516,コートジボワール,1067854,2665266,296900,497964
202403,'517,ガーナ,1611655,4143130,1919500,5104097
202403,'518,トーゴ,539794,1254080,418370,622090
202403,'519,ベナン,59207,91530,300,521
202403,'520,マリ,41426,389130,17280,25567
202403,'521,ブルキナファソ,137413,260628,499604,559361
202403,'522,カーボベルデ,73002,187243,-,0
202403,'523,カナリー諸島（西）,524321,1203977,4395,8478
202403,'524,ナイジェリア,3678510,8352088,4820963,24035810
202403,'525,ニジェール,1164,13913,306786,317719
202403,'526,ルワンダ,82561,202624,65975,168901
202403,'527,カメルーン,535167,1291522,21732,82420
202403,'528,チャド,17690,136746,-,29860
202403,'529,中央アフリカ,-,0,-,56214
202403,'530,赤道ギニア,3439,12481,-,0
202403,'531,ガボン,544497,926112,66475,2226566
202403,'532,コンゴ共和国,13562,92516,25998,65528
202403,'533,コンゴ民主共和国,3625024,6534667,497157,1992955
202403,'534,ブルンジ,167797,347976,19820,66841
202403,'535,アンゴラ,498353,2785021,53631,71115
202403,'536,サントメ・プリンシペ,859802,859802,-,0
202403,'537,セントヘレナ及びその附属諸島（英）,671,671,1640,77338
202403,'538,エチオピア,604536,1688767,1070843,3152803
202403,'539,ジブチ,70875,946008,-,0
202403,'540,ソマリア,149202,190828,75855,105861
202403,'541,ケニア,14154281,30792527,608939,1733364
202403,'542,ウガンダ,3515927,7077192,216371,574130
202403,'543,タンザニア,6199620,15902969,896311,3016160
202403,'544,セーシェル,163695,260947,290517,2067927
202403,'545,モザンビーク,1413057,5703976,999716,2606223
202403,'546,マダガスカル,224873,439310,2236263,5863846
202403,'547,モーリシャス,2618324,7243606,95086,269912
202403,'548,レユニオン（仏）,241790,974107,62675,63004
202403,'549,ジンバブエ,786607,2017525,90063,428200
202403,'550,ナミビア,293828,804207,1875,93317
202403,'551,南アフリカ共和国,31115863,74947791,56020937,186541091
202403,'552,レソト,140904,446591,28619,29280
202403,'553,マラウイ,289234,754543,59708,258164
202403,'554,ザンビア,1066268,2855266,113540,190938
202403,'555,ボツワナ,298717,755862,296325,591915
202403,'556,エスワティニ,80752,221098,14844,60659
202403,'558,コモロ,242633,497368,7059,14975
202403,'559,エリトリア,-,3401,-,334
202403,'560,南スーダン,440314,1091114,-,0
202403,'601,オーストラリア,215892011,556684587,715293477,2082076760
202403,'602,パプアニューギニア,4304073,9056385,36305174,113097822
202403,'605,その他のオーストラリア領,1295,26900,209,628
202403,'606,ニュージーランド,35635894,91975202,28644311,76824101
202403,'607,クック,25338,47810,63237,372173
202403,'609,ニウエ,3014,13462,-,1652
202403,'610,サモア,142131,540896,5111,5111
202403,'611,バヌアツ,172769,433868,608554,967871
202403,'612,フィジー,1163430,3118835,36967,802700
202403,'613,ソロモン,143567,474185,-,58554
202403,'614,トンガ,73602,435587,5313,6733
202403,'615,キリバス,856443,1009886,34144,130192
202403,'617,ナウル,11772,17341,12192,23837
202403,'618,ニューカレドニア（仏）,558138,1792660,318895,2734108
202403,'619,仏領ポリネシア,333128,773525,2478860,3481287
202403,'620,グアム（米）,2285847,5178282,3746,350054
202403,'621,米領サモア,24546,87401,893,4751
202403,'622,米領オセアニア,-,0,1461,1461
202403,'624,ツバル,2263,6737,290,290
202403,'625,マーシャル,29169811,71363604,2717271,2740693
202403,'626,ミクロネシア,306452,568920,69965,251598
202403,'627,北マリアナ諸島（米）,163027,330643,-,0
202403,'628,パラオ,402140,1070558,1293,1812
202403,'702,不明,-,0,32843,100572
202404,'103,大韓民国,575203600,2254124027,368977455,1450227678
202404,'105,中華人民共和国,1587033911,5933998388,2116768613,7941532189
202404,'106,台湾,582365175,2094326444,383850862,1457399190
202404,'107,モンゴル,17048916,54045961,156880,828662
202404,'108,香港,423461309,1626409877,11446360,92719502
202404,'110,ベトナム,217240647,837262842,341659921,1287300322
202404,'111,タイ,330133912,1305263272,320881856,1217232044
202404,'112,シンガポール,242311685,891720304,86126031,349998701
202404,'113,マレーシア,187752162,717679360,220942664,978076255
202404,'116,ブルネイ,655814,3007659,16505787,93274590
202404,'117,フィリピン,124873851,488055359,109051589,452189998
202404,'118,インドネシア,163109758,580633942,302449940,1159334724
202404,'120,カンボジア,8372071,26748557,26320692,111472024
202404,'121,ラオス,1253503,3979810,2187363,8128908
202404,'122,ミャンマー,4584993,14542945,16013804,71956555
202404,'123,インド,205192368,851343828,75116983,294225906
202404,'124,パキスタン,18207506,58632951,2869525,11193382
202404,'125,スリランカ,2942182,9914356,2907366,11347019
202404,'126,モルディブ,882294,2867803,20560,153130
202404,'127,バングラデシュ,14854584,71517718,19837292,79002548
202404,'128,東ティモール,282269,705335,25870,60352
202404,'129,マカオ,5259186,20679991,108357,606954
202404,'130,アフガニスタン,131675,317949,10431,132249
202404,'131,ネパール,178750,940929,151930,666803
202404,'132,ブータン,34425,79270,1562,4717
202404,'133,イラン,1033701,4863759,197226,1586023
202404,'134,イラク,12082530,41763341,-,3248
202404,'135,バーレーン,7685153,27318517,1011382,26784662
202404,'137,サウジアラビア,65518854,268359764,413811471,1590040284
202404,'138,クウェート,19141057,72846667,94555741,394556108
202404,'140,カタール,22093243,74245554,98059928,381517772
202404,'141,オマーン,16864027,57076466,35283030,129427704
202404,'143,イスラエル,22062194,56527178,16563673,62989774
202404,'144,ヨルダン,6196580,23699335,139829,3994593
202404,'145,シリア,34028,96434,2024,23637
202404,'146,レバノン,6019669,17271242,75784,153911
202404,'147,アラブ首長国連邦,146967671,577835308,516372842,1890586732
202404,'149,イエメン,3401106,12255883,35369,161819
202404,'150,アゼルバイジャン,952649,4433404,171593,425494
202404,'151,アルメニア,263050,944439,323834,1432645
202404,'152,ウズベキスタン,21510543,31971848,151423,835653
202404,'153,カザフスタン,14992495,57648115,14075590,37499713
202404,'154,キルギス,419927,1291165,58159,150939
202404,'155,タジキスタン,194747,857617,-,64339
202404,'156,トルクメニスタン,411931,1141111,-,1974
202404,'157,ジョージア,8874969,26333085,110254,1252258
202404,'158,ヨルダン川西岸及びガザ,-,36348,19901,24261
202404,'201,アイスランド,454936,2953817,1672303,6810433
202404,'202,ノルウェー,10920621,49296696,13421219,59417572
202404,'203,スウェーデン,19994096,78145814,33636201,138186906
202404,'204,デンマーク,6756443,30240690,24900577,97497234
202404,'205,英国,145432767,550148676,87932084,343331175
202404,'206,アイルランド,26200493,82816470,79784541,300192632
202404,'207,オランダ,158269552,607642798,31876833,146131572
202404,'208,ベルギー,79896324,307260163,35340450,113139910
202404,'209,ルクセンブルク,5382555,21874422,899364,2587476
202404,'210,フランス,90384611,335040873,152850854,561130965
202404,'211,モナコ,6632,24138,21192,73239
202404,'212,アンドラ,1330,4725,1522,2058
202404,'213,ドイツ,220607372,880575912,268511370,996357154
202404,'215,スイス,85547186,253806860,113837986,400426001
202404,'217,ポルトガル,7403460,29188080,10904093,25979064
202404,'218,スペイン,55706520,174139805,48267448,170688517
202404,'219,ジブラルタル（英）,2209776,6656832,-,0
202404,'220,イタリア,69699029,277105173,158245866,564033609
202404,'221,マルタ,1537823,5907605,2496316,12574791
202404,'222,フィンランド,4912839,18106196,17246276,69729634
202404,'223,ポーランド,43552204,199182692,15736714,53160881
202404,'224,ロシア,31465833,95596655,53989329,303721984
202404,'225,オーストリア,16099649,69545199,30069661,98241356
202404,'227,ハンガリー,14904332,71036510,20650656,65802398
202404,'228,セルビア,1622571,4303739,3509511,14182847
202404,'229,アルバニア,63728,168434,154579,767710
202404,'230,ギリシャ,7012688,20525229,13954744,23973802
202404,'231,ルーマニア,6994218,24269150,15919329,43571265
202404,'232,ブルガリア,1227605,5285344,1605731,5826075
202404,'233,キプロス,6394954,33225712,12265,109081
202404,'234,トルコ,49600611,193186349,15005765,46774362
202404,'235,エストニア,1767952,8410919,1527367,6033118
202404,'236,ラトビア,562225,1704355,768161,3752849
202404,'237,リトアニア,734459,2840344,2014597,6867395
202404,'238,ウクライナ,4127976,25939256,1115192,4399586
202404,'239,ベラルーシ,200025,609379,5550,113651
202404,'240,モルドバ,66465,314961,361432,1786698
202404,'241,クロアチア,1213085,4231410,205134,803062
202404,'242,スロベニア,2160904,10177157,7715738,31165407
202404,'243,ボスニア・ヘルツェゴビナ,42245,139785,151652,579639
202404,'244,北マケドニア,68991,489756,127117,483022
202404,'245,チェコ,31425817,117699641,27215306,109029125
202404,'246,スロバキア,2000905,9716288,6563411,29144814
202404,'247,モンテネグロ,41993,178216,3028,4086
202404,'248,コソボ,20056,42572,3259,5341
202404,'249,フェロー諸島（デンマーク）,-,444,115261,552855
202404,'301,グリーンランド（デンマーク）,-,1088,1042034,3416185
202404,'302,カナダ,140462058,552172327,193431586,684288284
202404,'304,アメリカ合衆国,1802764293,6769574778,1125414351,4231563782
202404,'305,メキシコ,149233832,574209500,79741592,290527239
202404,'306,グアテマラ,5485153,21416189,2501943,5121875
202404,'307,ホンジュラス,2453530,8328059,664548,2256011
202404,'308,ベリーズ,222290,862660,42553,268132
202404,'309,エルサルバドル,1953143,7587034,103056,445094
202404,'310,ニカラグア,2388207,8376432,320931,967443
202404,'311,コスタリカ,8352161,30446362,6592960,26585853
202404,'312,パナマ,48780639,199849248,332649,21294964
202404,'314,バーミュダ（英）,126253,496505,217,217
202404,'315,バハマ,770383,12337007,18401,86938
202404,'316,ジャマイカ,2796196,15626230,125471,790857
202404,'317,タークス及びカイコス諸島（英）,215898,666817,-,0
202404,'319,バルバドス,777353,8211969,326,19760
202404,'320,トリニダード・トバゴ,2900432,10971989,1452658,5115703
202404,'321,キューバ,163563,590656,115699,604423
202404,'322,ハイチ,-,201526,34574,118754
202404,'323,ドミニカ共和国,5176180,17620134,1354175,5423728
202404,'324,プエルトリコ（米）,15864641,42327936,13482997,63354988
202404,'325,米領バージン諸島,19473,97212,-,580
202404,'326,蘭領アンティール,445332,1337413,-,4612
202404,'327,仏領西インド諸島,954142,2204825,2306,14938
202404,'328,ケイマン諸島（英）,235187,997136,-,0
202404,'329,グレナダ,150745,792061,-,0
202404,'330,セントルシア,218215,997995,564,2038
202404,'331,アンティグア・バーブーダ,120430,883673,1085,1294
202404,'332,英領バージン諸島,29855,118060,-,0
202404,'333,ドミニカ,54816,273114,3737,5872
202404,'334,モントセラト（英）,-,21935,-,0
202404,'335,セントクリストファー・ネービス,182656,447446,-,0
202404,'336,セントビンセント,69050,496937,-,0
202404,'337,英領アンギラ,16969,92510,-,360
202404,'338,サン・バルテルミー島（仏）,50179,50179,244,244
202404,'401,コロンビア,16266380,55790633,6264498,33978352
202404,'402,ベネズエラ,951960,3207285,429596,801622
202404,'403,ガイアナ,2257327,8459237,582290,625002
202404,'404,スリナム,759175,2763580,45557,195598
202404,'405,仏領ギアナ,41557,214135,-,884
202404,'406,エクアドル,3370296,19861006,17121031,75031368
202404,'407,ペルー,8232016,41464037,48013884,169018070
202404,'408,ボリビア,1039534,4763210,4847213,17700011
202404,'409,チリ,19294109,88157609,100643306,406159726
202404,'410,ブラジル,55918323,223632153,104250564,477281435
202404,'411,パラグアイ,1789570,6074778,93867,4455916
202404,'412,ウルグアイ,845802,3282665,670443,3226199
202404,'413,アルゼンチン,13731564,44634727,3887069,26106360
202404,'414,フォークランド諸島及びその附属諸島（英）,262,1512,15248,118031
202404,'415,英領南極地域,-,0,-,271
202404,'501,モロッコ,4326697,14230680,2354819,14220876
202404,'502,セウタ及びメリリア（西）,-,26212,3025,9647
202404,'503,アルジェリア,1112558,5607063,-,2513969
202404,'504,チュニジア,945456,3963816,2021749,6003607
202404,'505,リビア,813305,2793614,770,3985
202404,'506,エジプト,9201283,38494687,873183,2513597
202404,'507,スーダン,259832,1673576,69535,317075
202404,'508,西サハラ,-,24793,-,510
202404,'509,モーリタニア,138272,944778,811341,2883688
202404,'510,セネガル,422582,3206189,388921,1100962
202404,'511,ガンビア,26010,118267,-,0
202404,'512,ギニア・ビサウ,28893,56343,-,21062
202404,'513,ギニア,128437,418182,301229,541666
202404,'514,シエラレオネ,3130,327092,-,4667259
202404,'515,リベリア,12011985,93961359,-,0
202404,'516,コートジボワール,318487,2983753,159019,656983
202404,'517,ガーナ,2085503,6228633,4250289,9354386
202404,'518,トーゴ,484415,1738495,296286,918376
202404,'519,ベナン,29789,121319,-,521
202404,'520,マリ,173930,563060,1514,27081
202404,'521,ブルキナファソ,216534,477162,455092,1014453
202404,'522,カーボベルデ,54360,241603,-,0
202404,'523,カナリー諸島（西）,483537,1687514,-,8478
202404,'524,ナイジェリア,5079544,13431632,13215123,37250933
202404,'525,ニジェール,1646,15559,389742,707461
202404,'526,ルワンダ,42164,244788,48933,217834
202404,'527,カメルーン,685402,1976924,12675,95095
202404,'528,チャド,134076,270822,-,29860
202404,'529,中央アフリカ,-,0,8127,64341
202404,'530,赤道ギニア,8955,21436,4924254,4924254
202404,'531,ガボン,221308,1147420,60567,2287133
202404,'532,コンゴ共和国,12324,104840,17272,82800
202404,'533,コンゴ民主共和国,1590126,8124793,131508,2124463
202404,'534,ブルンジ,105694,453670,38754,105595
202404,'535,アンゴラ,1211027,3996048,1079,72194
202404,'536,サントメ・プリンシペ,521052,1380854,-,0
202404,'537,セントヘレナ及びその附属諸島（英）,-,671,92101,169439
202404,'538,エチオピア,404014,2092781,1184890,4337693
202404,'539,ジブチ,670576,1616584,-,0
202404,'540,ソマリア,35144,225972,20471,126332
202404,'541,ケニア,13014452,43806979,699630,2432994
202404,'542,ウガンダ,2637349,9714541,115374,689504
202404,'543,タンザニア,6347433,22250402,1515890,4532050
202404,'544,セーシェル,73136,334083,1288381,3356308
202404,'545,モザンビーク,1783576,7487552,5459886,8066109
202404,'546,マダガスカル,412467,851777,2189973,8053819
202404,'547,モーリシャス,3183882,10427488,102352,372264
202404,'548,レユニオン（仏）,273128,1247235,49343,112347
202404,'549,ジンバブエ,596932,2614457,85920,514120
202404,'550,ナミビア,433719,1237926,53509,146826
202404,'551,南アフリカ共和国,28454890,103402681,68132530,254673621
202404,'552,レソト,163133,609724,-,29280
202404,'553,マラウイ,352695,1107238,222096,480260
202404,'554,ザンビア,1246093,4101359,206592,397530
202404,'555,ボツワナ,306842,1062704,137068,728983
202404,'556,エスワティニ,79003,300101,38395,99054
202404,'558,コモロ,231016,728384,2731,17706
202404,'559,エリトリア,-,3401,606,940
202404,'560,南スーダン,301879,1392993,-,0
202404,'601,オーストラリア,189126125,745810712,680910282,2762987042
202404,'602,パプアニューギニア,2262614,11318999,29492266,142590088
202404,'605,その他のオーストラリア領,30073,56973,211,839
202404,'606,ニュージーランド,34131808,126107010,39800927,116625028
202404,'607,クック,65007,112817,43895,416068
202404,'609,ニウエ,-,13462,203,1855
202404,'610,サモア,239166,780062,-,5111
202404,'611,バヌアツ,255147,689015,883001,1850872
202404,'612,フィジー,1152242,4271077,92686,895386
202404,'613,ソロモン,300233,774418,14002,72556
202404,'614,トンガ,125988,561575,1798,8531
202404,'615,キリバス,1318404,2328290,104911,235103
202404,'617,ナウル,1543,18884,-,23837
202404,'618,ニューカレドニア（仏）,262505,2055165,829698,3563806
202404,'619,仏領ポリネシア,455898,1229423,715021,4196308
202404,'620,グアム（米）,1236228,6414510,48792,398846
202404,'621,米領サモア,67473,154874,-,4751
202404,'622,米領オセアニア,-,0,5867,7328
202404,'624,ツバル,16582,23319,-,290
202404,'625,マーシャル,21571523,92935127,2360,2743053
202404,'626,ミクロネシア,104222,673142,146500,398098
202404,'627,北マリアナ諸島（米）,72971,403614,-,0
202404,'628,パラオ,219440,1289998,-,1812
202404,'702,不明,-,0,36720,137292
202405,'103,大韓民国,527277655,2781401682,399064493,1849292171
202405,'105,中華人民共和国,1580729830,7514728218,2114393169,10055925358
202405,'106,台湾,550944184,2645270628,387589921,1844989111
202405,'107,モンゴル,14708907,68754868,307390,1136052
202405,'108,香港,387312453,2013722330,11161363,103880865
202405,'110,ベトナム,193312709,1030575551,310427765,1597728087
202405,'111,タイ,309384137,1614647409,299753964,1516986008
202405,'112,シンガポール,224179227,1115899531,102720275,452718976
202405,'113,マレーシア,171189844,888869204,241168387,1219244642
202405,'116,ブルネイ,613853,3621512,21830906,115105496
202405,'117,フィリピン,107568703,595624062,125007710,577197708
202405,'118,インドネシア,151128487,731762429,285739358,1445074082
202405,'120,カンボジア,6172291,32920848,17875315,129347339
202405,'121,ラオス,1817137,5796947,2087588,10216496
202405,'122,ミャンマー,4074752,18617697,13858491,85815046
202405,'123,インド,174600848,1025944676,78933556,373159462
202405,'124,パキスタン,19501786,78134737,2878027,14071409
202405,'125,スリランカ,2754505,12668861,2829477,14176496
202405,'126,モルディブ,582472,3450275,41372,194502
202405,'127,バングラデシュ,24048545,95566263,15890216,94892764
202405,'128,東ティモール,163648,868983,-,60352
202405,'129,マカオ,5682224,26362215,195803,802757
202405,'130,アフガニスタン,151558,469507,6537,138786
202405,'131,ネパール,361198,1302127,166271,833074
202405,'132,ブータン,27290,106560,-,4717
202405,'133,イラン,853289,5717048,324111,1910134
202405,'134,イラク,11113416,52876757,2317234,2320482
202405,'135,バーレーン,6483605,33802122,5312327,32096989
202405,'137,サウジアラビア,52356897,320716661,340850745,1930891029
202405,'138,クウェート,20023051,92869718,102794207,497350315
202405,'140,カタール,17803452,92049006,89499954,471017726
202405,'141,オマーン,15132805,72209271,26590312,156018016
202405,'143,イスラエル,17233291,73760469,21894230,84884004
202405,'144,ヨルダン,5969777,29669112,756894,4751487
202405,'145,シリア,9950,106384,13203,36840
202405,'146,レバノン,4443555,21714797,78482,232393
202405,'147,アラブ首長国連邦,114691832,692527140,511445405,2402032137
202405,'149,イエメン,3655492,15911375,77398,239217
202405,'150,アゼルバイジャン,127847,4561251,156831,582325
202405,'151,アルメニア,262221,1206660,392702,1825347
202405,'152,ウズベキスタン,6990173,38962021,555185,1390838
202405,'153,カザフスタン,8237563,65885678,6669139,44168852
202405,'154,キルギス,540436,1831601,11283,162222
202405,'155,タジキスタン,193667,1051284,-,64339
202405,'156,トルクメニスタン,770252,1911363,26627,28601
202405,'157,ジョージア,3696918,30030003,103105,1355363
202405,'158,ヨルダン川西岸及びガザ,18537,54885,4734,28995
202405,'201,アイスランド,210030,3163847,2086444,8896877
202405,'202,ノルウェー,13015830,62312526,14348616,73766188
202405,'203,スウェーデン,13436445,91582259,36496865,174683771
202405,'204,デンマーク,5068815,35309505,27221915,124719149
202405,'205,英国,120962034,671110710,105294668,448625843
202405,'206,アイルランド,16338370,99154840,58397582,358590214
202405,'207,オランダ,132062237,739705035,48490549,194622121
202405,'208,ベルギー,58354876,365615039,23555650,136695560
202405,'209,ルクセンブルク,4018648,25893070,809524,3397000
202405,'210,フランス,81804167,416845040,125513941,686644906
202405,'211,モナコ,211255,235393,20169,93408
202405,'212,アンドラ,1405,6130,-,2058
202405,'213,ドイツ,196459459,1077035371,285390244,1281747398
202405,'215,スイス,62602840,316409700,93416715,493842716
202405,'217,ポルトガル,5844680,35032760,5632687,31611751
202405,'218,スペイン,31027794,205167599,51183646,221872163
202405,'219,ジブラルタル（英）,1627841,8284673,2883,2883
202405,'220,イタリア,51723025,328828198,180741551,744775160
202405,'221,マルタ,1269214,7176819,3175399,15750190
202405,'222,フィンランド,3529748,21635944,14413980,84143614
202405,'223,ポーランド,35027410,234210102,15944925,69105806
202405,'224,ロシア,27812909,123409564,64299939,368021923
202405,'225,オーストリア,12417153,81962352,27466147,125707503
202405,'227,ハンガリー,16459913,87496423,12814787,78617185
202405,'228,セルビア,552310,4856049,3838204,18021051
202405,'229,アルバニア,45617,214051,103918,871628
202405,'230,ギリシャ,4102309,24627538,10747928,34721730
202405,'231,ルーマニア,5073280,29342430,17057471,60628736
202405,'232,ブルガリア,1396015,6681359,1366239,7192314
202405,'233,キプロス,5804664,39030376,43151,152232
202405,'234,トルコ,49035395,242221744,14802277,61576639
202405,'235,エストニア,1995278,10406197,1720885,7754003
202405,'236,ラトビア,375735,2080090,1435715,5188564
202405,'237,リトアニア,787328,3627672,1814218,8681613
202405,'238,ウクライナ,2950951,28890207,670714,5070300
202405,'239,ベラルーシ,142089,751468,10606,124257
202405,'240,モルドバ,269353,584314,687646,2474344
202405,'241,クロアチア,383929,4615339,1597155,2400217
202405,'242,スロベニア,2145509,12322666,10589101,41754508
202405,'243,ボスニア・ヘルツェゴビナ,9511,149296,161207,740846
202405,'244,北マケドニア,153274,643030,153126,636148
202405,'245,チェコ,26394594,144094235,18762696,127791821
202405,'246,スロバキア,1940947,11657235,4771751,33916565
202405,'247,モンテネグロ,56114,234330,4152,8238
202405,'248,コソボ,4782,47354,889,6230
202405,'249,フェロー諸島（デンマーク）,-,444,74329,627184
202405,'301,グリーンランド（デンマーク）,-,1088,1080568,4496753
202405,'302,カナダ,123056574,675228901,161464470,845752754
202405,'304,アメリカ合衆国,1702136245,8471711023,1228774037,5460337819
202405,'305,メキシコ,141512972,715722472,80201861,370729100
202405,'306,グアテマラ,5284652,26700841,2287736,7409611
202405,'307,ホンジュラス,1592271,9920330,1531645,3787656
202405,'308,ベリーズ,417807,1280467,28795,296927
202405,'309,エルサルバドル,1741369,9328403,187264,632358
202405,'310,ニカラグア,1231476,9607908,388759,1356202
202405,'311,コスタリカ,6907865,37354227,6174103,32759956
202405,'312,パナマ,61422233,261271481,438385,21733349
202405,'314,バーミュダ（英）,166204,662709,-,217
202405,'315,バハマ,10292660,22629667,9438,96376
202405,'316,ジャマイカ,5223016,20849246,412146,1203003
202405,'317,タークス及びカイコス諸島（英）,84454,751271,-,0
202405,'319,バルバドス,1148319,9360288,15024,34784
202405,'320,トリニダード・トバゴ,2715289,13687278,532804,5648507
202405,'321,キューバ,94700,685356,121620,726043
202405,'322,ハイチ,24408,225934,34201,152955
202405,'323,ドミニカ共和国,4515777,22135911,1500676,6924404
202405,'324,プエルトリコ（米）,8702316,51030252,23361942,86716930
202405,'325,米領バージン諸島,14875,112087,-,580
202405,'326,蘭領アンティール,426753,1764166,1800,6412
202405,'327,仏領西インド諸島,266770,2471595,3246,18184
202405,'328,ケイマン諸島（英）,272083,1269219,-,0
202405,'329,グレナダ,292469,1084530,-,0
202405,'330,セントルシア,356327,1354322,-,2038
202405,'331,アンティグア・バーブーダ,361626,1245299,-,1294
202405,'332,英領バージン諸島,29622,147682,-,0
202405,'333,ドミニカ,100916,374030,15295,21167
202405,'334,モントセラト（英）,14119,36054,-,0
202405,'335,セントクリストファー・ネービス,105399,552845,-,0
202405,'336,セントビンセント,220997,717934,-,0
202405,'337,英領アンギラ,24695,117205,-,360
202405,'338,サン・バルテルミー島（仏）,5995,56174,-,244
202405,'401,コロンビア,10497730,66288363,10097850,44076202
202405,'402,ベネズエラ,1061084,4268369,197003,998625
202405,'403,ガイアナ,1817244,10276481,8113,633115
202405,'404,スリナム,709114,3472694,89549,285147
202405,'405,仏領ギアナ,47914,262049,-,884
202405,'406,エクアドル,6410354,26271360,20526528,95557896
202405,'407,ペルー,9343230,50807267,44684574,213702644
202405,'408,ボリビア,1070091,5833301,3145485,20845496
202405,'409,チリ,18963337,107120946,129489940,535649666
202405,'410,ブラジル,61912752,285544905,131174033,608455468
202405,'411,パラグアイ,1116399,7191177,70422,4526338
202405,'412,ウルグアイ,735100,4017765,824632,4050831
202405,'413,アルゼンチン,12377580,57012307,4632070,30738430
202405,'414,フォークランド諸島及びその附属諸島（英）,-,1512,48726,166757
202405,'415,英領南極地域,-,0,-,271
202405,'501,モロッコ,3531126,17761806,4852767,19073643
202405,'502,セウタ及びメリリア（西）,11519,37731,3331,12978
202405,'503,アルジェリア,1277695,6884758,4218483,6732452
202405,'504,チュニジア,417440,4381256,3904221,9907828
202405,'505,リビア,654016,3447630,-,3985
202405,'506,エジプト,8137641,46632328,1585631,4099228
202405,'507,スーダン,566968,2240544,214006,531081
202405,'508,西サハラ,-,24793,-,510
202405,'509,モーリタニア,162144,1106922,1366279,4249967
202405,'510,セネガル,737772,3943961,495146,1596108
202405,'511,ガンビア,7885,126152,-,0
202405,'512,ギニア・ビサウ,1504,57847,-,21062
202405,'513,ギニア,46498,464680,195269,736935
202405,'514,シエラレオネ,117046,444138,562887,5230146
202405,'515,リベリア,18143428,112104787,7947875,7947875
202405,'516,コートジボワール,357925,3341678,333720,990703
202405,'517,ガーナ,1232609,7461242,5271663,14626049
202405,'518,トーゴ,547152,2285647,469288,1387664
202405,'519,ベナン,22108,143427,-,521
202405,'520,マリ,117006,680066,139442,166523
202405,'521,ブルキナファソ,24550,501712,921658,1936111
202405,'522,カーボベルデ,57805,299408,-,0
202405,'523,カナリー諸島（西）,460407,2147921,402,8880
202405,'524,ナイジェリア,3443545,16875177,6967482,44218415
202405,'525,ニジェール,4843,20402,428761,1136222
202405,'526,ルワンダ,81874,326662,113672,331506
202405,'527,カメルーン,346067,2322991,36247,131342
202405,'528,チャド,2048,272870,1781,31641
202405,'529,中央アフリカ,6098,6098,30600,94941
202405,'530,赤道ギニア,-,21436,-,4924254
202405,'531,ガボン,268691,1416111,1034107,3321240
202405,'532,コンゴ共和国,40214,145054,64315,147115
202405,'533,コンゴ民主共和国,1752597,9877390,186372,2310835
202405,'534,ブルンジ,198668,652338,36318,141913
202405,'535,アンゴラ,454067,4450115,16309,88503
202405,'536,サントメ・プリンシペ,152272,1533126,-,0
202405,'537,セントヘレナ及びその附属諸島（英）,-,671,49037,218476
202405,'538,エチオピア,324026,2416807,1743056,6080749
202405,'539,ジブチ,582376,2198960,-,0
202405,'540,ソマリア,15720,241692,59920,186252
202405,'541,ケニア,14421501,58228480,680636,3113630
202405,'542,ウガンダ,3070694,12785235,384528,1074032
202405,'543,タンザニア,6618247,28868649,1786423,6318473
202405,'544,セーシェル,97200,431283,668300,4024608
202405,'545,モザンビーク,1035126,8522678,1388086,9454195
202405,'546,マダガスカル,241338,1093115,1438682,9492501
202405,'547,モーリシャス,2386245,12813733,298693,670957
202405,'548,レユニオン（仏）,346149,1593384,27928,140275
202405,'549,ジンバブエ,655391,3269848,260809,774929
202405,'550,ナミビア,323828,1561754,240826,387652
202405,'551,南アフリカ共和国,24746163,128148844,80878864,335552485
202405,'552,レソト,109647,719371,266,29546
202405,'553,マラウイ,267813,1375051,112177,592437
202405,'554,ザンビア,1059806,5161165,162854,560384
202405,'555,ボツワナ,134667,1197371,35919,764902
202405,'556,エスワティニ,43810,343911,14909,113963
202405,'558,コモロ,605114,1333498,1555,19261
202405,'559,エリトリア,-,3401,-,940
202405,'560,南スーダン,219094,1612087,-,0
202405,'601,オーストラリア,184470737,930281449,602837848,3365824890
202405,'602,パプアニューギニア,2876832,14195831,38374657,180964745
202405,'605,その他のオーストラリア領,13166,70139,-,839
202405,'606,ニュージーランド,21918972,148025982,45817045,162442073
202405,'607,クック,52220,165037,202556,618624
202405,'609,ニウエ,1253,14715,-,1855
202405,'610,サモア,224671,1004733,-,5111
202405,'611,バヌアツ,299359,988374,497533,2348405
202405,'612,フィジー,816149,5087226,57443,952829
202405,'613,ソロモン,172368,946786,-,72556
202405,'614,トンガ,125241,686816,2700,11231
202405,'615,キリバス,149664,2477954,2899,238002
202405,'617,ナウル,5810,24694,-,23837
202405,'618,ニューカレドニア（仏）,531776,2586941,2285227,5849033
202405,'619,仏領ポリネシア,184752,1414175,834112,5030420
202405,'620,グアム（米）,1834565,8249075,1545,400391
202405,'621,米領サモア,6292,161166,1943,6694
202405,'622,米領オセアニア,-,0,-,7328
202405,'624,ツバル,11240,34559,3094,3384
202405,'625,マーシャル,11869735,104804862,1057,2744110
202405,'626,ミクロネシア,116302,789444,70247,468345
202405,'627,北マリアナ諸島（米）,117348,520962,-,0
202405,'628,パラオ,177664,1467662,-,1812
202405,'702,不明,-,0,46545,183837
202406,'103,大韓民国,567632228,3349033910,397255724,2246547895
202406,'105,中華人民共和国,1627158126,9141886344,1963668636,12019593994
202406,'106,台湾,628986366,3274256994,389354217,2234343328
202406,'107,モンゴル,18114845,86869713,302779,1438831
202406,'108,香港,452909104,2466631434,42069081,145949946
202406,'110,ベトナム,221977978,1252553529,317419812,1915147899
202406,'111,タイ,345607712,1960255121,315603024,1832589032
202406,'112,シンガポール,241100821,1357000352,100362911,553081887
202406,'113,マレーシア,177370052,1066239256,202753404,1421998046
202406,'116,ブルネイ,733317,4354829,7594021,122699517
202406,'117,フィリピン,131431024,727055086,120188373,697386081
202406,'118,インドネシア,165037994,896800423,306922365,1751996447
202406,'120,カンボジア,8080192,41001040,21036610,150383949
202406,'121,ラオス,1412263,7209210,2244545,12461041
202406,'122,ミャンマー,3947248,22564945,10169713,95984759
202406,'123,インド,215483325,1241428001,77217211,450376673
202406,'124,パキスタン,15695955,93830692,2615401,16686810
202406,'125,スリランカ,2377856,15046717,2496322,16672818
202406,'126,モルディブ,272043,3722318,-,194502
202406,'127,バングラデシュ,19753544,115319807,14132230,109024994
202406,'128,東ティモール,138449,1007432,-,60352
202406,'129,マカオ,5439415,31801630,183729,986486
202406,'130,アフガニスタン,93285,562792,18056,156842
202406,'131,ネパール,255948,1558075,190110,1023184
202406,'132,ブータン,29728,136288,-,4717
202406,'133,イラン,798361,6515409,407031,2317165
202406,'134,イラク,13243850,66120607,38352,2358834
202406,'135,バーレーン,7385160,41187282,2122485,34219474
202406,'137,サウジアラビア,67614072,388330733,308757428,2239648457
202406,'138,クウェート,25529712,118399430,115602222,612952537
202406,'140,カタール,18960655,111009661,80416826,551434552
202406,'141,オマーン,14787909,86997180,25892503,181910519
202406,'143,イスラエル,26220552,99981021,18774369,103658373
202406,'144,ヨルダン,5543739,35212851,264321,5015808
202406,'145,シリア,16443,122827,360,37200
202406,'146,レバノン,5129781,26844578,61413,293806
202406,'147,アラブ首長国連邦,138561776,831088916,419557602,2821589739
202406,'149,イエメン,2592708,18504083,-,239217
202406,'150,アゼルバイジャン,234695,4795946,196445,778770
202406,'151,アルメニア,235495,1442155,594694,2420041
202406,'152,ウズベキスタン,10715211,49677232,225163,1616001
202406,'153,カザフスタン,14170116,80055794,8923861,53092713
202406,'154,キルギス,507331,2338932,1106,163328
202406,'155,タジキスタン,173811,1225095,-,64339
202406,'156,トルクメニスタン,657957,2569320,347,28948
202406,'157,ジョージア,12058825,42088828,44253,1399616
202406,'158,ヨルダン川西岸及びガザ,12027,66912,2688,31683
202406,'201,アイスランド,626950,3790797,1648770,10545647
202406,'202,ノルウェー,7649072,69961598,13073144,86839332
202406,'203,スウェーデン,17555667,109137926,37123245,211807016
202406,'204,デンマーク,7116788,42426293,21254566,145973715
202406,'205,英国,140200198,811310908,101433055,550058898
202406,'206,アイルランド,15173815,114328655,78709320,437299534
202406,'207,オランダ,139589853,879294888,53103937,247726058
202406,'208,ベルギー,65913277,431528316,31184669,167880229
202406,'209,ルクセンブルク,7002044,32895114,643348,4040348
202406,'210,フランス,81272124,498117164,123863334,810508240
202406,'211,モナコ,112199,347592,13339,106747
202406,'212,アンドラ,1577,7707,213,2271
202406,'213,ドイツ,217053302,1294088673,281583717,1563331115
202406,'215,スイス,59831498,376241198,113922942,607765658
202406,'217,ポルトガル,7333029,42365789,5806161,37417912
202406,'218,スペイン,29094448,234262047,43610449,265482612
202406,'219,ジブラルタル（英）,2636135,10920808,-,2883
202406,'220,イタリア,61307194,390135392,169216268,913991428
202406,'221,マルタ,1182627,8359446,1303931,17054121
202406,'222,フィンランド,4164586,25800530,13458253,97601867
202406,'223,ポーランド,47063338,281273440,15620665,84726471
202406,'224,ロシア,28629411,152038975,82423985,450445908
202406,'225,オーストリア,17016416,98978768,18650349,144357852
202406,'227,ハンガリー,17766714,105263137,17658480,96275665
202406,'228,セルビア,551555,5407604,3669733,21690784
202406,'229,アルバニア,99687,313738,215013,1086641
202406,'230,ギリシャ,3852623,28480161,10312313,45034043
202406,'231,ルーマニア,6997818,36340248,21835754,82464490
202406,'232,ブルガリア,1694254,8375613,1571665,8763979
202406,'233,キプロス,6539132,45569508,13408,165640
202406,'234,トルコ,45339485,287561229,15949313,77525952
202406,'235,エストニア,3568582,13974779,1371967,9125970
202406,'236,ラトビア,320597,2400687,849783,6038347
202406,'237,リトアニア,1267214,4894886,1971933,10653546
202406,'238,ウクライナ,8603239,37493446,375384,5445684
202406,'239,ベラルーシ,116513,867981,35865,160122
202406,'240,モルドバ,72731,657045,408060,2882404
202406,'241,クロアチア,894186,5509525,1943784,4344001
202406,'242,スロベニア,3995287,16317953,6864145,48618653
202406,'243,ボスニア・ヘルツェゴビナ,73002,222298,165034,905880
202406,'244,北マケドニア,97415,740445,149282,785430
202406,'245,チェコ,29686197,173780432,15265066,143056887
202406,'246,スロバキア,1371803,13029038,9340017,43256582
202406,'247,モンテネグロ,49100,283430,3076,11314
202406,'248,コソボ,1782,49136,2767,8997
202406,'249,フェロー諸島（デンマーク）,-,444,99078,726262
202406,'301,グリーンランド（デンマーク）,772,1860,886829,5383582
202406,'302,カナダ,173931376,849160277,169016777,1014769531
202406,'304,アメリカ合衆国,1926755306,10398466329,1061626386,6521964205
202406,'305,メキシコ,176955065,892677537,67811920,438541020
202406,'306,グアテマラ,6908309,33609150,3160105,10569716
202406,'307,ホンジュラス,1567131,11487461,1108508,4896164
202406,'308,ベリーズ,292857,1573324,120550,417477
202406,'309,エルサルバドル,2082028,11410431,259124,891482
202406,'310,ニカラグア,2041441,11649349,302677,1658879
202406,'311,コスタリカ,8012791,45367018,6395246,39155202
202406,'312,パナマ,68658558,329930039,5175786,26909135
202406,'314,バーミュダ（英）,61016,723725,364,581
202406,'315,バハマ,929514,23559181,1727,98103
202406,'316,ジャマイカ,5091554,25940800,287558,1490561
202406,'317,タークス及びカイコス諸島（英）,152506,903777,-,0
202406,'319,バルバドス,1187942,10548230,3122,37906
202406,'320,トリニダード・トバゴ,2330565,16017843,2973857,8622364
202406,'321,キューバ,199602,884958,86869,812912
202406,'322,ハイチ,13062,238996,56801,209756
202406,'323,ドミニカ共和国,5237551,27373462,1473088,8397492
202406,'324,プエルトリコ（米）,8410938,59441190,22456050,109172980
202406,'325,米領バージン諸島,2441,114528,432,1012
202406,'326,蘭領アンティール,364267,2128433,838,7250
202406,'327,仏領西インド諸島,438337,2909932,-,18184
202406,'328,ケイマン諸島（英）,257251,1526470,4687,4687
202406,'329,グレナダ,380439,1464969,-,0
202406,'330,セントルシア,243621,1597943,-,2038
202406,'331,アンティグア・バーブーダ,107947,1353246,-,1294
202406,'332,英領バージン諸島,49469,197151,-,0
202406,'333,ドミニカ,45594,419624,7667,28834
202406,'334,モントセラト（英）,6760,42814,-,0
202406,'335,セントクリストファー・ネービス,33277,586122,-,0
202406,'336,セントビンセント,147836,865770,-,0
202406,'337,英領アンギラ,23841,141046,-,360
202406,'338,サン・バルテルミー島（仏）,56994,113168,-,244
202406,'401,コロンビア,12751315,79039678,13125294,57201496
202406,'402,ベネズエラ,981472,5249841,256946,1255571
202406,'403,ガイアナ,2428880,12705361,7904,641019
202406,'404,スリナム,919092,4391786,55900,341047
202406,'405,仏領ギアナ,55375,317424,-,884
202406,'406,エクアドル,3706448,29977808,12023993,107581889
202406,'407,ペルー,9144215,59951482,37026868,250729512
202406,'408,ボリビア,891927,6725228,3441973,24287469
202406,'409,チリ,17296256,124417202,91058762,626708428
202406,'410,ブラジル,64200776,349745681,104430597,712886065
202406,'411,パラグアイ,1082437,8273614,42187,4568525
202406,'412,ウルグアイ,936183,4953948,1006762,5057593
202406,'413,アルゼンチン,11201097,68213404,4061961,34800391
202406,'414,フォークランド諸島及びその附属諸島（英）,-,1512,16048,182805
202406,'415,英領南極地域,-,0,-,271
202406,'501,モロッコ,3546755,21308561,4102691,23176334
202406,'502,セウタ及びメリリア（西）,7065,44796,619,13597
202406,'503,アルジェリア,604638,7489396,4300822,11033274
202406,'504,チュニジア,1519763,5901019,1277313,11185141
202406,'505,リビア,201618,3649248,-,3985
202406,'506,エジプト,8851881,55484209,1530612,5629840
202406,'507,スーダン,700268,2940812,123995,655076
202406,'508,西サハラ,-,24793,-,510
202406,'509,モーリタニア,442048,1548970,1334052,5584019
202406,'510,セネガル,612601,4556562,272212,1868320
202406,'511,ガンビア,28579,154731,-,0
202406,'512,ギニア・ビサウ,2241,60088,-,21062
202406,'513,ギニア,167090,631770,112488,849423
202406,'514,シエラレオネ,131076,575214,28828,5258974
202406,'515,リベリア,11035441,123140228,1070,7948945
202406,'516,コートジボワール,824264,4165942,405227,1395930
202406,'517,ガーナ,1215308,8676550,1674000,16300049
202406,'518,トーゴ,277311,2562958,389777,1777441
202406,'519,ベナン,104099,247526,749,1270
202406,'520,マリ,23445,703511,645,167168
202406,'521,ブルキナファソ,62957,564669,737018,2673129
202406,'522,カーボベルデ,90118,389526,-,0
202406,'523,カナリー諸島（西）,412809,2560730,-,8880
202406,'524,ナイジェリア,4715091,21590268,10012176,54230591
202406,'525,ニジェール,30828,51230,153273,1289495
202406,'526,ルワンダ,19381,346043,54549,386055
202406,'527,カメルーン,302411,2625402,34112,165454
202406,'528,チャド,57279,330149,-,31641
202406,'529,中央アフリカ,7252,13350,15402,110343
202406,'530,赤道ギニア,3071,24507,-,4924254
202406,'531,ガボン,347036,1763147,-,3321240
202406,'532,コンゴ共和国,8058,153112,6959,154074
202406,'533,コンゴ民主共和国,2073112,11950502,6565,2317400
202406,'534,ブルンジ,84502,736840,2897,144810
202406,'535,アンゴラ,557066,5007181,6368,94871
202406,'536,サントメ・プリンシペ,-,1533126,217,217
202406,'537,セントヘレナ及びその附属諸島（英）,-,671,9017,227493
202406,'538,エチオピア,148372,2565179,592366,6673115
202406,'539,ジブチ,1058254,3257214,17273,17273
202406,'540,ソマリア,1172,242864,86183,272435
202406,'541,ケニア,8591860,66820340,2372253,5485883
202406,'542,ウガンダ,1598392,14383627,218658,1292690
202406,'543,タンザニア,4480555,33349204,1897796,8216269
202406,'544,セーシェル,102660,533943,409915,4434523
202406,'545,モザンビーク,1401880,9924558,347810,9802005
202406,'546,マダガスカル,53772,1146887,3063059,12555560
202406,'547,モーリシャス,2361065,15174798,115641,786598
202406,'548,レユニオン（仏）,332066,1925450,-,140275
202406,'549,ジンバブエ,615603,3885451,199917,974846
202406,'550,ナミビア,810059,2371813,40080,427732
202406,'551,南アフリカ共和国,28504078,156652922,73366563,408919048
202406,'552,レソト,83335,802706,-,29546
202406,'553,マラウイ,128754,1503805,211415,803852
202406,'554,ザンビア,990959,6152124,204543,764927
202406,'555,ボツワナ,178929,1376300,109368,874270
202406,'556,エスワティニ,19655,363566,103944,217907
202406,'558,コモロ,42272,1375770,1656,20917
202406,'559,エリトリア,-,3401,697,1637
202406,'560,南スーダン,821518,2433605,-,0
202406,'601,オーストラリア,243060412,1173341861,603997375,3969822265
202406,'602,パプアニューギニア,3743338,17939169,33713125,214677870
202406,'605,その他のオーストラリア領,9942,80081,647,1486
202406,'606,ニュージーランド,28929982,176955964,40053338,202495411
202406,'607,クック,71105,236142,131715,750339
202406,'609,ニウエ,5290,20005,-,1855
202406,'610,サモア,231742,1236475,-,5111
202406,'611,バヌアツ,142650,1131024,787929,3136334
202406,'612,フィジー,1114268,6201494,83917,1036746
202406,'613,ソロモン,225399,1172185,1178,73734
202406,'614,トンガ,909033,1595849,208,11439
202406,'615,キリバス,115930,2593884,36176,274178
202406,'617,ナウル,13266,37960,-,23837
202406,'618,ニューカレドニア（仏）,129772,2716713,114561,5963594
202406,'619,仏領ポリネシア,241467,1655642,1256550,6286970
202406,'620,グアム（米）,1173012,9422087,34741,435132
202406,'621,米領サモア,37951,199117,576,7270
202406,'622,米領オセアニア,-,0,1613,8941
202406,'624,ツバル,3475,38034,-,3384
202406,'625,マーシャル,11024323,115829185,3899,2748009
202406,'626,ミクロネシア,231050,1020494,46349,514694
202406,'627,北マリアナ諸島（米）,191797,712759,-,0
202406,'628,パラオ,614261,2081923,1208,3020
202406,'702,不明,-,0,36206,220043
202407,'103,大韓民国,609786673,3958820583,441084602,2687632497
202407,'105,中華人民共和国,1655194346,10797080690,2296612400,14316206394
202407,'106,台湾,628277549,3902534543,455679913,2690023241
202407,'107,モンゴル,15381919,102251632,601047,2039878
202407,'108,香港,476312731,2942944165,11610579,157560525
202407,'110,ベトナム,220256380,1472809909,403178440,2318326339
202407,'111,タイ,334845101,2295100222,353746435,2186335467
202407,'112,シンガポール,311093324,1668093676,102512380,655594267
202407,'113,マレーシア,195749747,1261989003,258836243,1680834289
202407,'116,ブルネイ,1267785,5622614,44529322,167228839
202407,'117,フィリピン,134816687,861871773,128508690,825894771
202407,'118,インドネシア,189163812,1085964235,295291714,2047288161
202407,'120,カンボジア,9562497,50563537,28017146,178401095
202407,'121,ラオス,1175968,8385178,2278263,14739304
202407,'122,ミャンマー,3590909,26155854,15302440,111287199
202407,'123,インド,250005421,1491433422,91482123,541858796
202407,'124,パキスタン,19412431,113243123,3525445,20212255
202407,'125,スリランカ,4001593,19048310,3538492,20211310
202407,'126,モルディブ,668603,4390921,51998,246500
202407,'127,バングラデシュ,21761457,137081264,19896833,128921827
202407,'128,東ティモール,203947,1211379,-,60352
202407,'129,マカオ,4621099,36422729,121147,1107633
202407,'130,アフガニスタン,26415,589207,250,157092
202407,'131,ネパール,311470,1869545,303425,1326609
202407,'132,ブータン,116257,252545,2601,7318
202407,'133,イラン,1088125,7603534,278404,2595569
202407,'134,イラク,11481275,77601882,-,2358834
202407,'135,バーレーン,7718490,48905772,3376782,37596256
202407,'137,サウジアラビア,87929383,476260116,411823626,2651472083
202407,'138,クウェート,24577322,142976752,82316798,695269335
202407,'140,カタール,19599699,130609360,84753673,636188225
202407,'141,オマーン,19431226,106428406,30983078,212893597
202407,'143,イスラエル,20335790,120316811,18698310,122356683
202407,'144,ヨルダン,4300124,39512975,383696,5399504
202407,'145,シリア,77305,200132,14422,51622
202407,'146,レバノン,4624597,31469175,49970,343776
202407,'147,アラブ首長国連邦,142387693,973476609,450824258,3272413997
202407,'149,イエメン,4958984,23463067,111069,350286
202407,'150,アゼルバイジャン,1487585,6283531,330414,1109184
202407,'151,アルメニア,449012,1891167,823059,3243100
202407,'152,ウズベキスタン,1895864,51573096,235256,1851257
202407,'153,カザフスタン,11115556,91171350,13218237,66310950
202407,'154,キルギス,517315,2856247,23149,186477
202407,'155,タジキスタン,208209,1433304,3522,67861
202407,'156,トルクメニスタン,316813,2886133,1071,30019
202407,'157,ジョージア,9008095,51096923,211233,1610849
202407,'158,ヨルダン川西岸及びガザ,19931,86843,12984,44667
202407,'201,アイスランド,539081,4329878,2347447,12893094
202407,'202,ノルウェー,20854624,90816222,16238533,103077865
202407,'203,スウェーデン,20706950,129844876,45866976,257673992
202407,'204,デンマーク,7456649,49882942,25663338,171637053
202407,'205,英国,155295682,966606590,123535725,673594623
202407,'206,アイルランド,20055602,134384257,80935102,518234636
202407,'207,オランダ,155553526,1034848414,61444727,309170785
202407,'208,ベルギー,71682338,503210654,37040607,204920836
202407,'209,ルクセンブルク,7086731,39981845,886741,4927089
202407,'210,フランス,92307958,590425122,140907132,951415372
202407,'211,モナコ,730,348322,32077,138824
202407,'212,アンドラ,6868,14575,256,2527
202407,'213,ドイツ,230651277,1524739950,265007309,1828338424
202407,'215,スイス,77602727,453843925,133815049,741580707
202407,'217,ポルトガル,8498929,50864718,6020402,43438314
202407,'218,スペイン,53233539,287495586,57881079,323363691
202407,'219,ジブラルタル（英）,1916094,12836902,472,3355
202407,'220,イタリア,74075882,464211274,185613820,1099605248
202407,'221,マルタ,1994124,10353570,1094176,18148297
202407,'222,フィンランド,5419615,31220145,23855887,121457754
202407,'223,ポーランド,50895985,332169425,17212296,101938767
202407,'224,ロシア,34605103,186644078,36144959,486590867
202407,'225,オーストリア,14423376,113402144,37213452,181571304
202407,'227,ハンガリー,20534549,125797686,12772375,109048040
202407,'228,セルビア,935556,6343160,5742286,27433070
202407,'229,アルバニア,24784,338522,670369,1757010
202407,'230,ギリシャ,4344985,32825146,8433375,53467418
202407,'231,ルーマニア,7052217,43392465,21447416,103911906
202407,'232,ブルガリア,1692620,10068233,1923073,10687052
202407,'233,キプロス,5803360,51372868,65166,230806
202407,'234,トルコ,40742068,328303297,15473209,92999161
202407,'235,エストニア,4119524,18094303,1474653,10600623
202407,'236,ラトビア,346468,2747155,1297686,7336033
202407,'237,リトアニア,1094114,5989000,2221237,12874783
202407,'238,ウクライナ,6516982,44010428,1086422,6532106
202407,'239,ベラルーシ,94833,962814,27700,187822
202407,'240,モルドバ,97989,755034,824125,3706529
202407,'241,クロアチア,599648,6109173,1228323,5572324
202407,'242,スロベニア,3073363,19391316,12956612,61575265
202407,'243,ボスニア・ヘルツェゴビナ,35021,257319,181337,1087217
202407,'244,北マケドニア,199346,939791,148928,934358
202407,'245,チェコ,32243111,206023543,25164407,168221294
202407,'246,スロバキア,2069534,15098572,7293555,50550137
202407,'247,モンテネグロ,41567,324997,2610,13924
202407,'248,コソボ,9819,58955,644,9641
202407,'249,フェロー諸島（デンマーク）,-,444,107222,833484
202407,'301,グリーンランド（デンマーク）,-,1860,1020304,6403886
202407,'302,カナダ,153181726,1002342003,165167325,1179936856
202407,'304,アメリカ合衆国,1921811816,12320278145,1153993865,7675958070
202407,'305,メキシコ,179533687,1072211224,82165999,520707019
202407,'306,グアテマラ,6615750,40224900,3714778,14284494
202407,'307,ホンジュラス,2529819,14017280,841789,5737953
202407,'308,ベリーズ,15996,1589320,31351,448828
202407,'309,エルサルバドル,3003469,14413900,416710,1308192
202407,'310,ニカラグア,1812946,13462295,329506,1988385
202407,'311,コスタリカ,7064121,52431139,8582655,47737857
202407,'312,パナマ,74514588,404444627,10303095,37212230
202407,'314,バーミュダ（英）,57427,781152,287,868
202407,'315,バハマ,1313919,24873100,73140,171243
202407,'316,ジャマイカ,3700358,29641158,522934,2013495
202407,'317,タークス及びカイコス諸島（英）,312125,1215902,618,618
202407,'319,バルバドス,684550,11232780,564,38470
202407,'320,トリニダード・トバゴ,5255850,21273693,1119222,9741586
202407,'321,キューバ,358476,1243434,139234,952146
202407,'322,ハイチ,21019,260015,23558,233314
202407,'323,ドミニカ共和国,5971510,33344972,1636021,10033513
202407,'324,プエルトリコ（米）,12608663,72049853,13812474,122985454
202407,'325,米領バージン諸島,5062,119590,-,1012
202407,'326,蘭領アンティール,504278,2632711,-,7250
202407,'327,仏領西インド諸島,311663,3221595,-,18184
202407,'328,ケイマン諸島（英）,214573,1741043,-,4687
202407,'329,グレナダ,247441,1712410,-,0
202407,'330,セントルシア,278808,1876751,-,2038
202407,'331,アンティグア・バーブーダ,183808,1537054,-,1294
202407,'332,英領バージン諸島,45334,242485,-,0
202407,'333,ドミニカ,29557,449181,-,28834
202407,'334,モントセラト（英）,13849,56663,-,0
202407,'335,セントクリストファー・ネービス,184170,770292,-,0
202407,'336,セントビンセント,93505,959275,-,0
202407,'337,英領アンギラ,85424,226470,-,360
202407,'338,サン・バルテルミー島（仏）,17994,131162,437,681
202407,'401,コロンビア,15950630,94990308,6607861,63809357
202407,'402,ベネズエラ,1067287,6317128,227281,1482852
202407,'403,ガイアナ,1924687,14630048,50710,691729
202407,'404,スリナム,735360,5127146,50753,391800
202407,'405,仏領ギアナ,37846,355270,-,884
202407,'406,エクアドル,4960905,34938713,12115746,119697635
202407,'407,ペルー,9998916,69950398,75365901,326095413
202407,'408,ボリビア,1045399,7770627,5099593,29387062
202407,'409,チリ,18579297,142996499,112419053,739127481
202407,'410,ブラジル,68107139,417852820,135099380,847985445
202407,'411,パラグアイ,1934562,10208176,182027,4750552
202407,'412,ウルグアイ,983051,5936999,1021986,6079579
202407,'413,アルゼンチン,13530027,81743431,4645124,39445515
202407,'414,フォークランド諸島及びその附属諸島（英）,-,1512,87523,270328
202407,'415,英領南極地域,-,0,-,271
202407,'501,モロッコ,4943289,26251850,7931349,31107683
202407,'502,セウタ及びメリリア（西）,6695,51491,3664,17261
202407,'503,アルジェリア,1667378,9156774,-,11033274
202407,'504,チュニジア,804249,6705268,2341843,13526984
202407,'505,リビア,237778,3887026,-,3985
202407,'506,エジプト,10141715,65625924,1403421,7033261
202407,'507,スーダン,908061,3848873,494822,1149898
202407,'508,西サハラ,-,24793,-,510
202407,'509,モーリタニア,562929,2111899,1016153,6600172
202407,'510,セネガル,885144,5441706,424177,2292497
202407,'511,ガンビア,22060,176791,-,0
202407,'512,ギニア・ビサウ,262,60350,64822,85884
202407,'513,ギニア,88738,720508,57803,907226
202407,'514,シエラレオネ,36612,611826,8321,5267295
202407,'515,リベリア,37224742,160364970,-,7948945
202407,'516,コートジボワール,709947,4875889,445881,1841811
202407,'517,ガーナ,1872870,10549420,2245894,18545943
202407,'518,トーゴ,283954,2846912,540530,2317971
202407,'519,ベナン,75799,323325,537,1807
202407,'520,マリ,186932,890443,131843,299011
202407,'521,ブルキナファソ,203343,768012,247947,2921076
202407,'522,カーボベルデ,220904,610430,-,0
202407,'523,カナリー諸島（西）,543243,3103973,3385,12265
202407,'524,ナイジェリア,4158204,25748472,25932230,80162821
202407,'525,ニジェール,12631,63861,413412,1702907
202407,'526,ルワンダ,80424,426467,55163,441218
202407,'527,カメルーン,245783,2871185,145704,311158
202407,'528,チャド,10791,340940,-,31641
202407,'529,中央アフリカ,14876,28226,16216,126559
202407,'530,赤道ギニア,-,24507,19244965,24169219
202407,'531,ガボン,116932,1880079,1709392,5030632
202407,'532,コンゴ共和国,9828,162940,33682,187756
202407,'533,コンゴ民主共和国,3053361,15003863,295029,2612429
202407,'534,ブルンジ,98614,835454,10943,155753
202407,'535,アンゴラ,319787,5326968,32129,127000
202407,'536,サントメ・プリンシペ,1979,1535105,935,1152
202407,'537,セントヘレナ及びその附属諸島（英）,-,671,178309,405802
202407,'538,エチオピア,677273,3242452,2728773,9401888
202407,'539,ジブチ,286158,3543372,-,17273
202407,'540,ソマリア,2307,245171,60547,332982
202407,'541,ケニア,14578974,81399314,1135787,6621670
202407,'542,ウガンダ,2674743,17058370,218633,1511323
202407,'543,タンザニア,6101722,39450926,1828964,10045233
202407,'544,セーシェル,118696,652639,1634725,6069248
202407,'545,モザンビーク,1820088,11744646,113989,9915994
202407,'546,マダガスカル,157833,1304720,2915243,15470803
202407,'547,モーリシャス,2528759,17703557,171483,958081
202407,'548,レユニオン（仏）,421847,2347297,4264,144539
202407,'549,ジンバブエ,836574,4722025,352215,1327061
202407,'550,ナミビア,699768,3071581,25918,453650
202407,'551,南アフリカ共和国,30461846,187114768,69946617,478865665
202407,'552,レソト,108261,910967,623,30169
202407,'553,マラウイ,250231,1754036,109596,913448
202407,'554,ザンビア,1487755,7639879,82807,847734
202407,'555,ボツワナ,153193,1529493,129036,1003306
202407,'556,エスワティニ,110030,473596,8330,226237
202407,'558,コモロ,36292,1412062,-,20917
202407,'559,エリトリア,240,3641,-,1637
202407,'560,南スーダン,513229,2946834,-,0
202407,'601,オーストラリア,201481813,1374823674,752395590,4722217855
202407,'602,パプアニューギニア,2780421,20719590,35598708,250276578
202407,'605,その他のオーストラリア領,6341,86422,1283,2769
202407,'606,ニュージーランド,24933779,201889743,40039193,242534604
202407,'607,クック,89835,325977,192363,942702
202407,'609,ニウエ,491,20496,-,1855
202407,'610,サモア,226863,1463338,-,5111
202407,'611,バヌアツ,343063,1474087,531590,3667924
202407,'612,フィジー,497874,6699368,670694,1707440
202407,'613,ソロモン,254065,1426250,-,73734
202407,'614,トンガ,184426,1780275,-,11439
202407,'615,キリバス,176994,2770878,70749,344927
202407,'617,ナウル,4318,42278,-,23837
202407,'618,ニューカレドニア（仏）,117031,2833744,2755100,8718694
202407,'619,仏領ポリネシア,278449,1934091,1428216,7715186
202407,'620,グアム（米）,1400230,10822317,8663,443795
202407,'621,米領サモア,11822,210939,2928,10198
202407,'622,米領オセアニア,-,0,1290,10231
202407,'624,ツバル,15174,53208,3190,6574
202407,'625,マーシャル,25596914,141426099,5183,2753192
202407,'626,ミクロネシア,107217,1127711,60748,575442
202407,'627,北マリアナ諸島（米）,79862,792621,-,0
202407,'628,パラオ,125333,2207256,3416,6436
202407,'702,不明,-,0,54241,274284
202408,'103,大韓民国,585174099,4543994682,413778698,3101411195
202408,'105,中華人民共和国,1508476768,12305557458,1888240927,16204447321
202408,'106,台湾,549009949,4451544492,352670340,3042693581
202408,'107,モンゴル,12543278,114794910,363125,2403003
202408,'108,香港,481649315,3424593480,8236551,165797076
202408,'110,ベトナム,210494887,1683304796,337727814,2656054153
202408,'111,タイ,343449978,2638550200,293476922,2479812389
202408,'112,シンガポール,237162264,1905255940,92044095,747638362
202408,'113,マレーシア,158849503,1420838506,234182149,1915016438
202408,'116,ブルネイ,406163,6028777,37560324,204789163
202408,'117,フィリピン,120649874,982521647,108550226,934444997
202408,'118,インドネシア,165740745,1251704980,315609722,2362897883
202408,'120,カンボジア,6258551,56822088,31119633,209520728
202408,'121,ラオス,803180,9188358,1779571,16518875
202408,'122,ミャンマー,2814510,28970364,18972376,130259575
202408,'123,インド,232911540,1724344962,71006113,612864909
202408,'124,パキスタン,17353711,130596834,2776362,22988617
202408,'125,スリランカ,2794697,21843007,2572752,22784062
202408,'126,モルディブ,334910,4725831,20658,267158
202408,'127,バングラデシュ,18801382,155882646,16492988,145414815
202408,'128,東ティモール,332050,1543429,-,60352
202408,'129,マカオ,5190947,41613676,91428,1199061
202408,'130,アフガニスタン,55149,644356,212,157304
202408,'131,ネパール,213638,2083183,247188,1573797
202408,'132,ブータン,10161,262706,47000,54318
202408,'133,イラン,1039077,8642611,369305,2964874
202408,'134,イラク,9840129,87442011,5220,2364054
202408,'135,バーレーン,6771606,55677378,4666158,42262414
202408,'137,サウジアラビア,70001375,546261491,376712043,3028184126
202408,'138,クウェート,21489500,164466252,98376350,793645685
202408,'140,カタール,23658087,154267447,90086173,726274398
202408,'141,オマーン,13460121,119888527,36271593,249165190
202408,'143,イスラエル,19076721,139393532,18110347,140467030
202408,'144,ヨルダン,2878544,42391519,378448,5777952
202408,'145,シリア,-,200132,-,51622
202408,'146,レバノン,2793002,34262177,255359,599135
202408,'147,アラブ首長国連邦,109901459,1083378068,511068721,3783482718
202408,'149,イエメン,2835070,26298137,44738,395024
202408,'150,アゼルバイジャン,357430,6640961,248973,1358157
202408,'151,アルメニア,344329,2235496,612926,3856026
202408,'152,ウズベキスタン,2010998,53584094,133769,1985026
202408,'153,カザフスタン,11390236,102561586,5975632,72286582
202408,'154,キルギス,578766,3435013,64526,251003
202408,'155,タジキスタン,184326,1617630,455,68316
202408,'156,トルクメニスタン,328332,3214465,-,30019
202408,'157,ジョージア,3985444,55082367,262604,1873453
202408,'158,ヨルダン川西岸及びガザ,132611,219454,-,44667
202408,'201,アイスランド,575163,4905041,1368148,14261242
202408,'202,ノルウェー,8118282,98934504,15388778,118466643
202408,'203,スウェーデン,18645472,148490348,29456544,287130536
202408,'204,デンマーク,6650609,56533551,35091532,206728585
202408,'205,英国,115123037,1081729627,121094936,794689559
202408,'206,アイルランド,21048293,155432550,71577097,589811733
202408,'207,オランダ,134389425,1169237839,35362959,344533744
202408,'208,ベルギー,62401078,565611732,140343665,345264501
202408,'209,ルクセンブルク,3728062,43709907,909640,5836729
202408,'210,フランス,79697296,670122418,186647420,1138062792
202408,'211,モナコ,3845,352167,27227,166051
202408,'212,アンドラ,9483,24058,-,2527
202408,'213,ドイツ,201660638,1726400588,274759098,2103097522
202408,'215,スイス,101976126,555820051,96969198,838549905
202408,'217,ポルトガル,5209965,56074683,4736368,48174682
202408,'218,スペイン,31877843,319373429,55773776,379137467
202408,'219,ジブラルタル（英）,1634470,14471372,296,3651
202408,'220,イタリア,46309840,510521114,162329662,1261934910
202408,'221,マルタ,1202922,11556492,853837,19002134
202408,'222,フィンランド,4927265,36147410,17494962,138952716
202408,'223,ポーランド,41495514,373664939,16885299,118824066
202408,'224,ロシア,27489014,214133092,78055793,564646660
202408,'225,オーストリア,14717452,128119596,32682316,214253620
202408,'227,ハンガリー,13680559,139478245,11499465,120547505
202408,'228,セルビア,301264,6644424,3586903,31019973
202408,'229,アルバニア,36459,374981,209994,1967004
202408,'230,ギリシャ,3053293,35878439,4482831,57950249
202408,'231,ルーマニア,4175432,47567897,12789600,116701506
202408,'232,ブルガリア,1440548,11508781,2035490,12722542
202408,'233,キプロス,4237743,55610611,32677,263483
202408,'234,トルコ,35779379,364082676,11935538,104934699
202408,'235,エストニア,3591427,21685730,1441277,12041900
202408,'236,ラトビア,360218,3107373,1432811,8768844
202408,'237,リトアニア,856239,6845239,1694469,14569252
202408,'238,ウクライナ,4114943,48125371,857267,7389373
202408,'239,ベラルーシ,96860,1059674,16787,204609
202408,'240,モルドバ,54247,809281,818595,4525124
202408,'241,クロアチア,818134,6927307,430131,6002455
202408,'242,スロベニア,2216966,21608282,6034007,67609272
202408,'243,ボスニア・ヘルツェゴビナ,15474,272793,205978,1293195
202408,'244,北マケドニア,106351,1046142,155455,1089813
202408,'245,チェコ,29154094,235177637,16643025,184864319
202408,'246,スロバキア,1897650,16996222,7713010,58263147
202408,'247,モンテネグロ,33866,358863,2357,16281
202408,'248,コソボ,4854,63809,323,9964
202408,'249,フェロー諸島（デンマーク）,-,444,55330,888814
202408,'301,グリーンランド（デンマーク）,-,1860,1008020,7411906
202408,'302,カナダ,133633043,1135975046,142592706,1322529562
202408,'304,アメリカ合衆国,1606393858,13926672003,951954167,8627912237
202408,'305,メキシコ,159508013,1231719237,73256289,593963308
202408,'306,グアテマラ,6368764,46593664,2453116,16737610
202408,'307,ホンジュラス,1315595,15332875,966121,6704074
202408,'308,ベリーズ,159600,1748920,30413,479241
202408,'309,エルサルバドル,1501997,15915897,367174,1675366
202408,'310,ニカラグア,1840883,15303178,224497,2212882
202408,'311,コスタリカ,8410297,60841436,5857339,53595196
202408,'312,パナマ,41222945,445667572,3393210,40605440
202408,'314,バーミュダ（英）,288899,1070051,396,1264
202408,'315,バハマ,984965,25858065,233,171476
202408,'316,ジャマイカ,5483026,35124184,191637,2205132
202408,'317,タークス及びカイコス諸島（英）,202450,1418352,-,618
202408,'319,バルバドス,1548690,12781470,3661,42131
202408,'320,トリニダード・トバゴ,3352326,24626019,1363459,11105045
202408,'321,キューバ,193611,1437045,290484,1242630
202408,'322,ハイチ,29190,289205,52814,286128
202408,'323,ドミニカ共和国,3984135,37329107,1610379,11643892
202408,'324,プエルトリコ（米）,7948803,79998656,16368956,139354410
202408,'325,米領バージン諸島,48506,168096,717,1729
202408,'326,蘭領アンティール,455434,3088145,-,7250
202408,'327,仏領西インド諸島,497578,3719173,5638,23822
202408,'328,ケイマン諸島（英）,265526,2006569,-,4687
202408,'329,グレナダ,399831,2112241,-,0
202408,'330,セントルシア,430639,2307390,-,2038
202408,'331,アンティグア・バーブーダ,304661,1841715,-,1294
202408,'332,英領バージン諸島,62287,304772,-,0
202408,'333,ドミニカ,124803,573984,35315,64149
202408,'334,モントセラト（英）,3875,60538,-,0
202408,'335,セントクリストファー・ネービス,96332,866624,-,0
202408,'336,セントビンセント,156250,1115525,-,0
202408,'337,英領アンギラ,45060,271530,-,360
202408,'338,サン・バルテルミー島（仏）,10782,141944,-,681
202408,'401,コロンビア,12224164,107214472,8603520,72412877
202408,'402,ベネズエラ,826411,7143539,281825,1764677
202408,'403,ガイアナ,2213106,16843154,6773,698502
202408,'404,スリナム,943504,6070650,64254,456054
202408,'405,仏領ギアナ,77361,432631,487,1371
202408,'406,エクアドル,4088967,39027680,16679814,136377449
202408,'407,ペルー,10458426,80408824,50752605,376848018
202408,'408,ボリビア,746498,8517125,2510076,31897138
202408,'409,チリ,17763723,160760222,80488379,819615860
202408,'410,ブラジル,55207299,473060119,107546856,955532301
202408,'411,パラグアイ,996866,11205042,409046,5159598
202408,'412,ウルグアイ,721068,6658067,1284424,7364003
202408,'413,アルゼンチン,12366117,94109548,3893970,43339485
202408,'414,フォークランド諸島及びその附属諸島（英）,-,1512,15666,285994
202408,'415,英領南極地域,-,0,-,271
202408,'501,モロッコ,5464459,31716309,2641213,33748896
202408,'502,セウタ及びメリリア（西）,9038,60529,16409,33670
202408,'503,アルジェリア,780976,9937750,2913753,13947027
202408,'504,チュニジア,284411,6989679,1305213,14832197
202408,'505,リビア,793497,4680523,-,3985
202408,'506,エジプト,7040988,72666912,850897,7884158
202408,'507,スーダン,1205040,5053913,94748,1244646
202408,'508,西サハラ,-,24793,-,510
202408,'509,モーリタニア,146917,2258816,485401,7085573
202408,'510,セネガル,661296,6103002,663410,2955907
202408,'511,ガンビア,57943,234734,-,0
202408,'512,ギニア・ビサウ,-,60350,28101,113985
202408,'513,ギニア,119706,840214,147600,1054826
202408,'514,シエラレオネ,61828,673654,549044,5816339
202408,'515,リベリア,26228069,186593039,-,7948945
202408,'516,コートジボワール,746922,5622811,636697,2478508
202408,'517,ガーナ,1188925,11738345,2761083,21307026
202408,'518,トーゴ,263612,3110524,615319,2933290
202408,'519,ベナン,21860,345185,-,1807
202408,'520,マリ,102035,992478,118257,417268
202408,'521,ブルキナファソ,211449,979461,742817,3663893
202408,'522,カーボベルデ,128574,739004,-,0
202408,'523,カナリー諸島（西）,369773,3473746,-,12265
202408,'524,ナイジェリア,3331964,29080436,5764386,85927207
202408,'525,ニジェール,-,63861,120558,1823465
202408,'526,ルワンダ,150715,577182,973,442191
202408,'527,カメルーン,521432,3392617,5701484,6012642
202408,'528,チャド,4580,345520,-,31641
202408,'529,中央アフリカ,2385,30611,2361,128920
202408,'530,赤道ギニア,20541,45048,-,24169219
202408,'531,ガボン,583589,2463668,2314085,7344717
202408,'532,コンゴ共和国,2598,165538,38244,226000
202408,'533,コンゴ民主共和国,2520275,17524138,17611,2630040
202408,'534,ブルンジ,376986,1212440,23493,179246
202408,'535,アンゴラ,248927,5575895,230475,357475
202408,'536,サントメ・プリンシペ,-,1535105,-,1152
202408,'537,セントヘレナ及びその附属諸島（英）,-,671,971,406773
202408,'538,エチオピア,434296,3676748,2876808,12278696
202408,'539,ジブチ,590562,4133934,995,18268
202408,'540,ソマリア,27546,272717,23931,356913
202408,'541,ケニア,13493710,94893024,852135,7473805
202408,'542,ウガンダ,4596670,21655040,463550,1974873
202408,'543,タンザニア,7564258,47015184,1083586,11128819
202408,'544,セーシェル,111846,764485,1092380,7161628
202408,'545,モザンビーク,1657162,13401808,19579,9935573
202408,'546,マダガスカル,153495,1458215,2140061,17610864
202408,'547,モーリシャス,3537407,21240964,100347,1058428
202408,'548,レユニオン（仏）,255578,2602875,-,144539
202408,'549,ジンバブエ,1279278,6001303,319140,1646201
202408,'550,ナミビア,280990,3352571,84761,538411
202408,'551,南アフリカ共和国,26080074,213194842,62837646,541703311
202408,'552,レソト,105948,1016915,-,30169
202408,'553,マラウイ,409182,2163218,301740,1215188
202408,'554,ザンビア,1677084,9316963,183319,1031053
202408,'555,ボツワナ,211172,1740665,44640,1047946
202408,'556,エスワティニ,154789,628385,21282,247519
202408,'558,コモロ,124410,1536472,342,21259
202408,'559,エリトリア,5911,9552,201,1838
202408,'560,南スーダン,291898,3238732,1379781,1379781
202408,'601,オーストラリア,172871393,1547695067,680112212,5402330067
202408,'602,パプアニューギニア,2071340,22790930,49079480,299356058
202408,'605,その他のオーストラリア領,32562,118984,-,2769
202408,'606,ニュージーランド,23937400,225827143,35789329,278323933
202408,'607,クック,37993,363970,281930,1224632
202408,'609,ニウエ,22291,42787,294,2149
202408,'610,サモア,262039,1725377,2215,7326
202408,'611,バヌアツ,106287,1580374,257705,3925629
202408,'612,フィジー,1561312,8260680,24015,1731455
202408,'613,ソロモン,146231,1572481,1828,75562
202408,'614,トンガ,169720,1949995,2263,13702
202408,'615,キリバス,90269,2861147,91008,435935
202408,'617,ナウル,22131,64409,-,23837
202408,'618,ニューカレドニア（仏）,225184,3058928,1490068,10208762
202408,'619,仏領ポリネシア,200677,2134768,659546,8374732
202408,'620,グアム（米）,939702,11762019,5034,448829
202408,'621,米領サモア,39093,250032,547,10745
202408,'622,米領オセアニア,-,0,-,10231
202408,'624,ツバル,9506,62714,-,6574
202408,'625,マーシャル,7350935,148777034,4240,2757432
202408,'626,ミクロネシア,148949,1276660,9118,584560
202408,'627,北マリアナ諸島（米）,93923,886544,214,214
202408,'628,パラオ,108580,2315836,-,6436
202408,'702,不明,-,0,40655,314939
202409,'103,大韓民国,603221852,5147216534,396642044,3498053239
202409,'105,中華人民共和国,1505425653,13810983111,2156975157,18361422478
202409,'106,台湾,571670436,5023214928,391178481,3433872062
202409,'107,モンゴル,11847675,126642585,282588,2685591
202409,'108,香港,497337249,3921930729,52649103,218446179
202409,'110,ベトナム,212385888,1895690684,344407831,3000461984
202409,'111,タイ,341280723,2979830923,316153460,2795965849
202409,'112,シンガポール,240653327,2145909267,99577494,847215856
202409,'113,マレーシア,159391172,1580229678,225513818,2140530256
202409,'116,ブルネイ,693804,6722581,21762619,226551782
202409,'117,フィリピン,122796345,1105317992,127017576,1061462573
202409,'118,インドネシア,182235445,1433940425,338060101,2700957984
202409,'120,カンボジア,6764414,63586502,30702122,240222850
202409,'121,ラオス,1084247,10272605,1988480,18507355
202409,'122,ミャンマー,4296240,33266604,25012587,155272162
202409,'123,インド,234715844,1959060806,84654163,697519072
202409,'124,パキスタン,15889191,146486025,3079751,26068368
202409,'125,スリランカ,3170197,25013204,6619899,29403961
202409,'126,モルディブ,304490,5030321,5322,272480
202409,'127,バングラデシュ,15281733,171164379,22081539,167496354
202409,'128,東ティモール,380343,1923772,-,60352
202409,'129,マカオ,4434571,46048247,185314,1384375
202409,'130,アフガニスタン,76093,720449,3700,161004
202409,'131,ネパール,249765,2332948,243575,1817372
202409,'132,ブータン,79788,342494,38310,92628
202409,'133,イラン,1114799,9757410,398738,3363612
202409,'134,イラク,11227937,98669948,272,2364326
202409,'135,バーレーン,7327449,63004827,7375099,49637513
202409,'137,サウジアラビア,86131982,632393473,334958702,3363142828
202409,'138,クウェート,24835275,189301527,62514865,856160550
202409,'140,カタール,24568506,178835953,86270518,812544916
202409,'141,オマーン,16166010,136054537,38412694,287577884
202409,'143,イスラエル,15035522,154429054,18240954,158707984
202409,'144,ヨルダン,6622995,49014514,484669,6262621
202409,'145,シリア,84729,284861,1563,53185
202409,'146,レバノン,3843604,38105781,106193,705328
202409,'147,アラブ首長国連邦,141990527,1225368595,422299249,4205781967
202409,'149,イエメン,3510462,29808599,63056,458080
202409,'150,アゼルバイジャン,1239496,7880457,190429,1548586
202409,'151,アルメニア,637856,2873352,844725,4700751
202409,'152,ウズベキスタン,3269524,56853618,178809,2163835
202409,'153,カザフスタン,10672591,113234177,10486555,82773137
202409,'154,キルギス,426464,3861477,785,251788
202409,'155,タジキスタン,129113,1746743,1538,69854
202409,'156,トルクメニスタン,748980,3963445,-,30019
202409,'157,ジョージア,11104705,66187072,43623,1917076
202409,'158,ヨルダン川西岸及びガザ,5223,224677,222,44889
202409,'201,アイスランド,1230722,6135763,2487739,16748981
202409,'202,ノルウェー,10868245,109802749,14007022,132473665
202409,'203,スウェーデン,21143885,169634233,51923320,339053856
202409,'204,デンマーク,8311020,64844571,24366419,231095004
202409,'205,英国,117741732,1199471359,112637799,907327358
202409,'206,アイルランド,14893023,170325573,65755550,655567283
202409,'207,オランダ,144209736,1313447575,41339545,385873289
202409,'208,ベルギー,71587897,637199629,47140338,392404839
202409,'209,ルクセンブルク,3873235,47583142,692133,6528862
202409,'210,フランス,82072744,752195162,120862206,1258924998
202409,'211,モナコ,1644,353811,47546,213597
202409,'212,アンドラ,1954,26012,-,2527
202409,'213,ドイツ,234147184,1960547772,320697220,2423794742
202409,'215,スイス,87679304,643499355,100723943,939273848
202409,'217,ポルトガル,5678588,61753271,7700779,55875461
202409,'218,スペイン,30324890,349698319,51798568,430936035
202409,'219,ジブラルタル（英）,1263167,15734539,225,3876
202409,'220,イタリア,69252766,579773880,142765901,1404700811
202409,'221,マルタ,1524629,13081121,219451,19221585
202409,'222,フィンランド,6329627,42477037,18463530,157416246
202409,'223,ポーランド,62043159,435708098,16451493,135275559
202409,'224,ロシア,33292033,247425125,65359957,630006617
202409,'225,オーストリア,17760906,145880502,30691265,244944885
202409,'227,ハンガリー,16308904,155787149,13631625,134179130
202409,'228,セルビア,481706,7126130,1726483,32746456
202409,'229,アルバニア,19261,394242,500079,2467083
202409,'230,ギリシャ,4188051,40066490,4773731,62723980
202409,'231,ルーマニア,9692740,57260637,14582278,131283784
202409,'232,ブルガリア,1667712,13176493,1624867,14347409
202409,'233,キプロス,6103299,61713910,23185,286668
202409,'234,トルコ,39402347,403485023,12616895,117551594
202409,'235,エストニア,3673429,25359159,1140853,13182753
202409,'236,ラトビア,554489,3661862,1005076,9773920
202409,'237,リトアニア,669408,7514647,2012061,16581313
202409,'238,ウクライナ,5070115,53195486,1148312,8537685
202409,'239,ベラルーシ,42784,1102458,13645,218254
202409,'240,モルドバ,42956,852237,601364,5126488
202409,'241,クロアチア,863313,7790620,220248,6222703
202409,'242,スロベニア,3324710,24932992,7246401,74855673
202409,'243,ボスニア・ヘルツェゴビナ,193306,466099,215717,1508912
202409,'244,北マケドニア,140274,1186416,143720,1233533
202409,'245,チェコ,27109638,262287275,17981944,202846263
202409,'246,スロバキア,2015503,19011725,7412636,65675783
202409,'247,モンテネグロ,50032,408895,2587,18868
202409,'248,コソボ,12949,76758,3329,13293
202409,'249,フェロー諸島（デンマーク）,-,444,37369,926183
202409,'301,グリーンランド（デンマーク）,561,2421,826881,8238787
202409,'302,カナダ,156856350,1292831396,151666921,1474196483
202409,'304,アメリカ合衆国,1850606691,15777278694,1013181773,9641094010
202409,'305,メキシコ,162030715,1393749952,71630945,665594253
202409,'306,グアテマラ,6561004,53154668,2213575,18951185
202409,'307,ホンジュラス,1291007,16623882,988817,7692891
202409,'308,ベリーズ,354189,2103109,46818,526059
202409,'309,エルサルバドル,1981995,17897892,414773,2090139
202409,'310,ニカラグア,2015781,17318959,363734,2576616
202409,'311,コスタリカ,6288299,67129735,7258584,60853780
202409,'312,パナマ,89699559,535367131,1327696,41933136
202409,'314,バーミュダ（英）,145560,1215611,-,1264
202409,'315,バハマ,9687137,35545202,671,172147
202409,'316,ジャマイカ,3548165,38672349,384446,2589578
202409,'317,タークス及びカイコス諸島（英）,68672,1487024,-,618
202409,'319,バルバドス,658479,13439949,16884,59015
202409,'320,トリニダード・トバゴ,2736947,27362966,1666838,12771883
202409,'321,キューバ,137666,1574711,132899,1375529
202409,'322,ハイチ,31842,321047,12102,298230
202409,'323,ドミニカ共和国,3883469,41212576,1480728,13124620
202409,'324,プエルトリコ（米）,12382133,92380789,20749355,160103765
202409,'325,米領バージン諸島,487,168583,599,2328
202409,'326,蘭領アンティール,369964,3458109,3677,10927
202409,'327,仏領西インド諸島,245346,3964519,2384,26206
202409,'328,ケイマン諸島（英）,161154,2167723,-,4687
202409,'329,グレナダ,100699,2212940,-,0
202409,'330,セントルシア,252887,2560277,-,2038
202409,'331,アンティグア・バーブーダ,152353,1994068,-,1294
202409,'332,英領バージン諸島,43355,348127,-,0
202409,'333,ドミニカ,29793,603777,4783,68932
202409,'334,モントセラト（英）,-,60538,-,0
202409,'335,セントクリストファー・ネービス,73385,940009,-,0
202409,'336,セントビンセント,172695,1288220,-,0
202409,'337,英領アンギラ,24225,295755,-,360
202409,'338,サン・バルテルミー島（仏）,7364,149308,-,681
202409,'401,コロンビア,11386438,118600910,9223608,81636485
202409,'402,ベネズエラ,749382,7892921,117292,1881969
202409,'403,ガイアナ,1592647,18435801,12409,710911
202409,'404,スリナム,771097,6841747,49558,505612
202409,'405,仏領ギアナ,24782,457413,-,1371
202409,'406,エクアドル,4270623,43298303,10827902,147205351
202409,'407,ペルー,10103749,90512573,37040632,413888650
202409,'408,ボリビア,829718,9346843,4855687,36752825
202409,'409,チリ,18991899,179752121,106395147,926011007
202409,'410,ブラジル,50701985,523762104,118828355,1074360656
202409,'411,パラグアイ,1500626,12705668,419951,5579549
202409,'412,ウルグアイ,902433,7560500,995223,8359226
202409,'413,アルゼンチン,11362126,105471674,9087348,52426833
202409,'414,フォークランド諸島及びその附属諸島（英）,-,1512,281,286275
202409,'415,英領南極地域,-,0,-,271
202409,'501,モロッコ,3972587,35688896,1867259,35616155
202409,'502,セウタ及びメリリア（西）,22883,83412,374,34044
202409,'503,アルジェリア,1494401,11432151,736,13947763
202409,'504,チュニジア,1325934,8315613,1117204,15949401
202409,'505,リビア,864759,5545282,-,3985
202409,'506,エジプト,9715884,82382796,813322,8697480
202409,'507,スーダン,835741,5889654,60218,1304864
202409,'508,西サハラ,-,24793,-,510
202409,'509,モーリタニア,582994,2841810,178284,7263857
202409,'510,セネガル,721251,6824253,794441,3750348
202409,'511,ガンビア,31074,265808,-,0
202409,'512,ギニア・ビサウ,20539,80889,-,113985
202409,'513,ギニア,91667,931881,65635,1120461
202409,'514,シエラレオネ,44579,718233,1426,5817765
202409,'515,リベリア,19887006,206480045,-,7948945
202409,'516,コートジボワール,420112,6042923,1072826,3551334
202409,'517,ガーナ,1225557,12963902,2583078,23890104
202409,'518,トーゴ,321090,3431614,434585,3367875
202409,'519,ベナン,33543,378728,396,2203
202409,'520,マリ,94947,1087425,134848,552116
202409,'521,ブルキナファソ,259963,1239424,736972,4400865
202409,'522,カーボベルデ,39476,778480,-,0
202409,'523,カナリー諸島（西）,335996,3809742,3004,15269
202409,'524,ナイジェリア,3881922,32962358,13413288,99340495
202409,'525,ニジェール,128357,192218,192118,2015583
202409,'526,ルワンダ,74306,651488,4462,446653
202409,'527,カメルーン,474378,3866995,91623,6104265
202409,'528,チャド,31922,377442,-,31641
202409,'529,中央アフリカ,6430,37041,-,128920
202409,'530,赤道ギニア,3335,48383,-,24169219
202409,'531,ガボン,195314,2658982,1360982,8705699
202409,'532,コンゴ共和国,1976,167514,17475,243475
202409,'533,コンゴ民主共和国,1461909,18986047,277403,2907443
202409,'534,ブルンジ,238730,1451170,-,179246
202409,'535,アンゴラ,1099549,6675444,14328,371803
202409,'536,サントメ・プリンシペ,35000,1570105,-,1152
202409,'537,セントヘレナ及びその附属諸島（英）,-,671,37651,444424
202409,'538,エチオピア,892812,4569560,1815144,14093840
202409,'539,ジブチ,548382,4682316,594,18862
202409,'540,ソマリア,10262,282979,289861,646774
202409,'541,ケニア,12434358,107327382,807626,8281431
202409,'542,ウガンダ,3378711,25033751,483026,2457899
202409,'543,タンザニア,6179537,53194721,810862,11939681
202409,'544,セーシェル,79075,843560,338945,7500573
202409,'545,モザンビーク,1533665,14935473,205717,10141290
202409,'546,マダガスカル,479344,1937559,8609791,26220655
202409,'547,モーリシャス,3048483,24289447,54313,1112741
202409,'548,レユニオン（仏）,329358,2932233,50044,194583
202409,'549,ジンバブエ,786420,6787723,243465,1889666
202409,'550,ナミビア,277296,3629867,105100,643511
202409,'551,南アフリカ共和国,22109106,235303948,92823674,634526985
202409,'552,レソト,69412,1086327,698,30867
202409,'553,マラウイ,251423,2414641,212528,1427716
202409,'554,ザンビア,1334535,10651498,284154,1315207
202409,'555,ボツワナ,283621,2024286,47825,1095771
202409,'556,エスワティニ,152003,780388,-,247519
202409,'558,コモロ,46000,1582472,5672,26931
202409,'559,エリトリア,228,9780,-,1838
202409,'560,南スーダン,421930,3660662,-,1379781
202409,'601,オーストラリア,214288972,1761984039,647318130,6049648197
202409,'602,パプアニューギニア,2461593,25252523,30310838,329666896
202409,'605,その他のオーストラリア領,-,118984,2177,4946
202409,'606,ニュージーランド,23194904,249022047,31465209,309789142
202409,'607,クック,39299,403269,307601,1532233
202409,'608,トケラウ諸島（ニュージーランド）,-,0,267,267
202409,'609,ニウエ,313,43100,229,2378
202409,'610,サモア,274094,1999471,-,7326
202409,'611,バヌアツ,203007,1783381,257270,4182899
202409,'612,フィジー,796047,9056727,608723,2340178
202409,'613,ソロモン,156700,1729181,665,76227
202409,'614,トンガ,249391,2199386,1966,15668
202409,'615,キリバス,208121,3069268,35486,471421
202409,'616,ピットケルン（英）,-,0,3087,3087
202409,'617,ナウル,2635,67044,37311,61148
202409,'618,ニューカレドニア（仏）,89842,3148770,939707,11148469
202409,'619,仏領ポリネシア,395862,2530630,1708576,10083308
202409,'620,グアム（米）,936351,12698370,22535,471364
202409,'621,米領サモア,21139,271171,-,10745
202409,'622,米領オセアニア,-,0,450,10681
202409,'624,ツバル,3563,66277,-,6574
202409,'625,マーシャル,9349175,158126209,2129,2759561
202409,'626,ミクロネシア,352832,1629492,155455,740015
202409,'627,北マリアナ諸島（米）,118948,1005492,-,214
202409,'628,パラオ,90446,2406282,2669,9105
202409,'702,不明,-,0,57378,372317
202410,'103,大韓民国,632868806,5780085340,425299905,3923353144
202410,'105,中華人民共和国,1674286476,15485269587,2457484765,20818907243
202410,'106,台湾,581992277,5605207205,401689966,3835562028
202410,'107,モンゴル,13400932,140043517,372290,3057881
202410,'108,香港,488076860,4410007589,11106945,229553124
202410,'110,ベトナム,225003749,2120694433,366671102,3367133086
202410,'111,タイ,355493284,3335324207,344210878,3140176727
202410,'112,シンガポール,277722120,2423631387,114192018,961407874
202410,'113,マレーシア,186254158,1766483836,250766683,2391296939
202410,'116,ブルネイ,708680,7431261,25821809,252373591
202410,'117,フィリピン,136812571,1242130563,128801074,1190263647
202410,'118,インドネシア,186349399,1620289824,289221627,2990179611
202410,'120,カンボジア,6488200,70074702,29494977,269717827
202410,'121,ラオス,1723613,11996218,1782980,20290335
202410,'122,ミャンマー,4495631,37762235,26024053,181296215
202410,'123,インド,222350754,2181411560,108396659,805915731
202410,'124,パキスタン,17654501,164140526,3383190,29451558
202410,'125,スリランカ,3125013,28138217,3400290,32804251
202410,'126,モルディブ,309927,5340248,433,272913
202410,'127,バングラデシュ,18303270,189467649,27042455,194538809
202410,'128,東ティモール,374835,2298607,36018,96370
202410,'129,マカオ,5229504,51277751,134788,1519163
202410,'130,アフガニスタン,174307,894756,14670,175674
202410,'131,ネパール,264090,2597038,254747,2072119
202410,'132,ブータン,50210,392704,5200,97828
202410,'133,イラン,905748,10663158,265050,3628662
202410,'134,イラク,11891861,110561809,677,2365003
202410,'135,バーレーン,9375887,72380714,3039600,52677113
202410,'137,サウジアラビア,81147385,713540858,367646120,3730788948
202410,'138,クウェート,31174490,220476017,66408530,922569080
202410,'140,カタール,25617784,204453737,77130418,889675334
202410,'141,オマーン,25494811,161549348,24518152,312096036
202410,'143,イスラエル,19985222,174414276,16678960,175386944
202410,'144,ヨルダン,7460070,56474584,902401,7165022
202410,'145,シリア,20782,305643,1534,54719
202410,'146,レバノン,5124092,43229873,120028,825356
202410,'147,アラブ首長国連邦,237794072,1463162667,471751568,4677533535
202410,'149,イエメン,3605497,33414096,32158,490238
202410,'150,アゼルバイジャン,318116,8198573,310734,1859320
202410,'151,アルメニア,114716,2988068,499714,5200465
202410,'152,ウズベキスタン,2844650,59698268,188701,2352536
202410,'153,カザフスタン,10686712,123920889,7442984,90216121
202410,'154,キルギス,692181,4553658,704,252492
202410,'155,タジキスタン,156349,1903092,292,70146
202410,'156,トルクメニスタン,480854,4444299,673,30692
202410,'157,ジョージア,7508706,73695778,95277,2012353
202410,'158,ヨルダン川西岸及びガザ,30311,254988,10900,55789
202410,'201,アイスランド,1304620,7440383,1740326,18489307
202410,'202,ノルウェー,13752759,123555508,14176919,146650584
202410,'203,スウェーデン,22609356,192243589,50844521,389898377
202410,'204,デンマーク,8532037,73376608,25204562,256299566
202410,'205,英国,159752579,1359223938,108325765,1015653123
202410,'206,アイルランド,22179202,192504775,94918924,750486207
202410,'207,オランダ,133461906,1446909481,40675539,426548828
202410,'208,ベルギー,82702993,719902622,58657651,451062490
202410,'209,ルクセンブルク,3214230,50797372,913661,7442523
202410,'210,フランス,78166345,830361507,171124489,1430049487
202410,'211,モナコ,4678,358489,31209,244806
202410,'212,アンドラ,20406,46418,2121,4648
202410,'213,ドイツ,218568461,2179116233,281579971,2705374713
202410,'215,スイス,84538770,728038125,110985860,1050259708
202410,'217,ポルトガル,5436890,67190161,18656758,74532219
202410,'218,スペイン,41544321,391242640,53094740,484030775
202410,'219,ジブラルタル（英）,1184061,16918600,513,4389
202410,'220,イタリア,57971357,637745237,163167819,1567868630
202410,'221,マルタ,1084178,14165299,373253,19594838
202410,'222,フィンランド,5602428,48079465,16949056,174365302
202410,'223,ポーランド,65481876,501189974,17466798,152742357
202410,'224,ロシア,31464906,278890031,76269120,706275737
202410,'225,オーストリア,19598799,165479301,21282848,266227733
202410,'227,ハンガリー,14829300,170616449,15479749,149658879
202410,'228,セルビア,359257,7485387,4825934,37572390
202410,'229,アルバニア,33094,427336,400284,2867367
202410,'230,ギリシャ,2611489,42677979,10034339,72758319
202410,'231,ルーマニア,5899146,63159783,13170356,144454140
202410,'232,ブルガリア,1550454,14726947,1628963,15976372
202410,'233,キプロス,4225176,65939086,45569,332237
202410,'234,トルコ,42416461,445901484,11006150,128557744
202410,'235,エストニア,3558459,28917618,1830040,15012793
202410,'236,ラトビア,291327,3953189,1359781,11133701
202410,'237,リトアニア,822519,8337166,1883731,18465044
202410,'238,ウクライナ,4613960,57809446,1061256,9598941
202410,'239,ベラルーシ,83313,1185771,64301,282555
202410,'240,モルドバ,42756,894993,515268,5641756
202410,'241,クロアチア,466181,8256801,582553,6805256
202410,'242,スロベニア,1903546,26836538,10281482,85137155
202410,'243,ボスニア・ヘルツェゴビナ,11891,477990,161367,1670279
202410,'244,北マケドニア,86045,1272461,134711,1368244
202410,'245,チェコ,26392023,288679298,24622514,227468777
202410,'246,スロバキア,1713593,20725318,7177524,72853307
202410,'247,モンテネグロ,62454,471349,3050,21918
202410,'248,コソボ,-,76758,-,13293
202410,'249,フェロー諸島（デンマーク）,-,444,66637,992820
202410,'301,グリーンランド（デンマーク）,1405,3826,1203997,9442784
202410,'302,カナダ,147146123,1439977519,166570509,1640766992
202410,'304,アメリカ合衆国,1809891713,17587170407,1012489106,10653583116
202410,'305,メキシコ,163100549,1556850501,88927484,754521737
202410,'306,グアテマラ,6380937,59535605,2591929,21543114
202410,'307,ホンジュラス,1387782,18011664,880510,8573401
202410,'308,ベリーズ,473994,2577103,20258,546317
202410,'309,エルサルバドル,1931126,19829018,217787,2307926
202410,'310,ニカラグア,1922579,19241538,647845,3224461
202410,'311,コスタリカ,7044383,74174118,8744338,69598118
202410,'312,パナマ,43875790,579242921,412304,42345440
202410,'314,バーミュダ（英）,164821,1380432,-,1264
202410,'315,バハマ,892932,36438134,17643,189790
202410,'316,ジャマイカ,4442528,43114877,168584,2758162
202410,'317,タークス及びカイコス諸島（英）,162196,1649220,-,618
202410,'319,バルバドス,1140382,14580331,5506,64521
202410,'320,トリニダード・トバゴ,2565233,29928199,5891564,18663447
202410,'321,キューバ,74888,1649599,99225,1474754
202410,'322,ハイチ,43884,364931,22535,320765
202410,'323,ドミニカ共和国,3472888,44685464,1999784,15124404
202410,'324,プエルトリコ（米）,12369538,104750327,15380170,175483935
202410,'325,米領バージン諸島,940,169523,1663,3991
202410,'326,蘭領アンティール,543486,4001595,2010,12937
202410,'327,仏領西インド諸島,381411,4345930,4073,30279
202410,'328,ケイマン諸島（英）,270070,2437793,295,4982
202410,'329,グレナダ,400391,2613331,-,0
202410,'330,セントルシア,331373,2891650,-,2038
202410,'331,アンティグア・バーブーダ,314264,2308332,250,1544
202410,'332,英領バージン諸島,28280,376407,-,0
202410,'333,ドミニカ,143158,746935,1983,70915
202410,'334,モントセラト（英）,14195,74733,2595,2595
202410,'335,セントクリストファー・ネービス,113005,1053014,-,0
202410,'336,セントビンセント,258089,1546309,-,0
202410,'337,英領アンギラ,33806,329561,-,360
202410,'338,サン・バルテルミー島（仏）,5875,155183,-,681
202410,'401,コロンビア,12764150,131365060,10149220,91785705
202410,'402,ベネズエラ,945032,8837953,198814,2080783
202410,'403,ガイアナ,3366775,21802576,7316,718227
202410,'404,スリナム,1115211,7956958,77391,583003
202410,'405,仏領ギアナ,51287,508700,-,1371
202410,'406,エクアドル,5652432,48950735,11189981,158395332
202410,'407,ペルー,8099925,98612498,40043137,453931787
202410,'408,ボリビア,1176557,10523400,2632880,39385705
202410,'409,チリ,24699930,204452051,105937441,1031948448
202410,'410,ブラジル,53457018,577219122,130383969,1204744625
202410,'411,パラグアイ,1100610,13806278,512824,6092373
202410,'412,ウルグアイ,792042,8352542,1055692,9414918
202410,'413,アルゼンチン,12342884,117814558,9953268,62380101
202410,'414,フォークランド諸島及びその附属諸島（英）,-,1512,27792,314067
202410,'415,英領南極地域,-,0,-,271
202410,'501,モロッコ,3385442,39074338,2503421,38119576
202410,'502,セウタ及びメリリア（西）,-,83412,1499,35543
202410,'503,アルジェリア,5084430,16516581,955,13948718
202410,'504,チュニジア,2039084,10354697,1030530,16979931
202410,'505,リビア,736971,6282253,2562,6547
202410,'506,エジプト,7699218,90082014,746307,9443787
202410,'507,スーダン,630604,6520258,167996,1472860
202410,'508,西サハラ,-,24793,-,510
202410,'509,モーリタニア,447599,3289409,4956204,12220061
202410,'510,セネガル,584999,7409252,658083,4408431
202410,'511,ガンビア,6183,271991,-,0
202410,'512,ギニア・ビサウ,-,80889,17680,131665
202410,'513,ギニア,233662,1165543,227963,1348424
202410,'514,シエラレオネ,47121,765354,77671,5895436
202410,'515,リベリア,32995564,239475609,-,7948945
202410,'516,コートジボワール,721239,6764162,1938858,5490192
202410,'517,ガーナ,1620059,14583961,3484297,27374401
202410,'518,トーゴ,397475,3829089,338002,3705877
202410,'519,ベナン,23184,401912,338,2541
202410,'520,マリ,133739,1221164,11660,563776
202410,'521,ブルキナファソ,36800,1276224,583611,4984476
202410,'522,カーボベルデ,98138,876618,-,0
202410,'523,カナリー諸島（西）,690867,4500609,-,15269
202410,'524,ナイジェリア,4587977,37550335,10572273,109912768
202410,'525,ニジェール,3125,195343,136388,2151971
202410,'526,ルワンダ,63032,714520,98370,545023
202410,'527,カメルーン,490696,4357691,195093,6299358
202410,'528,チャド,2789,380231,6859,38500
202410,'529,中央アフリカ,4412,41453,597,129517
202410,'530,赤道ギニア,13500,61883,5969120,30138339
202410,'531,ガボン,109915,2768897,864585,9570284
202410,'532,コンゴ共和国,24928,192442,841,244316
202410,'533,コンゴ民主共和国,1861565,20847612,318374,3225817
202410,'534,ブルンジ,200054,1651224,17260,196506
202410,'535,アンゴラ,410344,7085788,650,372453
202410,'536,サントメ・プリンシペ,15038,1585143,-,1152
202410,'537,セントヘレナ及びその附属諸島（英）,631,1302,1660,446084
202410,'538,エチオピア,433701,5003261,2339880,16433720
202410,'539,ジブチ,804081,5486397,-,18862
202410,'540,ソマリア,144307,427286,248354,895128
202410,'541,ケニア,11714761,119042143,684515,8965946
202410,'542,ウガンダ,3917161,28950912,224681,2682580
202410,'543,タンザニア,6416739,59611460,1978105,13917786
202410,'544,セーシェル,118465,962025,405515,7906088
202410,'545,モザンビーク,1302781,16238254,937487,11078777
202410,'546,マダガスカル,134595,2072154,345956,26566611
202410,'547,モーリシャス,3923231,28212678,97052,1209793
202410,'548,レユニオン（仏）,201463,3133696,5528,200111
202410,'549,ジンバブエ,859100,7646823,362967,2252633
202410,'550,ナミビア,344503,3974370,41432,684943
202410,'551,南アフリカ共和国,24615873,259919821,75962911,710489896
202410,'552,レソト,130853,1217180,-,30867
202410,'553,マラウイ,245310,2659951,119695,1547411
202410,'554,ザンビア,1173414,11824912,82748,1397955
202410,'555,ボツワナ,344736,2369022,54979,1150750
202410,'556,エスワティニ,149874,930262,27401,274920
202410,'558,コモロ,33162,1615634,1295,28226
202410,'559,エリトリア,20951,30731,264,2102
202410,'560,南スーダン,414086,4074748,-,1379781
202410,'601,オーストラリア,218366249,1980350288,624423595,6674071792
202410,'602,パプアニューギニア,3390231,28642754,41385645,371052541
202410,'605,その他のオーストラリア領,23598,142582,-,4946
202410,'606,ニュージーランド,32466359,281488406,32694567,342483709
202410,'607,クック,16750,420019,108210,1640443
202410,'608,トケラウ諸島（ニュージーランド）,-,0,2338,2605
202410,'609,ニウエ,254,43354,-,2378
202410,'610,サモア,313302,2312773,-,7326
202410,'611,バヌアツ,214005,1997386,485952,4668851
202410,'612,フィジー,1395186,10451913,661705,3001883
202410,'613,ソロモン,324154,2053335,4596,80823
202410,'614,トンガ,137733,2337119,4165,19833
202410,'615,キリバス,51974,3121242,91246,562667
202410,'616,ピットケルン（英）,-,0,-,3087
202410,'617,ナウル,28504,95548,18412,79560
202410,'618,ニューカレドニア（仏）,289909,3438679,2253297,13401766
202410,'619,仏領ポリネシア,203662,2734292,547724,10631032
202410,'620,グアム（米）,1549244,14247614,6038,477402
202410,'621,米領サモア,43016,314187,8141,18886
202410,'622,米領オセアニア,-,0,454,11135
202410,'624,ツバル,8252,74529,-,6574
202410,'625,マーシャル,14323219,172449428,45948,2805509
202410,'626,ミクロネシア,262370,1891862,114576,854591
202410,'627,北マリアナ諸島（米）,230824,1236316,576,790
202410,'628,パラオ,244315,2650597,713,9818
202410,'702,不明,-,0,43283,415600
202411,'103,大韓民国,595737933,6375823273,407210099,4330563243
202411,'105,中華人民共和国,1661851175,17147120762,2345515226,23164422469
202411,'106,台湾,605581993,6210789198,382747519,4218309547
202411,'107,モンゴル,15345057,155388574,168793,3226674
202411,'108,香港,546092179,4956099768,12338424,241891548
202411,'110,ベトナム,219344233,2340038666,336069306,3703202392
202411,'111,タイ,338206942,3673531149,304189731,3444366458
202411,'112,シンガポール,293722174,2717353561,92025683,1053433557
202411,'113,マレーシア,170779786,1937263622,226380115,2617677054
202411,'116,ブルネイ,510916,7942177,19640775,272014366
202411,'117,フィリピン,134998107,1377128670,122325771,1312589418
202411,'118,インドネシア,174203533,1794493357,249077187,3239256798
202411,'120,カンボジア,7506267,77580969,25808554,295526381
202411,'121,ラオス,1230176,13226394,1766522,22056857
202411,'122,ミャンマー,4489389,42251624,16318732,197614947
202411,'123,インド,195156679,2376568239,82565922,888481653
202411,'124,パキスタン,17400298,181540824,3748957,33200515
202411,'125,スリランカ,3138783,31277000,3138821,35943072
202411,'126,モルディブ,376168,5716416,36651,309564
202411,'127,バングラデシュ,18304554,207772203,18761543,213300352
202411,'128,東ティモール,161936,2460543,121985,218355
202411,'129,マカオ,6349507,57627258,111669,1630832
202411,'130,アフガニスタン,113670,1008426,321,175995
202411,'131,ネパール,368380,2965418,151544,2223663
202411,'132,ブータン,206585,599289,-,97828
202411,'133,イラン,1133629,11796787,333252,3961914
202411,'134,イラク,10942208,121504017,5319,2370322
202411,'135,バーレーン,8799057,81179771,7862002,60539115
202411,'137,サウジアラビア,108595637,822136495,337228111,4068017059
202411,'138,クウェート,24530995,245007012,94493056,1017062136
202411,'140,カタール,17257894,221711631,92528681,982204015
202411,'141,オマーン,23153187,184702535,26762266,338858302
202411,'143,イスラエル,20404481,194818757,20971082,196358026
202411,'144,ヨルダン,10193236,66667820,1982047,9147069
202411,'145,シリア,235475,541118,1021,55740
202411,'146,レバノン,2207595,45437468,16495,841851
202411,'147,アラブ首長国連邦,239672568,1702835235,370012402,5047545937
202411,'149,イエメン,3891099,37305195,24735,514973
202411,'150,アゼルバイジャン,1452089,9650662,197048,2056368
202411,'151,アルメニア,116951,3105019,737963,5938428
202411,'152,ウズベキスタン,3519328,63217596,243832,2596368
202411,'153,カザフスタン,8368300,132289189,7584825,97800946
202411,'154,キルギス,843711,5397369,3344,255836
202411,'155,タジキスタン,197341,2100433,32503,102649
202411,'156,トルクメニスタン,708183,5152482,-,30692
202411,'157,ジョージア,7486858,81182636,157550,2169903
202411,'158,ヨルダン川西岸及びガザ,-,254988,345,56134
202411,'201,アイスランド,731939,8172322,1844652,20333959
202411,'202,ノルウェー,12191694,135747202,16700207,163350791
202411,'203,スウェーデン,14562479,206806068,31262860,421161237
202411,'204,デンマーク,7099205,80475813,20949964,277249530
202411,'205,英国,148086435,1507310373,101302241,1116955364
202411,'206,アイルランド,18357617,210862392,81802847,832289054
202411,'207,オランダ,120265684,1567175165,46372995,472921823
202411,'208,ベルギー,73790525,793693147,30628925,481691415
202411,'209,ルクセンブルク,2904831,53702203,939603,8382126
202411,'210,フランス,71791039,902152546,119858668,1549908155
202411,'211,モナコ,1410,359899,56134,300940
202411,'212,アンドラ,1100,47518,983,5631
202411,'213,ドイツ,197225741,2376341974,282176556,2987551269
202411,'215,スイス,78692144,806730269,100153761,1150413469
202411,'217,ポルトガル,5452496,72642657,12934343,87466562
202411,'218,スペイン,38665824,429908464,51454452,535485227
202411,'219,ジブラルタル（英）,974239,17892839,1088,5477
202411,'220,イタリア,60117398,697862635,157027033,1724895663
202411,'221,マルタ,1716280,15881579,1119260,20714098
202411,'222,フィンランド,3975288,52054753,15001923,189367225
202411,'223,ポーランド,58330799,559520773,13661563,166403920
202411,'224,ロシア,24724066,303614097,75254960,781530697
202411,'225,オーストリア,15166222,180645523,21675633,287903366
202411,'227,ハンガリー,12994854,183611303,20460329,170119208
202411,'228,セルビア,634614,8120001,2574207,40146597
202411,'229,アルバニア,35127,462463,185392,3052759
202411,'230,ギリシャ,3434767,46112746,7433561,80191880
202411,'231,ルーマニア,5772294,68932077,13614297,158068437
202411,'232,ブルガリア,1308786,16035733,1711771,17688143
202411,'233,キプロス,8115825,74054911,1849,334086
202411,'234,トルコ,38807593,484709077,10528042,139085786
202411,'235,エストニア,2230975,31148593,1173361,16186154
202411,'236,ラトビア,466851,4420040,870819,12004520
202411,'237,リトアニア,641246,8978412,1757650,20222694
202411,'238,ウクライナ,4824137,62633583,713845,10312786
202411,'239,ベラルーシ,158653,1344424,175423,457978
202411,'240,モルドバ,1211819,2106812,496113,6137869
202411,'241,クロアチア,912168,9168969,148535,6953791
202411,'242,スロベニア,2783134,29619672,9422555,94559710
202411,'243,ボスニア・ヘルツェゴビナ,24513,502503,125368,1795647
202411,'244,北マケドニア,90599,1363060,148848,1517092
202411,'245,チェコ,24414819,313094117,15429715,242898492
202411,'246,スロバキア,1388105,22113423,7114636,79967943
202411,'247,モンテネグロ,76946,548295,3431,25349
202411,'248,コソボ,23044,99802,2074,15367
202411,'249,フェロー諸島（デンマーク）,-,444,100790,1093610
202411,'301,グリーンランド（デンマーク）,2561,6387,1125903,10568687
202411,'302,カナダ,111361672,1551339191,151602456,1792369448
202411,'304,アメリカ合衆国,1670217017,19257387424,1005622766,11659205882
202411,'305,メキシコ,139907717,1696758218,69082474,823604211
202411,'306,グアテマラ,6810537,66346142,1914094,23457208
202411,'307,ホンジュラス,2089254,20100918,692737,9266138
202411,'308,ベリーズ,111650,2688753,58282,604599
202411,'309,エルサルバドル,1532344,21361362,183618,2491544
202411,'310,ニカラグア,2381651,21623189,405593,3630054
202411,'311,コスタリカ,7310926,81485044,8409260,78007378
202411,'312,パナマ,81605539,660848460,380927,42726367
202411,'314,バーミュダ（英）,290732,1671164,-,1264
202411,'315,バハマ,853552,37291686,-,189790
202411,'316,ジャマイカ,5238992,48353869,225611,2983773
202411,'317,タークス及びカイコス諸島（英）,285152,1934372,212,830
202411,'319,バルバドス,1100485,15680816,3211,67732
202411,'320,トリニダード・トバゴ,3339022,33267221,966503,19629950
202411,'321,キューバ,56979,1706578,519366,1994120
202411,'322,ハイチ,45339,410270,15248,336013
202411,'323,ドミニカ共和国,5175840,49861304,1247780,16372184
202411,'324,プエルトリコ（米）,11999927,116750254,16953291,192437226
202411,'325,米領バージン諸島,22062,191585,478,4469
202411,'326,蘭領アンティール,502200,4503795,508,13445
202411,'327,仏領西インド諸島,231137,4577067,-,30279
202411,'328,ケイマン諸島（英）,368517,2806310,95672,100654
202411,'329,グレナダ,379097,2992428,-,0
202411,'330,セントルシア,420404,3312054,-,2038
202411,'331,アンティグア・バーブーダ,353023,2661355,983,2527
202411,'332,英領バージン諸島,69557,445964,334,334
202411,'333,ドミニカ,124373,871308,5152,76067
202411,'334,モントセラト（英）,12888,87621,-,2595
202411,'335,セントクリストファー・ネービス,129781,1182795,-,0
202411,'336,セントビンセント,309720,1856029,-,0
202411,'337,英領アンギラ,46315,375876,-,360
202411,'338,サン・バルテルミー島（仏）,43341,198524,2191,2872
202411,'401,コロンビア,12057405,143422465,7353924,99139629
202411,'402,ベネズエラ,1090808,9928761,171963,2252746
202411,'403,ガイアナ,3100184,24902760,7214,725441
202411,'404,スリナム,1323185,9280143,45366,628369
202411,'405,仏領ギアナ,20773,529473,-,1371
202411,'406,エクアドル,6261202,55211937,16712596,175107928
202411,'407,ペルー,10683066,109295564,13531267,467463054
202411,'408,ボリビア,1233956,11757356,2693206,42078911
202411,'409,チリ,19938819,224390870,108449524,1140397972
202411,'410,ブラジル,58877609,636096731,139972834,1344717459
202411,'411,パラグアイ,1287229,15093507,656600,6748973
202411,'412,ウルグアイ,680896,9033438,1297168,10712086
202411,'413,アルゼンチン,12307732,130122290,7624188,70004289
202411,'414,フォークランド諸島及びその附属諸島（英）,-,1512,15976,330043
202411,'415,英領南極地域,-,0,-,271
202411,'501,モロッコ,3548301,42622639,4815874,42935450
202411,'502,セウタ及びメリリア（西）,-,83412,978,36521
202411,'503,アルジェリア,1328145,17844726,-,13948718
202411,'504,チュニジア,1917186,12271883,848317,17828248
202411,'505,リビア,617015,6899268,-,6547
202411,'506,エジプト,8301788,98383802,649431,10093218
202411,'507,スーダン,502057,7022315,28143,1501003
202411,'508,西サハラ,-,24793,-,510
202411,'509,モーリタニア,197471,3486880,3772621,15992682
202411,'510,セネガル,615496,8024748,476196,4884627
202411,'511,ガンビア,79956,351947,-,0
202411,'512,ギニア・ビサウ,3099,83988,50820,182485
202411,'513,ギニア,131624,1297167,132657,1481081
202411,'514,シエラレオネ,269229,1034583,29066,5924502
202411,'515,リベリア,956276,240431885,82214,8031159
202411,'516,コートジボワール,370221,7134383,887695,6377887
202411,'517,ガーナ,1905219,16489180,3652489,31026890
202411,'518,トーゴ,413649,4242738,284317,3990194
202411,'519,ベナン,35520,437432,-,2541
202411,'520,マリ,140856,1362020,245,564021
202411,'521,ブルキナファソ,146251,1422475,750899,5735375
202411,'522,カーボベルデ,17177,893795,-,0
202411,'523,カナリー諸島（西）,305951,4806560,316,15585
202411,'524,ナイジェリア,3065586,40615921,6813124,116725892
202411,'525,ニジェール,51413,246756,211875,2363846
202411,'526,ルワンダ,72838,787358,100412,645435
202411,'527,カメルーン,326839,4684530,126023,6425381
202411,'528,チャド,25236,405467,-,38500
202411,'529,中央アフリカ,-,41453,9777,139294
202411,'530,赤道ギニア,569,62452,-,30138339
202411,'531,ガボン,365651,3134548,1447616,11017900
202411,'532,コンゴ共和国,20622,213064,-,244316
202411,'533,コンゴ民主共和国,2157798,23005410,14905,3240722
202411,'534,ブルンジ,324276,1975500,-,196506
202411,'535,アンゴラ,276673,7362461,7668,380121
202411,'536,サントメ・プリンシペ,3725,1588868,924,2076
202411,'537,セントヘレナ及びその附属諸島（英）,-,1302,18375,464459
202411,'538,エチオピア,1624774,6628035,1966264,18399984
202411,'539,ジブチ,2931712,8418109,-,18862
202411,'540,ソマリア,21518,448804,53573,948701
202411,'541,ケニア,16400294,135442437,1011560,9977506
202411,'542,ウガンダ,4198143,33149055,358484,3041064
202411,'543,タンザニア,9211878,68823338,1776046,15693832
202411,'544,セーシェル,81491,1043516,182342,8088430
202411,'545,モザンビーク,1105911,17344165,3197229,14276006
202411,'546,マダガスカル,160052,2232206,1222258,27788869
202411,'547,モーリシャス,3027819,31240497,72364,1282157
202411,'548,レユニオン（仏）,380436,3514132,-,200111
202411,'549,ジンバブエ,1080107,8726930,263978,2516611
202411,'550,ナミビア,278383,4252753,88202,773145
202411,'551,南アフリカ共和国,28535163,288454984,80457597,790947493
202411,'552,レソト,111556,1328736,1368,32235
202411,'553,マラウイ,390509,3050460,161538,1708949
202411,'554,ザンビア,1615370,13440282,61772,1459727
202411,'555,ボツワナ,284275,2653297,265713,1416463
202411,'556,エスワティニ,44132,974394,76165,351085
202411,'558,コモロ,70000,1685634,10884,39110
202411,'559,エリトリア,-,30731,321,2423
202411,'560,南スーダン,353365,4428113,-,1379781
202411,'601,オーストラリア,238425179,2218775467,651949045,7326020837
202411,'602,パプアニューギニア,2631658,31274412,28720401,399772942
202411,'605,その他のオーストラリア領,-,142582,380,5326
202411,'606,ニュージーランド,38603113,320091519,24783590,367267299
202411,'607,クック,19546,439565,226452,1866895
202411,'608,トケラウ諸島（ニュージーランド）,-,0,-,2605
202411,'609,ニウエ,300,43654,736,3114
202411,'610,サモア,301781,2614554,520,7846
202411,'611,バヌアツ,77350,2074736,696933,5365784
202411,'612,フィジー,1470435,11922348,20459,3022342
202411,'613,ソロモン,243234,2296569,2583,83406
202411,'614,トンガ,207047,2544166,-,19833
202411,'615,キリバス,208897,3330139,98735,661402
202411,'616,ピットケルン（英）,-,0,-,3087
202411,'617,ナウル,7348,102896,15179,94739
202411,'618,ニューカレドニア（仏）,144300,3582979,3074853,16476619
202411,'619,仏領ポリネシア,254464,2988756,716644,11347676
202411,'620,グアム（米）,1176877,15424491,-,477402
202411,'621,米領サモア,40241,354428,429,19315
202411,'622,米領オセアニア,-,0,579,11714
202411,'624,ツバル,4851,79380,-,6574
202411,'625,マーシャル,13549594,185999022,21864,2827373
202411,'626,ミクロネシア,189447,2081309,148357,1002948
202411,'627,北マリアナ諸島（米）,195386,1431702,-,790
202411,'628,パラオ,197273,2847870,35140,44958
202411,'702,不明,-,0,41267,456867
202412,'103,大韓民国,649469636,7025292909,430965616,4761528859
202412,'105,中華人民共和国,1715337444,18862458206,2148772188,25313194657
202412,'106,台湾,657109130,6867898328,405199050,4623508597
202412,'107,モンゴル,13254668,168643242,303640,3530314
202412,'108,香港,484110045,5440209813,34028572,275920120
202412,'110,ベトナム,245143049,2585181715,350197372,4053399764
202412,'111,タイ,348368926,4021900075,293973233,3738339691
202412,'112,シンガポール,287581519,3004935080,103737315,1157170872
202412,'113,マレーシア,171254466,2108518088,267103536,2884780590
202412,'116,ブルネイ,685816,8627993,8811007,280825373
202412,'117,フィリピン,133117502,1510246172,122368834,1434958252
202412,'118,インドネシア,170761464,1965254821,301878789,3541135587
202412,'120,カンボジア,9957111,87538080,25700207,321226588
202412,'121,ラオス,1535328,14761722,2089933,24146790
202412,'122,ミャンマー,4701280,46952904,13053598,210668545
202412,'123,インド,228093575,2604661814,85615711,974097364
202412,'124,パキスタン,24457394,205998218,2920851,36121366
202412,'125,スリランカ,3109810,34386810,3238489,39181561
202412,'126,モルディブ,395045,6111461,40996,350560
202412,'127,バングラデシュ,20426626,228198829,18061774,231362126
202412,'128,東ティモール,149408,2609951,27360,245715
202412,'129,マカオ,5446985,63074243,127576,1758408
202412,'130,アフガニスタン,101562,1109988,4672,180667
202412,'131,ネパール,274570,3239988,178233,2401896
202412,'132,ブータン,165999,765288,12203,110031
202412,'133,イラン,1590356,13387143,415893,4377807
202412,'134,イラク,14297075,135801092,243162,2613484
202412,'135,バーレーン,10021510,91201281,3724846,64263961
202412,'137,サウジアラビア,95633284,917769779,448040250,4516057309
202412,'138,クウェート,31040968,276047980,100712217,1117774353
202412,'140,カタール,26460060,248171691,94318968,1076522983
202412,'141,オマーン,19046561,203749096,46582477,385440779
202412,'143,イスラエル,20438761,215257518,21944356,218302382
202412,'144,ヨルダン,7226105,73893925,1107031,10254100
202412,'145,シリア,48233,589351,13713,69453
202412,'146,レバノン,2606543,48044011,179076,1020927
202412,'147,アラブ首長国連邦,223423761,1926258996,530052316,5577598253
202412,'149,イエメン,4077206,41382401,69012,583985
202412,'150,アゼルバイジャン,353560,10004222,229964,2286332
202412,'151,アルメニア,302979,3407998,725738,6664166
202412,'152,ウズベキスタン,3043536,66261132,117745,2714113
202412,'153,カザフスタン,7217187,139506376,9787049,107587995
202412,'154,キルギス,1351277,6748646,15731,271567
202412,'155,タジキスタン,56981,2157414,34795,137444
202412,'156,トルクメニスタン,437637,5590119,-,30692
202412,'157,ジョージア,3221445,84404081,87114,2257017
202412,'158,ヨルダン川西岸及びガザ,14428,269416,588,56722
202412,'201,アイスランド,556081,8728403,1616239,21950198
202412,'202,ノルウェー,7018547,142765749,24317620,187668411
202412,'203,スウェーデン,19181992,225988060,37531298,458692535
202412,'204,デンマーク,7697410,88173223,22402229,299651759
202412,'205,英国,194402059,1701712432,93801519,1210756883
202412,'206,アイルランド,19334516,230196908,64146705,896435759
202412,'207,オランダ,174804038,1741979203,86657299,559579122
202412,'208,ベルギー,89313849,883006996,26458648,508150063
202412,'209,ルクセンブルク,6766540,60468743,786157,9168283
202412,'210,フランス,100634022,1002786568,153086753,1702994908
202412,'211,モナコ,112606,472505,11452,312392
202412,'212,アンドラ,7636,55154,232,5863
202412,'213,ドイツ,253560577,2629902551,261309684,3248860953
202412,'215,スイス,94521649,901251918,98911209,1249324678
202412,'217,ポルトガル,7514470,80157127,12877575,100344137
202412,'218,スペイン,42627677,472536141,46067640,581552867
202412,'219,ジブラルタル（英）,1166332,19059171,-,5477
202412,'220,イタリア,66870827,764733462,141134334,1866029997
202412,'221,マルタ,1459599,17341178,3162969,23877067
202412,'222,フィンランド,5550376,57605129,15425118,204792343
202412,'223,ポーランド,59918922,619439695,17459020,183862940
202412,'224,ロシア,24048170,327662267,78463449,859994146
202412,'225,オーストリア,15307004,195952527,39703163,327606529
202412,'227,ハンガリー,19872458,203483761,19261124,189380332
202412,'228,セルビア,515854,8635855,4936323,45082920
202412,'229,アルバニア,49665,512128,203223,3255982
202412,'230,ギリシャ,4835240,50947986,9591270,89783150
202412,'231,ルーマニア,7625680,76557757,24018536,182086973
202412,'232,ブルガリア,1216168,17251901,1715227,19403370
202412,'233,キプロス,8941362,82996273,31493,365579
202412,'234,トルコ,37782333,522491410,11675058,150760844
202412,'235,エストニア,3074901,34223494,1982425,18168579
202412,'236,ラトビア,617124,5037164,1036650,13041170
202412,'237,リトアニア,729192,9707604,2020524,22243218
202412,'238,ウクライナ,3388389,66021972,1450097,11762883
202412,'239,ベラルーシ,122540,1466964,103623,561601
202412,'240,モルドバ,265647,2372459,521802,6659671
202412,'241,クロアチア,1361398,10530367,201566,7155357
202412,'242,スロベニア,3486440,33106112,9493262,104052972
202412,'243,ボスニア・ヘルツェゴビナ,45111,547614,150459,1946106
202412,'244,北マケドニア,138133,1501193,160038,1677130
202412,'245,チェコ,35827682,348921799,17080317,259978809
202412,'246,スロバキア,1524835,23638258,6252715,86220658
202412,'247,モンテネグロ,44303,592598,4116,29465
202412,'248,コソボ,36597,136399,1590,16957
202412,'249,フェロー諸島（デンマーク）,1001,1445,174698,1268308
202412,'250,バチカン,3877,3877,-,0
202412,'301,グリーンランド（デンマーク）,-,6387,1053632,11622319
202412,'302,カナダ,138043977,1689383168,186660421,1979029869
202412,'304,アメリカ合衆国,2037390361,21294777785,1026060336,12685266218
202412,'305,メキシコ,161383059,1858141277,72050607,895654818
202412,'306,グアテマラ,7642649,73988791,1172416,24629624
202412,'307,ホンジュラス,2193445,22294363,453871,9720009
202412,'308,ベリーズ,129046,2817799,30249,634848
202412,'309,エルサルバドル,3085937,24447299,158257,2649801
202412,'310,ニカラグア,3232918,24856107,358606,3988660
202412,'311,コスタリカ,7081292,88566336,8338137,86345515
202412,'312,パナマ,41039814,701888274,179904,42906271
202412,'314,バーミュダ（英）,82313,1753477,-,1264
202412,'315,バハマ,5551788,42843474,413,190203
202412,'316,ジャマイカ,5058500,53412369,92255,3076028
202412,'317,タークス及びカイコス諸島（英）,217137,2151509,-,830
202412,'319,バルバドス,868285,16549101,-,67732
202412,'320,トリニダード・トバゴ,2706660,35973881,1076840,20706790
202412,'321,キューバ,80477,1787055,33301,2027421
202412,'322,ハイチ,61101,471371,27095,363108
202412,'323,ドミニカ共和国,4628799,54490103,1900733,18272917
202412,'324,プエルトリコ（米）,9624634,126374888,12892683,205329909
202412,'325,米領バージン諸島,29474,221059,317,4786
202412,'326,蘭領アンティール,577583,5081378,-,13445
202412,'327,仏領西インド諸島,207760,4784827,794,31073
202412,'328,ケイマン諸島（英）,230425,3036735,-,100654
202412,'329,グレナダ,357303,3349731,-,0
202412,'330,セントルシア,224388,3536442,3279,5317
202412,'331,アンティグア・バーブーダ,221367,2882722,-,2527
202412,'332,英領バージン諸島,45861,491825,-,334
202412,'333,ドミニカ,58324,929632,13891,89958
202412,'334,モントセラト（英）,16647,104268,-,2595
202412,'335,セントクリストファー・ネービス,107555,1290350,-,0
202412,'336,セントビンセント,205807,2061836,-,0
202412,'337,英領アンギラ,27800,403676,246,606
202412,'338,サン・バルテルミー島（仏）,94754,293278,-,2872
202412,'401,コロンビア,12633964,156056429,7328029,106467658
202412,'402,ベネズエラ,614438,10543199,99704,2352450
202412,'403,ガイアナ,2966607,27869367,14163,739604
202412,'404,スリナム,1202357,10482500,51060,679429
202412,'405,仏領ギアナ,92883,622356,-,1371
202412,'406,エクアドル,3338180,58550117,14129843,189237771
202412,'407,ペルー,9124165,118419729,40360760,507823814
202412,'408,ボリビア,1199609,12956965,4863395,46942306
202412,'409,チリ,25350222,249741092,132839546,1273237518
202412,'410,ブラジル,66306002,702402733,136438531,1481155990
202412,'411,パラグアイ,1743512,16837019,336959,7085932
202412,'412,ウルグアイ,1070630,10104068,1012942,11725028
202412,'413,アルゼンチン,12093657,142215947,5996159,76000448
202412,'414,フォークランド諸島及びその附属諸島（英）,-,1512,16297,346340
202412,'415,英領南極地域,-,0,-,271
202412,'501,モロッコ,4383085,47005724,6574503,49509953
202412,'502,セウタ及びメリリア（西）,-,83412,838,37359
202412,'503,アルジェリア,3052193,20896919,-,13948718
202412,'504,チュニジア,839423,13111306,2600977,20429225
202412,'505,リビア,755104,7654372,-,6547
202412,'506,エジプト,11717200,110101002,839478,10932696
202412,'507,スーダン,544853,7567168,232917,1733920
202412,'508,西サハラ,-,24793,562259,562769
202412,'509,モーリタニア,295392,3782272,3766360,19759042
202412,'510,セネガル,1077915,9102663,384542,5269169
202412,'511,ガンビア,33942,385889,955,955
202412,'512,ギニア・ビサウ,12714,96702,-,182485
202412,'513,ギニア,165206,1462373,72078,1553159
202412,'514,シエラレオネ,26352,1060935,596012,6520514
202412,'515,リベリア,11986674,252418559,29336,8060495
202412,'516,コートジボワール,641521,7775904,1900747,8278634
202412,'517,ガーナ,1738572,18227752,1545048,32571938
202412,'518,トーゴ,435963,4678701,188779,4178973
202412,'519,ベナン,91765,529197,955,3496
202412,'520,マリ,101963,1463983,875,564896
202412,'521,ブルキナファソ,33500,1455975,368565,6103940
202412,'522,カーボベルデ,112342,1006137,-,0
202412,'523,カナリー諸島（西）,438949,5245509,3008,18593
202412,'524,ナイジェリア,8347508,48963429,5061375,121787267
202412,'525,ニジェール,290203,536959,189980,2553826
202412,'526,ルワンダ,172786,960144,240849,886284
202412,'527,カメルーン,337426,5021956,131069,6556450
202412,'528,チャド,46391,451858,-,38500
202412,'529,中央アフリカ,8681,50134,-,139294
202412,'530,赤道ギニア,879,63331,-,30138339
202412,'531,ガボン,183690,3318238,240987,11258887
202412,'532,コンゴ共和国,9815,222879,232,244548
202412,'533,コンゴ民主共和国,1722120,24727530,6676,3247398
202412,'534,ブルンジ,157059,2132559,94683,291189
202412,'535,アンゴラ,675750,8038211,9820,389941
202412,'536,サントメ・プリンシペ,8000,1596868,219,2295
202412,'537,セントヘレナ及びその附属諸島（英）,-,1302,108428,572887
202412,'538,エチオピア,1191165,7819200,1232637,19632621
202412,'539,ジブチ,1034573,9452682,844,19706
202412,'540,ソマリア,24177,472981,87170,1035871
202412,'541,ケニア,17655291,153097728,2544454,12521960
202412,'542,ウガンダ,4684700,37833755,221819,3262883
202412,'543,タンザニア,7675487,76498825,2079714,17773546
202412,'544,セーシェル,121257,1164773,175579,8264009
202412,'545,モザンビーク,1231560,18575725,981050,15257056
202412,'546,マダガスカル,318833,2551039,2436767,30225636
202412,'547,モーリシャス,2786131,34026628,70500,1352657
202412,'548,レユニオン（仏）,282275,3796407,-,200111
202412,'549,ジンバブエ,665440,9392370,216896,2733507
202412,'550,ナミビア,926696,5179449,149572,922717
202412,'551,南アフリカ共和国,29790672,318245656,95127133,886074626
202412,'552,レソト,156171,1484907,-,32235
202412,'553,マラウイ,570024,3620484,485222,2194171
202412,'554,ザンビア,1341289,14781571,72303,1532030
202412,'555,ボツワナ,277788,2931085,58019,1474482
202412,'556,エスワティニ,148322,1122716,23245,374330
202412,'558,コモロ,94663,1780297,6736,45846
202412,'559,エリトリア,-,30731,1031,3454
202412,'560,南スーダン,263925,4692038,1515,1381296
202412,'601,オーストラリア,200062402,2418837869,689501873,8015522710
202412,'602,パプアニューギニア,2858226,34132638,60664623,460437565
202412,'605,その他のオーストラリア領,14173,156755,-,5326
202412,'606,ニュージーランド,30017821,350109340,30192265,397459564
202412,'607,クック,57229,496794,59074,1925969
202412,'608,トケラウ諸島（ニュージーランド）,-,0,321,2926
202412,'609,ニウエ,-,43654,-,3114
202412,'610,サモア,176531,2791085,10541,18387
202412,'611,バヌアツ,126989,2201725,22925,5388709
202412,'612,フィジー,1480601,13402949,599515,3621857
202412,'613,ソロモン,115638,2412207,2810,86216
202412,'614,トンガ,71569,2615735,4654,24487
202412,'615,キリバス,67462,3397601,76729,738131
202412,'616,ピットケルン（英）,-,0,-,3087
202412,'617,ナウル,878111,981007,-,94739
202412,'618,ニューカレドニア（仏）,78843,3661822,2152102,18628721
202412,'619,仏領ポリネシア,54624,3043380,1004683,12352359
202412,'620,グアム（米）,1454331,16878822,12025,489427
202412,'621,米領サモア,14190,368618,-,19315
202412,'622,米領オセアニア,-,0,1164,12878
202412,'624,ツバル,3620,83000,-,6574
202412,'625,マーシャル,5892849,191891871,-,2827373
202412,'626,ミクロネシア,169962,2251271,17902,1020850
202412,'627,北マリアナ諸島（米）,178374,1610076,-,790
202412,'628,パラオ,134794,2982664,752,45710
202412,'702,不明,-,0,34245,491112
202501,'103,大韓民国,551347342,551347342,418473186,418473186
202501,'105,中華人民共和国,1174150426,1174150426,2619365595,2619365595
202501,'106,台湾,525107825,525107825,439525974,439525974
202501,'107,モンゴル,10289967,10289967,198432,198432
202501,'108,香港,398048595,398048595,15762018,15762018
202501,'110,ベトナム,176448292,176448292,443081705,443081705
202501,'111,タイ,310525310,310525310,335783603,335783603
202501,'112,シンガポール,287726369,287726369,118774323,118774323
202501,'113,マレーシア,160797138,160797138,328451939,328451939
202501,'116,ブルネイ,424911,424911,32180839,32180839
202501,'117,フィリピン,131902345,131902345,112878388,112878388
202501,'118,インドネシア,160252498,160252498,263889045,263889045
202501,'120,カンボジア,7150952,7150952,37726016,37726016
202501,'121,ラオス,843915,843915,2438839,2438839
202501,'122,ミャンマー,3422197,3422197,19796948,19796948
202501,'123,インド,193423580,193423580,116043461,116043461
202501,'124,パキスタン,15926098,15926098,3008065,3008065
202501,'125,スリランカ,2444365,2444365,2950394,2950394
202501,'126,モルディブ,221192,221192,1193,1193
202501,'127,バングラデシュ,26811440,26811440,23246335,23246335
202501,'128,東ティモール,150547,150547,24067,24067
202501,'129,マカオ,3340360,3340360,235775,235775
202501,'130,アフガニスタン,81434,81434,6800,6800
202501,'131,ネパール,334015,334015,214291,214291
202501,'132,ブータン,115383,115383,4706,4706
202501,'133,イラン,303617,303617,326387,326387
202501,'134,イラク,15066882,15066882,2295681,2295681
202501,'135,バーレーン,6595616,6595616,10903081,10903081
202501,'137,サウジアラビア,82536524,82536524,431534060,431534060
202501,'138,クウェート,24236362,24236362,101110234,101110234
202501,'140,カタール,19319500,19319500,108824582,108824582
202501,'141,オマーン,20385678,20385678,54458592,54458592
202501,'143,イスラエル,11611968,11611968,26530717,26530717
202501,'144,ヨルダン,6222172,6222172,908294,908294
202501,'145,シリア,14165,14165,-,0
202501,'146,レバノン,909280,909280,27533,27533
202501,'147,アラブ首長国連邦,187972000,187972000,476240906,476240906
202501,'149,イエメン,4691441,4691441,9223,9223
202501,'150,アゼルバイジャン,199289,199289,151180,151180
202501,'151,アルメニア,118843,118843,650600,650600
202501,'152,ウズベキスタン,3343818,3343818,304388,304388
202501,'153,カザフスタン,13424868,13424868,10575162,10575162
202501,'154,キルギス,528082,528082,7419,7419
202501,'155,タジキスタン,223389,223389,-,0
202501,'156,トルクメニスタン,360780,360780,-,0
202501,'157,ジョージア,1943535,1943535,70640,70640
202501,'158,ヨルダン川西岸及びガザ,16715,16715,-,0
202501,'201,アイスランド,691549,691549,1789799,1789799
202501,'202,ノルウェー,14294407,14294407,22458259,22458259
202501,'203,スウェーデン,14206118,14206118,46805851,46805851
202501,'204,デンマーク,7515849,7515849,29462246,29462246
202501,'205,英国,128989968,128989968,129918229,129918229
202501,'206,アイルランド,15278618,15278618,72888783,72888783
202501,'207,オランダ,110848674,110848674,73134307,73134307
202501,'208,ベルギー,56874404,56874404,32142554,32142554
202501,'209,ルクセンブルク,2938828,2938828,714757,714757
202501,'210,フランス,68219100,68219100,152089902,152089902
202501,'211,モナコ,955,955,36477,36477
202501,'212,アンドラ,18436,18436,-,0
202501,'213,ドイツ,174878691,174878691,263377783,263377783
202501,'215,スイス,89987306,89987306,96767500,96767500
202501,'217,ポルトガル,4893239,4893239,13501996,13501996
202501,'218,スペイン,31480476,31480476,46336971,46336971
202501,'219,ジブラルタル（英）,1943862,1943862,-,0
202501,'220,イタリア,53306516,53306516,167303178,167303178
202501,'221,マルタ,877118,877118,7680759,7680759
202501,'222,フィンランド,4983807,4983807,18946633,18946633
202501,'223,ポーランド,39320343,39320343,14703954,14703954
202501,'224,ロシア,16136239,16136239,76949843,76949843
202501,'225,オーストリア,14888522,14888522,31015396,31015396
202501,'227,ハンガリー,13096938,13096938,15432945,15432945
202501,'228,セルビア,617233,617233,3945290,3945290
202501,'229,アルバニア,36128,36128,100603,100603
202501,'230,ギリシャ,2073985,2073985,7992866,7992866
202501,'231,ルーマニア,3236365,3236365,19887165,19887165
202501,'232,ブルガリア,1484103,1484103,1371579,1371579
202501,'233,キプロス,3064754,3064754,37137,37137
202501,'234,トルコ,34594673,34594673,14197981,14197981
202501,'235,エストニア,3695106,3695106,1385770,1385770
202501,'236,ラトビア,473547,473547,1121214,1121214
202501,'237,リトアニア,514456,514456,1939754,1939754
202501,'238,ウクライナ,4491035,4491035,1520154,1520154
202501,'239,ベラルーシ,106074,106074,85145,85145
202501,'240,モルドバ,39013,39013,602547,602547
202501,'241,クロアチア,686023,686023,256787,256787
202501,'242,スロベニア,1830150,1830150,6581456,6581456
202501,'243,ボスニア・ヘルツェゴビナ,205557,205557,98491,98491
202501,'244,北マケドニア,120615,120615,162105,162105
202501,'245,チェコ,21732055,21732055,22214797,22214797
202501,'246,スロバキア,1245369,1245369,13033459,13033459
202501,'247,モンテネグロ,26389,26389,7758,7758
202501,'248,コソボ,22328,22328,1474,1474
202501,'249,フェロー諸島（デンマーク）,460,460,339851,339851
202501,'250,バチカン,-,0,950,950
202501,'301,グリーンランド（デンマーク）,24585,24585,1100112,1100112
202501,'302,カナダ,113091899,113091899,165775397,165775397
202501,'303,サンピエール及びミクロン（仏）,-,0,305,305
202501,'304,アメリカ合衆国,1539302665,1539302665,1062343741,1062343741
202501,'305,メキシコ,142521796,142521796,83672661,83672661
202501,'306,グアテマラ,6192569,6192569,591300,591300
202501,'307,ホンジュラス,1421738,1421738,679741,679741
202501,'308,ベリーズ,69602,69602,57639,57639
202501,'309,エルサルバドル,2369661,2369661,147169,147169
202501,'310,ニカラグア,1945180,1945180,285404,285404
202501,'311,コスタリカ,7034954,7034954,9197425,9197425
202501,'312,パナマ,99889297,99889297,245088,245088
202501,'314,バーミュダ（英）,113979,113979,610,610
202501,'315,バハマ,34612682,34612682,-,0
202501,'316,ジャマイカ,3124375,3124375,101603,101603
202501,'317,タークス及びカイコス諸島（英）,108126,108126,-,0
202501,'319,バルバドス,529757,529757,-,0
202501,'320,トリニダード・トバゴ,1991820,1991820,979272,979272
202501,'321,キューバ,75445,75445,89252,89252
202501,'322,ハイチ,104650,104650,39178,39178
202501,'323,ドミニカ共和国,4232538,4232538,1803617,1803617
202501,'324,プエルトリコ（米）,11892590,11892590,20511944,20511944
202501,'325,米領バージン諸島,20924,20924,-,0
202501,'326,蘭領アンティール,486351,486351,780,780
202501,'327,仏領西インド諸島,522631,522631,-,0
202501,'328,ケイマン諸島（英）,199060,199060,247,247
202501,'329,グレナダ,165099,165099,-,0
202501,'330,セントルシア,145847,145847,-,0
202501,'331,アンティグア・バーブーダ,106278,106278,-,0
202501,'332,英領バージン諸島,52613,52613,2804,2804
202501,'333,ドミニカ,77849,77849,13686,13686
202501,'334,モントセラト（英）,16231,16231,213,213
202501,'335,セントクリストファー・ネービス,79684,79684,-,0
202501,'336,セントビンセント,187539,187539,-,0
202501,'337,英領アンギラ,3781,3781,220,220
202501,'338,サン・バルテルミー島（仏）,7531,7531,-,0
202501,'401,コロンビア,13597315,13597315,7872069,7872069
202501,'402,ベネズエラ,998751,998751,550837,550837
202501,'403,ガイアナ,1740129,1740129,532299,532299
202501,'404,スリナム,850364,850364,68648,68648
202501,'405,仏領ギアナ,68965,68965,-,0
202501,'406,エクアドル,3213091,3213091,22614116,22614116
202501,'407,ペルー,10132053,10132053,52923266,52923266
202501,'408,ボリビア,1127136,1127136,9567689,9567689
202501,'409,チリ,16487026,16487026,140415857,140415857
202501,'410,ブラジル,49700386,49700386,127648539,127648539
202501,'411,パラグアイ,1106123,1106123,94561,94561
202501,'412,ウルグアイ,938530,938530,1123164,1123164
202501,'413,アルゼンチン,9645384,9645384,7884368,7884368
202501,'501,モロッコ,3421904,3421904,5068728,5068728
202501,'502,セウタ及びメリリア（西）,6959,6959,1648,1648
202501,'503,アルジェリア,958695,958695,-,0
202501,'504,チュニジア,624260,624260,1615748,1615748
202501,'505,リビア,1253472,1253472,800,800
202501,'506,エジプト,6341431,6341431,841454,841454
202501,'507,スーダン,481723,481723,126316,126316
202501,'508,西サハラ,9836,9836,-,0
202501,'509,モーリタニア,542744,542744,1228949,1228949
202501,'510,セネガル,1020047,1020047,908633,908633
202501,'511,ガンビア,43294,43294,-,0
202501,'512,ギニア・ビサウ,3941,3941,64697,64697
202501,'513,ギニア,75066,75066,180573,180573
202501,'514,シエラレオネ,18993,18993,409795,409795
202501,'515,リベリア,6205804,6205804,85354,85354
202501,'516,コートジボワール,351348,351348,1742001,1742001
202501,'517,ガーナ,1275504,1275504,2672243,2672243
202501,'518,トーゴ,354832,354832,235856,235856
202501,'519,ベナン,53870,53870,589,589
202501,'520,マリ,88874,88874,601,601
202501,'521,ブルキナファソ,63351,63351,91270,91270
202501,'522,カーボベルデ,122951,122951,-,0
202501,'523,カナリー諸島（西）,561996,561996,3282,3282
202501,'524,ナイジェリア,3839266,3839266,17646957,17646957
202501,'525,ニジェール,74505,74505,9811,9811
202501,'526,ルワンダ,13324,13324,41108,41108
202501,'527,カメルーン,482105,482105,116745,116745
202501,'528,チャド,582,582,-,0
202501,'529,中央アフリカ,18118,18118,79317,79317
202501,'530,赤道ギニア,2177,2177,-,0
202501,'531,ガボン,105565,105565,103419,103419
202501,'532,コンゴ共和国,14313,14313,-,0
202501,'533,コンゴ民主共和国,1368408,1368408,57806,57806
202501,'534,ブルンジ,89315,89315,31333,31333
202501,'535,アンゴラ,77247,77247,11609,11609
202501,'537,セントヘレナ及びその附属諸島（英）,-,0,19495,19495
202501,'538,エチオピア,604652,604652,1673038,1673038
202501,'539,ジブチ,737159,737159,940,940
202501,'540,ソマリア,38084,38084,178533,178533
202501,'541,ケニア,10224862,10224862,535991,535991
202501,'542,ウガンダ,1851575,1851575,407805,407805
202501,'543,タンザニア,4900225,4900225,2782929,2782929
202501,'544,セーシェル,49158,49158,1466248,1466248
202501,'545,モザンビーク,582389,582389,2976248,2976248
202501,'546,マダガスカル,72518,72518,506383,506383
202501,'547,モーリシャス,2473780,2473780,70318,70318
202501,'548,レユニオン（仏）,293335,293335,2726,2726
202501,'549,ジンバブエ,568196,568196,207980,207980
202501,'550,ナミビア,197889,197889,124909,124909
202501,'551,南アフリカ共和国,22671867,22671867,87094353,87094353
202501,'552,レソト,74904,74904,395,395
202501,'553,マラウイ,198813,198813,209015,209015
202501,'554,ザンビア,923510,923510,71573,71573
202501,'555,ボツワナ,161462,161462,33295,33295
202501,'556,エスワティニ,59794,59794,16267,16267
202501,'558,コモロ,73566,73566,21775,21775
202501,'559,エリトリア,5906,5906,702,702
202501,'560,南スーダン,197769,197769,-,0
202501,'601,オーストラリア,182893246,182893246,724646141,724646141
202501,'602,パプアニューギニア,2343134,2343134,50628657,50628657
202501,'605,その他のオーストラリア領,28579,28579,576,576
202501,'606,ニュージーランド,17967181,17967181,26166668,26166668
202501,'607,クック,49983,49983,75497,75497
202501,'608,トケラウ諸島（ニュージーランド）,-,0,4504,4504
202501,'609,ニウエ,212,212,1200,1200
202501,'610,サモア,104120,104120,-,0
202501,'611,バヌアツ,57041,57041,84568,84568
202501,'612,フィジー,810846,810846,94732,94732
202501,'613,ソロモン,194397,194397,-,0
202501,'614,トンガ,132213,132213,3478,3478
202501,'615,キリバス,58104,58104,117665,117665
202501,'617,ナウル,16222,16222,-,0
202501,'618,ニューカレドニア（仏）,220557,220557,1341039,1341039
202501,'619,仏領ポリネシア,259937,259937,236090,236090
202501,'620,グアム（米）,834539,834539,7324,7324
202501,'621,米領サモア,27075,27075,-,0
202501,'622,米領オセアニア,-,0,9850,9850
202501,'624,ツバル,19981,19981,-,0
202501,'625,マーシャル,11394403,11394403,1546,1546
202501,'626,ミクロネシア,225331,225331,9056,9056
202501,'627,北マリアナ諸島（米）,98819,98819,-,0
202501,'628,パラオ,578999,578999,2155,2155
202501,'702,不明,-,0,34732,34732
202502,'103,大韓民国,625347973,1176695315,366536153,785009339
202502,'105,中華人民共和国,1538026606,2712177032,1726026213,4345391808
202502,'106,台湾,643627602,1168735427,344346223,783872197
202502,'107,モンゴル,14758166,25048133,239754,438186
202502,'108,香港,451044478,849093073,8472088,24234106
202502,'110,ベトナム,231702640,408150932,320839235,763920940
202502,'111,タイ,339990618,650515928,311974370,647757973
202502,'112,シンガポール,276917293,564643662,81376801,200151124
202502,'113,マレーシア,170608642,331405780,240172104,568624043
202502,'116,ブルネイ,706415,1131326,44946247,77127086
202502,'117,フィリピン,134339674,266242019,131789800,244668188
202502,'118,インドネシア,170078754,330331252,235050418,498939463
202502,'120,カンボジア,7938337,15089289,35131192,72857208
202502,'121,ラオス,1274031,2117946,1960795,4399634
202502,'122,ミャンマー,3762441,7184638,20751259,40548207
202502,'123,インド,222139702,415563282,106036519,222079980
202502,'124,パキスタン,21148206,37074304,3163515,6171580
202502,'125,スリランカ,5429728,7874093,3048376,5998770
202502,'126,モルディブ,699278,920470,65961,67154
202502,'127,バングラデシュ,26106332,52917772,22578738,45825073
202502,'128,東ティモール,180072,330619,91900,115967
202502,'129,マカオ,4251216,7591576,62629,298404
202502,'130,アフガニスタン,79906,161340,15126,21926
202502,'131,ネパール,272428,606443,219136,433427
202502,'132,ブータン,25690,141073,243,4949
202502,'133,イラン,826324,1129941,273869,600256
202502,'134,イラク,19886687,34953569,-,2295681
202502,'135,バーレーン,7763443,14359059,9208991,20112072
202502,'137,サウジアラビア,82479465,165015989,387273564,818807624
202502,'138,クウェート,26036102,50272464,70133954,171244188
202502,'140,カタール,16381603,35701103,83027895,191852477
202502,'141,オマーン,18157282,38542960,25278783,79737375
202502,'143,イスラエル,16340217,27952185,25634992,52165709
202502,'144,ヨルダン,7977061,14199233,1066596,1974890
202502,'145,シリア,70194,84359,10924,10924
202502,'146,レバノン,2663714,3572994,104770,132303
202502,'147,アラブ首長国連邦,137339902,325311902,384117636,860358542
202502,'149,イエメン,4787410,9478851,24398,33621
202502,'150,アゼルバイジャン,846040,1045329,377768,528948
202502,'151,アルメニア,285691,404534,720186,1370786
202502,'152,ウズベキスタン,1593782,4937600,45323,349711
202502,'153,カザフスタン,9847066,23271934,7665555,18240717
202502,'154,キルギス,978755,1506837,3653,11072
202502,'155,タジキスタン,26644,250033,1427,1427
202502,'156,トルクメニスタン,628945,989725,74955,74955
202502,'157,ジョージア,5415799,7359334,104152,174792
202502,'158,ヨルダン川西岸及びガザ,-,16715,3866,3866
202502,'201,アイスランド,1026676,1718225,1768291,3558090
202502,'202,ノルウェー,13857510,28151917,14475876,36934135
202502,'203,スウェーデン,17994738,32200856,49881454,96687305
202502,'204,デンマーク,8598185,16114034,23604826,53067072
202502,'205,英国,138414908,267404876,121585137,251503366
202502,'206,アイルランド,16524254,31802872,97611875,170500658
202502,'207,オランダ,151054210,261902884,41941127,115075434
202502,'208,ベルギー,66076079,122950483,26106973,58249527
202502,'209,ルクセンブルク,5111186,8050014,917682,1632439
202502,'210,フランス,81407527,149626627,135706589,287796491
202502,'211,モナコ,1006,1961,35324,71801
202502,'212,アンドラ,4787,23223,-,0
202502,'213,ドイツ,207369769,382248460,302098209,565475992
202502,'215,スイス,69703519,159690825,95657412,192424912
202502,'217,ポルトガル,11024748,15917987,5988140,19490136
202502,'218,スペイン,38328506,69808982,53282597,99619568
202502,'219,ジブラルタル（英）,1752419,3696281,486,486
202502,'220,イタリア,58342192,111648708,149915488,317218666
202502,'221,マルタ,4140105,5017223,4285266,11966025
202502,'222,フィンランド,5662684,10646491,23074643,42021276
202502,'223,ポーランド,42631965,81952308,17879390,32583344
202502,'224,ロシア,17474474,33610713,73195945,150145788
202502,'225,オーストリア,17708979,32597501,18813835,49829231
202502,'227,ハンガリー,15265365,28362303,18153331,33586276
202502,'228,セルビア,989485,1606718,4157126,8102416
202502,'229,アルバニア,29306,65434,253445,354048
202502,'230,ギリシャ,5025330,7099315,9646198,17639064
202502,'231,ルーマニア,4270967,7507332,15950391,35837556
202502,'232,ブルガリア,2051743,3535846,1793412,3164991
202502,'233,キプロス,9811229,12875983,12392,49529
202502,'234,トルコ,44200029,78794702,12549810,26747791
202502,'235,エストニア,3359966,7055072,1733462,3119232
202502,'236,ラトビア,453975,927522,1302028,2423242
202502,'237,リトアニア,544539,1058995,1787348,3727102
202502,'238,ウクライナ,11193285,15684320,1481794,3001948
202502,'239,ベラルーシ,112702,218776,54086,139231
202502,'240,モルドバ,42965,81978,460533,1063080
202502,'241,クロアチア,721813,1407836,208646,465433
202502,'242,スロベニア,2545887,4376037,8659140,15240596
202502,'243,ボスニア・ヘルツェゴビナ,317861,523418,137137,235628
202502,'244,北マケドニア,116079,236694,136647,298752
202502,'245,チェコ,26319994,48052049,17683622,39898419
202502,'246,スロバキア,1908482,3153851,9139067,22172526
202502,'247,モンテネグロ,58451,84840,2187,9945
202502,'248,コソボ,12466,34794,-,1474
202502,'249,フェロー諸島（デンマーク）,-,460,159493,499344
202502,'250,バチカン,-,0,10916,11866
202502,'301,グリーンランド（デンマーク）,-,24585,667434,1767546
202502,'302,カナダ,174625834,287717733,164218228,329993625
202502,'303,サンピエール及びミクロン（仏）,-,0,-,305
202502,'304,アメリカ合衆国,1904738671,3444041336,987924895,2050268636
202502,'305,メキシコ,159709090,302230886,61353168,145025829
202502,'306,グアテマラ,6534023,12726592,809615,1400915
202502,'307,ホンジュラス,1991588,3413326,535457,1215198
202502,'308,ベリーズ,598020,667622,65023,122662
202502,'309,エルサルバドル,2369885,4739546,135941,283110
202502,'310,ニカラグア,2214737,4159917,112790,398194
202502,'311,コスタリカ,9300293,16335247,8996210,18193635
202502,'312,パナマ,57643805,157533102,1870159,2115247
202502,'314,バーミュダ（英）,118108,232087,646,1256
202502,'315,バハマ,779178,35391860,-,0
202502,'316,ジャマイカ,3403787,6528162,170930,272533
202502,'317,タークス及びカイコス諸島（英）,166701,274827,-,0
202502,'319,バルバドス,662267,1192024,8046,8046
202502,'320,トリニダード・トバゴ,2392454,4384274,297149,1276421
202502,'321,キューバ,59962,135407,93668,182920
202502,'322,ハイチ,26728,131378,18798,57976
202502,'323,ドミニカ共和国,4481571,8714109,1526342,3329959
202502,'324,プエルトリコ（米）,11660677,23553267,16281679,36793623
202502,'325,米領バージン諸島,7002,27926,459,459
202502,'326,蘭領アンティール,518458,1004809,-,780
202502,'327,仏領西インド諸島,490036,1012667,1276,1276
202502,'328,ケイマン諸島（英）,155091,354151,-,247
202502,'329,グレナダ,175965,341064,-,0
202502,'330,セントルシア,240247,386094,-,0
202502,'331,アンティグア・バーブーダ,195436,301714,-,0
202502,'332,英領バージン諸島,90013,142626,348,3152
202502,'333,ドミニカ,56089,133938,987,14673
202502,'334,モントセラト（英）,9053,25284,-,213
202502,'335,セントクリストファー・ネービス,73665,153349,-,0
202502,'336,セントビンセント,136886,324425,-,0
202502,'337,英領アンギラ,24519,28300,-,220
202502,'338,サン・バルテルミー島（仏）,3699,11230,-,0
202502,'401,コロンビア,16458448,30055763,5940126,13812195
202502,'402,ベネズエラ,1753841,2752592,858850,1409687
202502,'403,ガイアナ,1376166,3116295,2081,534380
202502,'404,スリナム,1079511,1929875,15455,84103
202502,'405,仏領ギアナ,39589,108554,-,0
202502,'406,エクアドル,4681924,7895015,5079678,27693794
202502,'407,ペルー,8581928,18713981,39914254,92837520
202502,'408,ボリビア,1172158,2299294,2108196,11675885
202502,'409,チリ,18914999,35402025,81811771,222227628
202502,'410,ブラジル,71007945,120708331,109454379,237102918
202502,'411,パラグアイ,1724116,2830239,373916,468477
202502,'412,ウルグアイ,1027048,1965578,1099609,2222773
202502,'413,アルゼンチン,11753070,21398454,5130422,13014790
202502,'414,フォークランド諸島及びその附属諸島（英）,-,0,31408,31408
202502,'501,モロッコ,4176859,7598763,3736841,8805569
202502,'502,セウタ及びメリリア（西）,-,6959,662,2310
202502,'503,アルジェリア,1151764,2110459,5554,5554
202502,'504,チュニジア,661717,1285977,2127565,3743313
202502,'505,リビア,643730,1897202,-,800
202502,'506,エジプト,8134345,14475776,825610,1667064
202502,'507,スーダン,766171,1247894,82646,208962
202502,'508,西サハラ,3289,13125,-,0
202502,'509,モーリタニア,1302023,1844767,83346,1312295
202502,'510,セネガル,475627,1495674,676731,1585364
202502,'511,ガンビア,29842,73136,-,0
202502,'512,ギニア・ビサウ,-,3941,-,64697
202502,'513,ギニア,278631,353697,72967,253540
202502,'514,シエラレオネ,36648,55641,28309,438104
202502,'515,リベリア,33613705,39819509,60052,145406
202502,'516,コートジボワール,587128,938476,2245727,3987728
202502,'517,ガーナ,1974758,3250262,3783245,6455488
202502,'518,トーゴ,213520,568352,68491,304347
202502,'519,ベナン,66180,120050,-,589
202502,'520,マリ,52539,141413,13471,14072
202502,'521,ブルキナファソ,19179,82530,1941,93211
202502,'522,カーボベルデ,95165,218116,608,608
202502,'523,カナリー諸島（西）,393787,955783,1729,5011
202502,'524,ナイジェリア,5532695,9371961,5052234,22699191
202502,'525,ニジェール,4727,79232,246432,256243
202502,'526,ルワンダ,83333,96657,-,41108
202502,'527,カメルーン,246825,728930,94059,210804
202502,'528,チャド,-,582,-,0
202502,'529,中央アフリカ,46384,64502,2778,82095
202502,'530,赤道ギニア,98216,100393,-,0
202502,'531,ガボン,730307,835872,1190250,1293669
202502,'532,コンゴ共和国,70165,84478,1533,1533
202502,'533,コンゴ民主共和国,1390302,2758710,171084,228890
202502,'534,ブルンジ,150314,239629,65754,97087
202502,'535,アンゴラ,136128,213375,11313,22922
202502,'536,サントメ・プリンシペ,67000,67000,-,0
202502,'537,セントヘレナ及びその附属諸島（英）,-,0,975,20470
202502,'538,エチオピア,522712,1127364,1106668,2779706
202502,'539,ジブチ,955956,1693115,-,940
202502,'540,ソマリア,24252,62336,74524,253057
202502,'541,ケニア,14803496,25028358,589439,1125430
202502,'542,ウガンダ,2748595,4600170,635099,1042904
202502,'543,タンザニア,8718474,13618699,3285669,6068598
202502,'544,セーシェル,72931,122089,685478,2151726
202502,'545,モザンビーク,2013625,2596014,8118330,11094578
202502,'546,マダガスカル,161333,233851,973204,1479587
202502,'547,モーリシャス,3256878,5730658,74274,144592
202502,'548,レユニオン（仏）,371814,665149,874,3600
202502,'549,ジンバブエ,1014332,1582528,457689,665669
202502,'550,ナミビア,299011,496900,22906,147815
202502,'551,南アフリカ共和国,26446200,49118067,74582270,161676623
202502,'552,レソト,182019,256923,-,395
202502,'553,マラウイ,312900,511713,258543,467558
202502,'554,ザンビア,1417551,2341061,205967,277540
202502,'555,ボツワナ,352970,514432,51378,84673
202502,'556,エスワティニ,260698,320492,16944,33211
202502,'558,コモロ,95073,168639,637,22412
202502,'559,エリトリア,-,5906,1069,1771
202502,'560,南スーダン,261100,458869,-,0
202502,'601,オーストラリア,180168122,363061368,582717070,1307363211
202502,'602,パプアニューギニア,2072809,4415943,49514137,100142794
202502,'605,その他のオーストラリア領,12018,40597,338,914
202502,'606,ニュージーランド,23202914,41170095,23505553,49672221
202502,'607,クック,50253,100236,113795,189292
202502,'608,トケラウ諸島（ニュージーランド）,-,0,218,4722
202502,'609,ニウエ,414,626,-,1200
202502,'610,サモア,169358,273478,-,0
202502,'611,バヌアツ,119023,176064,488557,573125
202502,'612,フィジー,1115838,1926684,23182,117914
202502,'613,ソロモン,205265,399662,-,0
202502,'614,トンガ,87306,219519,2622,6100
202502,'615,キリバス,697835,755939,-,117665
202502,'617,ナウル,360146,376368,-,0
202502,'618,ニューカレドニア（仏）,77671,298228,1931203,3272242
202502,'619,仏領ポリネシア,186376,446313,147772,383862
202502,'620,グアム（米）,1223801,2058340,11100,18424
202502,'621,米領サモア,12817,39892,-,0
202502,'622,米領オセアニア,-,0,34564,44414
202502,'624,ツバル,3287,23268,2027,2027
202502,'625,マーシャル,11875894,23270297,9860,11406
202502,'626,ミクロネシア,578718,804049,24583,33639
202502,'627,北マリアナ諸島（米）,170435,269254,-,0
202502,'628,パラオ,304708,883707,-,2155
202502,'702,不明,-,0,38591,73323
202503,'103,大韓民国,690591568,1867286883,367201645,1152210984
202503,'105,中華人民共和国,1663821382,4375998414,2116057769,6461449577
202503,'106,台湾,685774004,1854509431,415645980,1199518177
202503,'107,モンゴル,18104900,43153033,162040,600226
202503,'108,香港,516637208,1365730281,50557611,74791717
202503,'110,ベトナム,248194918,656345850,395955493,1159876433
202503,'111,タイ,368043602,1018559530,320335821,968093794
202503,'112,シンガポール,260468120,825111782,88955989,289107113
202503,'113,マレーシア,185178668,516584448,262079454,830703497
202503,'116,ブルネイ,630030,1761356,11159081,88286167
202503,'117,フィリピン,132926370,399168389,141892501,386560689
202503,'118,インドネシア,154919938,485251190,252865062,751804525
202503,'120,カンボジア,9907497,24996786,34798094,107655302
202503,'121,ラオス,1598725,3716671,1971723,6371357
202503,'122,ミャンマー,3597340,10781978,21945859,62494066
202503,'123,インド,277072413,692635695,81659702,303739682
202503,'124,パキスタン,25643873,62718177,3207283,9378863
202503,'125,スリランカ,14558450,22432543,3258802,9257572
202503,'126,モルディブ,373154,1293624,22619,89773
202503,'127,バングラデシュ,25830508,78748280,24564172,70389245
202503,'128,東ティモール,300833,631452,11390,127357
202503,'129,マカオ,4615409,12206985,111364,409768
202503,'130,アフガニスタン,79105,240445,16842,38768
202503,'131,ネパール,492266,1098709,143294,576721
202503,'132,ブータン,62707,203780,1415,6364
202503,'133,イラン,2831687,3961628,517100,1117356
202503,'134,イラク,19527700,54481269,4181,2299862
202503,'135,バーレーン,7720509,22079568,15114902,35226974
202503,'137,サウジアラビア,107540746,272556735,309243282,1128050906
202503,'138,クウェート,36603433,86875897,57509250,228753438
202503,'140,カタール,23169978,58871081,100497787,292350264
202503,'141,オマーン,15911964,54454924,53184765,132922140
202503,'143,イスラエル,21629770,49581955,21593545,73759254
202503,'144,ヨルダン,6710599,20909832,754475,2729365
202503,'145,シリア,300272,384631,15803,26727
202503,'146,レバノン,3332964,6905958,209096,341399
202503,'147,アラブ首長国連邦,168073497,493385399,424883707,1285242249
202503,'149,イエメン,3509283,12988134,28800,62421
202503,'150,アゼルバイジャン,548349,1593678,57447,586395
202503,'151,アルメニア,410677,815211,417883,1788669
202503,'152,ウズベキスタン,2375645,7313245,262064,611775
202503,'153,カザフスタン,12418008,35689942,4835591,23076308
202503,'154,キルギス,880693,2387530,3602,14674
202503,'155,タジキスタン,204303,454336,70609,72036
202503,'156,トルクメニスタン,1763591,2753316,42340,117295
202503,'157,ジョージア,4512814,11872148,55467,230259
202503,'158,ヨルダン川西岸及びガザ,12178,28893,32072,35938
202503,'201,アイスランド,1111469,2829694,1817360,5375450
202503,'202,ノルウェー,14220774,42372691,15820528,52754663
202503,'203,スウェーデン,18892931,51093787,39354820,136042125
202503,'204,デンマーク,7800681,23914715,39417329,92484401
202503,'205,英国,144621358,412026234,126903779,378407145
202503,'206,アイルランド,16953046,48755918,97760601,268261259
202503,'207,オランダ,152433479,414336363,26682946,141758380
202503,'208,ベルギー,75768888,198719371,28553259,86802786
202503,'209,ルクセンブルク,4933667,12983681,1020613,2653052
202503,'210,フランス,91825131,241451758,110048287,397844778
202503,'211,モナコ,-,1961,19817,91618
202503,'212,アンドラ,3662,26885,-,0
202503,'213,ドイツ,241956783,624205243,310103514,875579506
202503,'215,スイス,94434614,254125439,109060308,301485220
202503,'217,ポルトガル,5998232,21916219,9701852,29191988
202503,'218,スペイン,41936758,111745740,38000830,137620398
202503,'219,ジブラルタル（英）,1716529,5412810,-,486
202503,'220,イタリア,69209357,180858065,149486751,466705417
202503,'221,マルタ,1626922,6644145,1112053,13078078
202503,'222,フィンランド,7105059,17751550,18692219,60713495
202503,'223,ポーランド,53141868,135094176,11927708,44511052
202503,'224,ロシア,39509331,73120044,77607329,227753117
202503,'225,オーストリア,23393481,55990982,38557443,88386674
202503,'227,ハンガリー,16301939,44664242,12379244,45965520
202503,'228,セルビア,871132,2477850,2174414,10276830
202503,'229,アルバニア,38183,103617,99381,453429
202503,'230,ギリシャ,4824755,11924070,9115706,26754770
202503,'231,ルーマニア,6123586,13630918,27858234,63695790
202503,'232,ブルガリア,2305040,5840886,1322147,4487138
202503,'233,キプロス,8195620,21071603,46766,96295
202503,'234,トルコ,47748616,126543318,9833562,36581353
202503,'235,エストニア,3733134,10788206,1761404,4880636
202503,'236,ラトビア,701346,1628868,755207,3178449
202503,'237,リトアニア,789341,1848336,1922296,5649398
202503,'238,ウクライナ,10541294,26225614,1039965,4041913
202503,'239,ベラルーシ,279488,498264,31014,170245
202503,'240,モルドバ,79412,161390,254178,1317258
202503,'241,クロアチア,934002,2341838,139141,604574
202503,'242,スロベニア,3426142,7802179,10534790,25775386
202503,'243,ボスニア・ヘルツェゴビナ,6441,529859,414943,650571
202503,'244,北マケドニア,183147,419841,112190,410942
202503,'245,チェコ,29977938,78029987,15814829,55713248
202503,'246,スロバキア,2581145,5734996,6965900,29138426
202503,'247,モンテネグロ,34324,119164,302,10247
202503,'248,コソボ,17769,52563,3229,4703
202503,'249,フェロー諸島（デンマーク）,-,460,128005,627349
202503,'250,バチカン,-,0,-,11866
202503,'301,グリーンランド（デンマーク）,-,24585,773604,2541150
202503,'302,カナダ,140283730,428001463,146433291,476426916
202503,'303,サンピエール及びミクロン（仏）,-,0,-,305
202503,'304,アメリカ合衆国,1876079694,5320121030,1030674044,3080942680
202503,'305,メキシコ,155547504,457778390,82062737,227088566
202503,'306,グアテマラ,6271707,18998299,2763720,4164635
202503,'307,ホンジュラス,2548646,5961972,877025,2092223
202503,'308,ベリーズ,94263,761885,13709,136371
202503,'309,エルサルバドル,2134379,6873925,300789,583899
202503,'310,ニカラグア,1858119,6018036,267490,665684
202503,'311,コスタリカ,6282502,22617749,8784172,26977807
202503,'312,パナマ,114645358,272178460,144796,2260043
202503,'314,バーミュダ（英）,134586,366673,350,1606
202503,'315,バハマ,1313153,36705013,16783,16783
202503,'316,ジャマイカ,5934089,12462251,120066,392599
202503,'317,タークス及びカイコス諸島（英）,190423,465250,-,0
202503,'319,バルバドス,1604353,2796377,-,8046
202503,'320,トリニダード・トバゴ,2557994,6942268,1371356,2647777
202503,'321,キューバ,327713,463120,94000,276920
202503,'322,ハイチ,147797,279175,18490,76466
202503,'323,ドミニカ共和国,6855401,15569510,1133839,4463798
202503,'324,プエルトリコ（米）,14678614,38231881,18793028,55586651
202503,'325,米領バージン諸島,14298,42224,-,459
202503,'326,蘭領アンティール,587591,1592400,-,780
202503,'327,仏領西インド諸島,133638,1146305,1980,3256
202503,'328,ケイマン諸島（英）,389137,743288,700,947
202503,'329,グレナダ,557191,898255,-,0
202503,'330,セントルシア,311768,697862,-,0
202503,'331,アンティグア・バーブーダ,344895,646609,520,520
202503,'332,英領バージン諸島,22881,165507,240,3392
202503,'333,ドミニカ,118136,252074,4230,18903
202503,'334,モントセラト（英）,14685,39969,-,213
202503,'335,セントクリストファー・ネービス,111970,265319,-,0
202503,'336,セントビンセント,370866,695291,215,215
202503,'337,英領アンギラ,26676,54976,-,220
202503,'338,サン・バルテルミー島（仏）,49941,61171,-,0
202503,'401,コロンビア,16139169,46194932,9078410,22890605
202503,'402,ベネズエラ,1643297,4395889,509767,1919454
202503,'403,ガイアナ,2470638,5586933,8466,542846
202503,'404,スリナム,1534680,3464555,76488,160591
202503,'405,仏領ギアナ,22944,131498,3010,3010
202503,'406,エクアドル,5360994,13256009,23800105,51493899
202503,'407,ペルー,10661181,29375162,50830521,143668041
202503,'408,ボリビア,868991,3168285,2761315,14437200
202503,'409,チリ,20568386,55970411,130118288,352345916
202503,'410,ブラジル,72198411,192906742,100949249,338052167
202503,'411,パラグアイ,1570909,4401148,257380,725857
202503,'412,ウルグアイ,961737,2927315,671216,2893989
202503,'413,アルゼンチン,14748647,36147101,4634600,17649390
202503,'414,フォークランド諸島及びその附属諸島（英）,-,0,-,31408
202503,'501,モロッコ,4402028,12000791,1938797,10744366
202503,'502,セウタ及びメリリア（西）,-,6959,974,3284
202503,'503,アルジェリア,3339428,5449887,3605,9159
202503,'504,チュニジア,1477699,2763676,2039293,5782606
202503,'505,リビア,1641162,3538364,-,800
202503,'506,エジプト,10860761,25336537,1033414,2700478
202503,'507,スーダン,1074422,2322316,65966,274928
202503,'508,西サハラ,-,13125,-,0
202503,'509,モーリタニア,131788,1976555,553854,1866149
202503,'510,セネガル,986200,2481874,612546,2197910
202503,'511,ガンビア,2952,76088,-,0
202503,'512,ギニア・ビサウ,-,3941,-,64697
202503,'513,ギニア,132267,485964,167066,420606
202503,'514,シエラレオネ,292405,348046,25570,463674
202503,'515,リベリア,35496905,75316414,26866,172272
202503,'516,コートジボワール,1112592,2051068,1970019,5957747
202503,'517,ガーナ,1877277,5127539,7857548,14313036
202503,'518,トーゴ,557908,1126260,152825,457172
202503,'519,ベナン,37598,157648,-,589
202503,'520,マリ,67221,208634,-,14072
202503,'521,ブルキナファソ,135526,218056,48776,141987
202503,'522,カーボベルデ,68303,286419,-,608
202503,'523,カナリー諸島（西）,524873,1480656,-,5011
202503,'524,ナイジェリア,5300487,14672448,4111931,26811122
202503,'525,ニジェール,870,80102,67104,323347
202503,'526,ルワンダ,86461,183118,75243,116351
202503,'527,カメルーン,730198,1459128,196229,407033
202503,'528,チャド,57657,58239,-,0
202503,'529,中央アフリカ,9640,74142,2864,84959
202503,'530,赤道ギニア,651,101044,-,0
202503,'531,ガボン,68032,903904,2005746,3299415
202503,'532,コンゴ共和国,9640,94118,19978,21511
202503,'533,コンゴ民主共和国,1513546,4272256,430457,659347
202503,'534,ブルンジ,135338,374967,-,97087
202503,'535,アンゴラ,1180336,1393711,12068,34990
202503,'536,サントメ・プリンシペ,-,67000,3549,3549
202503,'537,セントヘレナ及びその附属諸島（英）,-,0,730,21200
202503,'538,エチオピア,526010,1653374,506026,3285732
202503,'539,ジブチ,534594,2227709,8842,9782
202503,'540,ソマリア,22860,85196,60792,313849
202503,'541,ケニア,15159045,40187403,944995,2070425
202503,'542,ウガンダ,4717272,9317442,166648,1209552
202503,'543,タンザニア,9775224,23393923,1867987,7936585
202503,'544,セーシェル,110648,232737,1676626,3828352
202503,'545,モザンビーク,1560836,4156850,841079,11935657
202503,'546,マダガスカル,155826,389677,5760183,7239770
202503,'547,モーリシャス,3050931,8781589,125687,270279
202503,'548,レユニオン（仏）,378464,1043613,224,3824
202503,'549,ジンバブエ,908290,2490818,227541,893210
202503,'550,ナミビア,931072,1427972,223821,371636
202503,'551,南アフリカ共和国,25286320,74404387,77940995,239617618
202503,'552,レソト,171223,428146,1163,1558
202503,'553,マラウイ,490919,1002632,140764,608322
202503,'554,ザンビア,1284147,3625208,64762,342302
202503,'555,ボツワナ,280441,794873,378141,462814
202503,'556,エスワティニ,17938,338430,23141,56352
202503,'558,コモロ,118342,286981,-,22412
202503,'559,エリトリア,-,5906,-,1771
202503,'560,南スーダン,242393,701262,-,0
202503,'601,オーストラリア,178957127,542018495,564747216,1872110427
202503,'602,パプアニューギニア,3439103,7855046,48445596,148588390
202503,'605,その他のオーストラリア領,9776,50373,464,1378
202503,'606,ニュージーランド,26990345,68160440,33678390,83350611
202503,'607,クック,22230,122466,113731,303023
202503,'608,トケラウ諸島（ニュージーランド）,-,0,-,4722
202503,'609,ニウエ,546,1172,-,1200
202503,'610,サモア,350365,623843,1368,1368
202503,'611,バヌアツ,140451,316515,488408,1061533
202503,'612,フィジー,1421936,3348620,666695,784609
202503,'613,ソロモン,304964,704626,-,0
202503,'614,トンガ,223716,443235,4476,10576
202503,'615,キリバス,334491,1090430,25504,143169
202503,'617,ナウル,8658,385026,78987,78987
202503,'618,ニューカレドニア（仏）,223512,521740,693059,3965301
202503,'619,仏領ポリネシア,474132,920445,1660307,2044169
202503,'620,グアム（米）,1774489,3832829,3216,21640
202503,'621,米領サモア,29265,69157,225,225
202503,'622,米領オセアニア,-,0,4372,48786
202503,'624,ツバル,3475165,3498433,60076,62103
202503,'625,マーシャル,24664160,47934457,2664,14070
202503,'626,ミクロネシア,348312,1152361,28266,61905
202503,'627,北マリアナ諸島（米）,116573,385827,-,0
202503,'628,パラオ,214946,1098653,1253,3408
202503,'702,不明,-,0,35419,108742
202504,'103,大韓民国,572943795,2440230678,346794808,1499005792
202504,'105,中華人民共和国,1578095921,5954094335,2257864882,8719314459
202504,'106,台湾,692712573,2547222004,372437776,1571955953
202504,'107,モンゴル,17543379,60696412,191422,791648
202504,'108,香港,501162375,1866892656,10431095,85222812
202504,'110,ベトナム,234598434,890944284,346376191,1506252624
202504,'111,タイ,332801370,1351360900,298546752,1266640546
202504,'112,シンガポール,233210369,1058322151,93822855,382929968
202504,'113,マレーシア,167693822,684278270,237965029,1068668526
202504,'116,ブルネイ,759693,2521049,28614494,116900661
202504,'117,フィリピン,140909786,540078175,116327419,502888108
202504,'118,インドネシア,181198197,666449387,222998869,974803394
202504,'120,カンボジア,8477862,33474648,25802274,133457576
202504,'121,ラオス,1430795,5147466,2150329,8521686
202504,'122,ミャンマー,2981912,13763890,24185525,86679591
202504,'123,インド,258695751,951331446,99233276,402972958
202504,'124,パキスタン,25284362,88002539,2829904,12208767
202504,'125,スリランカ,10369803,32802346,3054298,12311870
202504,'126,モルディブ,265375,1558999,33768,123541
202504,'127,バングラデシュ,28767238,107515518,23571224,93960469
202504,'128,東ティモール,207593,839045,1355,128712
202504,'129,マカオ,4942504,17149489,265218,674986
202504,'130,アフガニスタン,50396,290841,5377,44145
202504,'131,ネパール,275898,1374607,192615,769336
202504,'132,ブータン,15930,219710,975,7339
202504,'133,イラン,1099113,5060741,216671,1334027
202504,'134,イラク,17007322,71488591,2596327,4896189
202504,'135,バーレーン,7174955,29254523,7022177,42249151
202504,'137,サウジアラビア,69214865,341771600,337326117,1465377023
202504,'138,クウェート,24296796,111172693,74050860,302804298
202504,'140,カタール,15476795,74347876,124089348,416439612
202504,'141,オマーン,15592020,70046944,45216595,178138735
202504,'143,イスラエル,20093255,69675210,20631717,94390971
202504,'144,ヨルダン,8278773,29188605,783111,3512476
202504,'145,シリア,63551,448182,14247,40974
202504,'146,レバノン,3489076,10395034,131164,472563
202504,'147,アラブ首長国連邦,127948976,621334375,473230858,1758473107
202504,'149,イエメン,3895259,16883393,35565,97986
202504,'150,アゼルバイジャン,863270,2456948,141593,727988
202504,'151,アルメニア,372452,1187663,620473,2409142
202504,'152,ウズベキスタン,5636640,12949885,182582,794357
202504,'153,カザフスタン,8964842,44654784,11450239,34526547
202504,'154,キルギス,1272523,3660053,13057,27731
202504,'155,タジキスタン,149588,603924,-,72036
202504,'156,トルクメニスタン,697955,3451271,8096,125391
202504,'157,ジョージア,2848034,14720182,63514,293773
202504,'158,ヨルダン川西岸及びガザ,11564,40457,5872,41810
202504,'201,アイスランド,708127,3537821,1596454,6971904
202504,'202,ノルウェー,10009993,52382684,15928118,68682781
202504,'203,スウェーデン,17809042,68902829,36756543,172798668
202504,'204,デンマーク,7449599,31364314,27864006,120348407
202504,'205,英国,157714935,569741169,95444496,473851641
202504,'206,アイルランド,17571839,66327757,86307481,354568740
202504,'207,オランダ,156079378,570415741,40701795,182460175
202504,'208,ベルギー,78644890,277364261,29889024,116691810
202504,'209,ルクセンブルク,3521546,16505227,1365144,4018196
202504,'210,フランス,83654161,325105919,151606662,549451440
202504,'211,モナコ,1721,3682,10887,102505
202504,'212,アンドラ,3912,30797,-,0
202504,'213,ドイツ,223760612,847965855,254553858,1130133364
202504,'215,スイス,106137708,360263147,103922056,405407276
202504,'217,ポルトガル,6236991,28153210,7597676,36789664
202504,'218,スペイン,39766384,151512124,49006299,186626697
202504,'219,ジブラルタル（英）,2215346,7628156,-,486
202504,'220,イタリア,60918722,241776787,159326293,626031710
202504,'221,マルタ,1792908,8437053,354145,13432223
202504,'222,フィンランド,5108105,22859655,20242965,80956460
202504,'223,ポーランド,41892423,176986599,15696894,60207946
202504,'224,ロシア,30538874,103658918,57206583,284959700
202504,'225,オーストリア,14935842,70926824,31281770,119668444
202504,'227,ハンガリー,15630785,60295027,12315458,58280978
202504,'228,セルビア,520842,2998692,3029529,13306359
202504,'229,アルバニア,67702,171319,251628,705057
202504,'230,ギリシャ,6150027,18074097,13063770,39818540
202504,'231,ルーマニア,5182045,18812963,18897687,82593477
202504,'232,ブルガリア,3256525,9097411,1286546,5773684
202504,'233,キプロス,11860186,32931789,38487,134782
202504,'234,トルコ,48396839,174940157,16863269,53444622
202504,'235,エストニア,3322337,14110543,1941502,6822138
202504,'236,ラトビア,529084,2157952,945871,4124320
202504,'237,リトアニア,1180115,3028451,1692385,7341783
202504,'238,ウクライナ,6023730,32249344,1087958,5129871
202504,'239,ベラルーシ,214344,712608,65278,235523
202504,'240,モルドバ,75229,236619,348695,1665953
202504,'241,クロアチア,812901,3154739,2426840,3031414
202504,'242,スロベニア,2767710,10569889,9386909,35162295
202504,'243,ボスニア・ヘルツェゴビナ,20896,550755,125916,776487
202504,'244,北マケドニア,57969,477810,132911,543853
202504,'245,チェコ,24893856,102923843,18638212,74351460
202504,'246,スロバキア,1959218,7694214,6941752,36080178
202504,'247,モンテネグロ,32704,151868,10767,21014
202504,'248,コソボ,925,53488,505,5208
202504,'249,フェロー諸島（デンマーク）,-,460,194564,821913
202504,'250,バチカン,-,0,-,11866
202504,'301,グリーンランド（デンマーク）,-,24585,1118260,3659410
202504,'302,カナダ,122390961,550392424,173961854,650388770
202504,'303,サンピエール及びミクロン（仏）,-,0,-,305
202504,'304,アメリカ合衆国,1764340951,7084461981,1001243489,4082186169
202504,'305,メキシコ,152797738,610576128,81233913,308322479
202504,'306,グアテマラ,5937376,24935675,4050146,8214781
202504,'307,ホンジュラス,1625591,7587563,1169648,3261871
202504,'308,ベリーズ,587832,1349717,89593,225964
202504,'309,エルサルバドル,1292811,8166736,163806,747705
202504,'310,ニカラグア,1667243,7685279,346731,1012415
202504,'311,コスタリカ,5089826,27707575,8041655,35019462
202504,'312,パナマ,22120700,294299160,703091,2963134
202504,'314,バーミュダ（英）,100743,467416,-,1606
202504,'315,バハマ,12694004,49399017,1211,17994
202504,'316,ジャマイカ,3378482,15840733,78530,471129
202504,'317,タークス及びカイコス諸島（英）,205795,671045,-,0
202504,'319,バルバドス,847344,3643721,2298,10344
202504,'320,トリニダード・トバゴ,1999380,8941648,891920,3539697
202504,'321,キューバ,36396,499516,216211,493131
202504,'322,ハイチ,124608,403783,28388,104854
202504,'323,ドミニカ共和国,5008397,20577907,1977917,6441715
202504,'324,プエルトリコ（米）,9890726,48122607,21563209,77149860
202504,'325,米領バージン諸島,2658,44882,-,459
202504,'326,蘭領アンティール,799325,2391725,841,1621
202504,'327,仏領西インド諸島,277292,1423597,-,3256
202504,'328,ケイマン諸島（英）,251347,994635,642,1589
202504,'329,グレナダ,257076,1155331,-,0
202504,'330,セントルシア,165427,863289,578,578
202504,'331,アンティグア・バーブーダ,199227,845836,-,520
202504,'332,英領バージン諸島,75657,241164,-,3392
202504,'333,ドミニカ,36491,288565,4227,23130
202504,'334,モントセラト（英）,9135,49104,-,213
202504,'335,セントクリストファー・ネービス,59645,324964,7904,7904
202504,'336,セントビンセント,119479,814770,-,215
202504,'337,英領アンギラ,33136,88112,-,220
202504,'338,サン・バルテルミー島（仏）,-,61171,-,0
202504,'401,コロンビア,9536674,55731606,8298065,31188670
202504,'402,ベネズエラ,1075054,5470943,479360,2398814
202504,'403,ガイアナ,2732767,8319700,33827,576673
202504,'404,スリナム,1464287,4928842,27272,187863
202504,'405,仏領ギアナ,72515,204013,-,3010
202504,'406,エクアドル,7120449,20376458,12478966,63972865
202504,'407,ペルー,10575794,39950956,50467499,194135540
202504,'408,ボリビア,1656963,4825248,52989,14490189
202504,'409,チリ,20905628,76876039,150409931,502755847
202504,'410,ブラジル,68718316,261625058,113770995,451823162
202504,'411,パラグアイ,1957392,6358540,40024,765881
202504,'412,ウルグアイ,1395555,4322870,1452464,4346453
202504,'413,アルゼンチン,22904270,59051371,3819104,21468494
202504,'414,フォークランド諸島及びその附属諸島（英）,-,0,29794,61202
202504,'501,モロッコ,4623687,16624478,6482593,17226959
202504,'502,セウタ及びメリリア（西）,14500,21459,2071,5355
202504,'503,アルジェリア,1535719,6985606,-,9159
202504,'504,チュニジア,847483,3611159,1638524,7421130
202504,'505,リビア,646367,4184731,-,800
202504,'506,エジプト,11748694,37085231,1134317,3834795
202504,'507,スーダン,540440,2862756,23679,298607
202504,'508,西サハラ,-,13125,-,0
202504,'509,モーリタニア,208840,2185395,221063,2087212
202504,'510,セネガル,1031672,3513546,586577,2784487
202504,'511,ガンビア,27094,103182,331,331
202504,'512,ギニア・ビサウ,11997,15938,-,64697
202504,'513,ギニア,223042,709006,63118,483724
202504,'514,シエラレオネ,8859,356905,26278,489952
202504,'515,リベリア,35624974,110941388,50283,222555
202504,'516,コートジボワール,990325,3041393,2170003,8127750
202504,'517,ガーナ,1869232,6996771,10143233,24456269
202504,'518,トーゴ,407392,1533652,338235,795407
202504,'519,ベナン,41633,199281,1459,2048
202504,'520,マリ,77903,286537,13175,27247
202504,'521,ブルキナファソ,57884,275940,157504,299491
202504,'522,カーボベルデ,88912,375331,-,608
202504,'523,カナリー諸島（西）,688443,2169099,484,5495
202504,'524,ナイジェリア,6429787,21102235,9812236,36623358
202504,'525,ニジェール,17599,97701,276501,599848
202504,'526,ルワンダ,53637,236755,25312,141663
202504,'527,カメルーン,470435,1929563,69464,476497
202504,'528,チャド,78952,137191,-,0
202504,'529,中央アフリカ,2957,77099,-,84959
202504,'530,赤道ギニア,2892,103936,-,0
202504,'531,ガボン,147745,1051649,69079,3368494
202504,'532,コンゴ共和国,54896,149014,-,21511
202504,'533,コンゴ民主共和国,1305874,5578130,621661,1281008
202504,'534,ブルンジ,96108,471075,121801,218888
202504,'535,アンゴラ,440726,1834437,607,35597
202504,'536,サントメ・プリンシペ,6927,73927,-,3549
202504,'537,セントヘレナ及びその附属諸島（英）,1951,1951,94669,115869
202504,'538,エチオピア,444887,2098261,432187,3717919
202504,'539,ジブチ,2714774,4942483,1248,11030
202504,'540,ソマリア,34776,119972,89553,403402
202504,'541,ケニア,18353255,58540658,1233904,3304329
202504,'542,ウガンダ,5368294,14685736,403630,1613182
202504,'543,タンザニア,8088536,31482459,2357719,10294304
202504,'544,セーシェル,64717,297454,257385,4085737
202504,'545,モザンビーク,1024187,5181037,299202,12234859
202504,'546,マダガスカル,266941,656618,3337774,10577544
202504,'547,モーリシャス,3303670,12085259,53043,323322
202504,'548,レユニオン（仏）,296828,1340441,706,4530
202504,'549,ジンバブエ,910988,3401806,231453,1124663
202504,'550,ナミビア,812715,2240687,420896,792532
202504,'551,南アフリカ共和国,24692057,99096444,65756744,305374362
202504,'552,レソト,193863,622009,16637,18195
202504,'553,マラウイ,310144,1312776,254658,862980
202504,'554,ザンビア,1337302,4962510,65169,407471
202504,'555,ボツワナ,246126,1040999,26510,489324
202504,'556,エスワティニ,44318,382748,17839,74191
202504,'558,コモロ,160968,447949,4465,26877
202504,'559,エリトリア,-,5906,-,1771
202504,'560,南スーダン,182513,883775,3540491,3540491
202504,'601,オーストラリア,172861837,714880332,542309671,2414420098
202504,'602,パプアニューギニア,2695472,10550518,53669507,202257897
202504,'605,その他のオーストラリア領,10158,60531,3343,4721
202504,'606,ニュージーランド,25183589,93344029,41146141,124496752
202504,'607,クック,34643,157109,75393,378416
202504,'608,トケラウ諸島（ニュージーランド）,-,0,-,4722
202504,'609,ニウエ,35889,37061,-,1200
202504,'610,サモア,255918,879761,700,2068
202504,'611,バヌアツ,42482,358997,166269,1227802
202504,'612,フィジー,1278569,4627189,33189,817798
202504,'613,ソロモン,130541,835167,-,0
202504,'614,トンガ,56493,499728,-,10576
202504,'615,キリバス,215582,1306012,123699,266868
202504,'617,ナウル,99101,484127,43499,122486
202504,'618,ニューカレドニア（仏）,199896,721636,1337895,5303196
202504,'619,仏領ポリネシア,208770,1129215,1313059,3357228
202504,'620,グアム（米）,1103742,4936571,14367,36007
202504,'621,米領サモア,25201,94358,768,993
202504,'622,米領オセアニア,-,0,7780,56566
202504,'624,ツバル,4060,3502493,-,62103
202504,'625,マーシャル,10902247,58836704,21397,35467
202504,'626,ミクロネシア,353523,1505884,37506,99411
202504,'627,北マリアナ諸島（米）,158530,544357,-,0
202504,'628,パラオ,953808,2052461,5091,8499
202504,'702,不明,-,0,35575,144317
202505,'103,大韓民国,490723673,2930954351,344048225,1843054017
202505,'105,中華人民共和国,1441748636,7395842971,2066991795,10786306254
202505,'106,台湾,605876292,3153098296,380743980,1952699933
202505,'107,モンゴル,12439589,73136001,241125,1032773
202505,'108,香港,469340675,2336233331,11790960,97013772
202505,'110,ベトナム,201994893,1092939177,328530378,1834783002
202505,'111,タイ,330614301,1681975201,287159657,1553800203
202505,'112,シンガポール,219115633,1277437784,86468603,469398571
202505,'113,マレーシア,147575750,831854020,181590536,1250259062
202505,'116,ブルネイ,610848,3131897,3937231,120837892
202505,'117,フィリピン,115395793,655473968,116592726,619480834
202505,'118,インドネシア,141532078,807981465,216061844,1190865238
202505,'120,カンボジア,8326786,41801434,21832462,155290038
202505,'121,ラオス,1443451,6590917,1824188,10345874
202505,'122,ミャンマー,3246164,17010054,15181926,101861517
202505,'123,インド,223604227,1174935673,78262027,481234985
202505,'124,パキスタン,21149917,109152456,2524505,14733272
202505,'125,スリランカ,16855766,49658112,3056471,15368341
202505,'126,モルディブ,383529,1942528,39050,162591
202505,'127,バングラデシュ,21020894,128536412,16194170,110154639
202505,'128,東ティモール,181426,1020471,26150,154862
202505,'129,マカオ,3949842,21099331,129185,804171
202505,'130,アフガニスタン,127915,418756,3302,47447
202505,'131,ネパール,234730,1609337,206872,976208
202505,'132,ブータン,96038,315748,3604,10943
202505,'133,イラン,607144,5667885,407337,1741364
202505,'134,イラク,14268119,85756710,2947,4899136
202505,'135,バーレーン,7667956,36922479,4662719,46911870
202505,'137,サウジアラビア,51435548,393207148,285179669,1750556692
202505,'138,クウェート,27902016,139074709,67087602,369891900
202505,'140,カタール,19342954,93690830,67214751,483654363
202505,'141,オマーン,15629137,85676081,19625546,197764281
202505,'143,イスラエル,13120746,82795956,17290313,111681284
202505,'144,ヨルダン,7876003,37064608,2971975,6484451
202505,'145,シリア,128280,576462,2546,43520
202505,'146,レバノン,4624382,15019416,63590,536153
202505,'147,アラブ首長国連邦,130793578,752127953,434205635,2192678742
202505,'149,イエメン,4548675,21432068,61991,159977
202505,'150,アゼルバイジャン,706791,3163739,126251,854239
202505,'151,アルメニア,419795,1607458,896375,3305517
202505,'152,ウズベキスタン,6683027,19632912,289876,1084233
202505,'153,カザフスタン,9581340,54236124,7133922,41660469
202505,'154,キルギス,869768,4529821,13544,41275
202505,'155,タジキスタン,163184,767108,359,72395
202505,'156,トルクメニスタン,904539,4355810,-,125391
202505,'157,ジョージア,2863797,17583979,85724,379497
202505,'158,ヨルダン川西岸及びガザ,1689,42146,2775,44585
202505,'201,アイスランド,349794,3887615,1837772,8809676
202505,'202,ノルウェー,9215311,61597995,14466097,83148878
202505,'203,スウェーデン,16949166,85851995,38988109,211786777
202505,'204,デンマーク,5790599,37154913,37333158,157681565
202505,'205,英国,120353619,690094788,99517587,573369228
202505,'206,アイルランド,14781424,81109181,88411769,442980509
202505,'207,オランダ,140742975,711158716,30089237,212549412
202505,'208,ベルギー,61977031,339341292,33747552,150439362
202505,'209,ルクセンブルク,4497140,21002367,1307610,5325806
202505,'210,フランス,78081363,403187282,132636318,682087758
202505,'211,モナコ,115386,119068,24975,127480
202505,'212,アンドラ,819,31616,219,219
202505,'213,ドイツ,205559479,1053525334,307768412,1437901776
202505,'215,スイス,75189476,435452623,110973457,516380733
202505,'216,アゾレス（葡）,6390,6390,-,0
202505,'217,ポルトガル,5103336,33256546,6861399,43651063
202505,'218,スペイン,31057835,182569959,60064390,246691087
202505,'219,ジブラルタル（英）,1128668,8756824,-,486
202505,'220,イタリア,51625882,293402669,163979229,790010939
202505,'221,マルタ,1725231,10162284,226220,13658443
202505,'222,フィンランド,5799028,28658683,19385647,100342107
202505,'223,ポーランド,40261417,217248016,15067556,75275502
202505,'224,ロシア,29271040,132929958,71803868,356763568
202505,'225,オーストリア,11972153,82898977,31097477,150765921
202505,'227,ハンガリー,17786010,78081037,14471336,72752314
202505,'228,セルビア,501242,3499934,4659140,17965499
202505,'229,アルバニア,44709,216028,295727,1000784
202505,'230,ギリシャ,3537613,21611710,11335721,51154261
202505,'231,ルーマニア,4634121,23447084,16106709,98700186
202505,'232,ブルガリア,2142217,11239628,1537521,7311205
202505,'233,キプロス,9347456,42279245,23748,158530
202505,'234,トルコ,42333178,217273335,12783009,66227631
202505,'235,エストニア,2616683,16727226,1871086,8693224
202505,'236,ラトビア,524778,2682730,1241436,5365756
202505,'237,リトアニア,1037769,4066220,1580102,8921885
202505,'238,ウクライナ,4722542,36971886,731920,5861791
202505,'239,ベラルーシ,260559,973167,43095,278618
202505,'240,モルドバ,72947,309566,573936,2239889
202505,'241,クロアチア,552574,3707313,3867895,6899309
202505,'242,スロベニア,2822807,13392696,13578343,48740638
202505,'243,ボスニア・ヘルツェゴビナ,34714,585469,102876,879363
202505,'244,北マケドニア,72533,550343,170134,713987
202505,'245,チェコ,27906040,130829883,18891830,93243290
202505,'246,スロバキア,1616234,9310448,8935724,45015902
202505,'247,モンテネグロ,43641,195509,-,21014
202505,'248,コソボ,-,53488,2586,7794
202505,'249,フェロー諸島（デンマーク）,-,460,485884,1307797
202505,'250,バチカン,-,0,-,11866
202505,'301,グリーンランド（デンマーク）,-,24585,826324,4485734
202505,'302,カナダ,126155743,676548167,146007701,796396471
202505,'303,サンピエール及びミクロン（仏）,-,0,-,305
202505,'304,アメリカ合衆国,1510034760,8594496741,1064375853,5146562022
202505,'305,メキシコ,127683217,738259345,79043874,387366353
202505,'306,グアテマラ,5771557,30707232,2370236,10585017
202505,'307,ホンジュラス,2465942,10053505,1220735,4482606
202505,'308,ベリーズ,439665,1789382,13862,239826
202505,'309,エルサルバドル,2373032,10539768,157245,904950
202505,'310,ニカラグア,2191774,9877053,283634,1296049
202505,'311,コスタリカ,6388583,34096158,8137170,43156632
202505,'312,パナマ,44852751,339151911,3231539,6194673
202505,'314,バーミュダ（英）,154931,622347,341,1947
202505,'315,バハマ,9930702,59329719,41258,59252
202505,'316,ジャマイカ,4543875,20384608,283528,754657
202505,'317,タークス及びカイコス諸島（英）,179592,850637,-,0
202505,'319,バルバドス,1421182,5064903,1233,11577
202505,'320,トリニダード・トバゴ,2375831,11317479,252335,3792032
202505,'321,キューバ,62092,561608,226160,719291
202505,'322,ハイチ,147021,550804,23496,128350
202505,'323,ドミニカ共和国,4066142,24644049,1428384,7870099
202505,'324,プエルトリコ（米）,6956756,55079363,28149160,105299020
202505,'325,米領バージン諸島,2090,46972,-,459
202505,'326,蘭領アンティール,532302,2924027,712,2333
202505,'327,仏領西インド諸島,374698,1798295,2893,6149
202505,'328,ケイマン諸島（英）,363513,1358148,-,1589
202505,'329,グレナダ,518080,1673411,-,0
202505,'330,セントルシア,387071,1250360,-,578
202505,'331,アンティグア・バーブーダ,427106,1272942,-,520
202505,'332,英領バージン諸島,37654,278818,-,3392
202505,'333,ドミニカ,104947,393512,291,23421
202505,'334,モントセラト（英）,11692,60796,-,213
202505,'335,セントクリストファー・ネービス,144084,469048,-,7904
202505,'336,セントビンセント,317827,1132597,228,443
202505,'337,英領アンギラ,31209,119321,-,220
202505,'338,サン・バルテルミー島（仏）,2016,63187,-,0
202505,'401,コロンビア,17201243,72932849,8972407,40161077
202505,'402,ベネズエラ,1100400,6571343,823403,3222217
202505,'403,ガイアナ,2817781,11137481,8116,584789
202505,'404,スリナム,1299729,6228571,25692,213555
202505,'405,仏領ギアナ,39169,243182,-,3010
202505,'406,エクアドル,7241302,27617760,5444619,69417484
202505,'407,ペルー,9550877,49501833,35312016,229447556
202505,'408,ボリビア,1055512,5880760,5516882,20007071
202505,'409,チリ,13998363,90874402,110901218,613657065
202505,'410,ブラジル,59817710,321442768,111234255,563057417
202505,'411,パラグアイ,1468209,7826749,134121,900002
202505,'412,ウルグアイ,675823,4998693,1259586,5606039
202505,'413,アルゼンチン,13471352,72522723,4629354,26097848
202505,'414,フォークランド諸島及びその附属諸島（英）,-,0,14776,75978
202505,'501,モロッコ,3500379,20124857,4473244,21700203
202505,'502,セウタ及びメリリア（西）,-,21459,331,5686
202505,'503,アルジェリア,587659,7573265,-,9159
202505,'504,チュニジア,562153,4173312,862851,8283981
202505,'505,リビア,731803,4916534,17538,18338
202505,'506,エジプト,9033031,46118262,1385851,5220646
202505,'507,スーダン,751869,3614625,145530,444137
202505,'508,西サハラ,-,13125,-,0
202505,'509,モーリタニア,632712,2818107,2989921,5077133
202505,'510,セネガル,906924,4420470,725590,3510077
202505,'511,ガンビア,24801,127983,-,331
202505,'512,ギニア・ビサウ,1144,17082,-,64697
202505,'513,ギニア,178150,887156,140987,624711
202505,'514,シエラレオネ,20462,377367,-,489952
202505,'515,リベリア,16095900,127037288,-,222555
202505,'516,コートジボワール,775476,3816869,3254687,11382437
202505,'517,ガーナ,1577209,8573980,13879489,38335758
202505,'518,トーゴ,464562,1998214,510303,1305710
202505,'519,ベナン,21365,220646,1900,3948
202505,'520,マリ,80378,366915,5586,32833
202505,'521,ブルキナファソ,18015,293955,365282,664773
202505,'522,カーボベルデ,39630,414961,-,608
202505,'523,カナリー諸島（西）,542688,2711787,-,5495
202505,'524,ナイジェリア,5517606,26619841,10531593,47154951
202505,'525,ニジェール,8974,106675,352470,952318
202505,'526,ルワンダ,58516,295271,10100,151763
202505,'527,カメルーン,788221,2717784,95698,572195
202505,'528,チャド,56437,193628,-,0
202505,'529,中央アフリカ,3359,80458,-,84959
202505,'530,赤道ギニア,208,104144,6292187,6292187
202505,'531,ガボン,162346,1213995,1262594,4631088
202505,'532,コンゴ共和国,87190,236204,5963,27474
202505,'533,コンゴ民主共和国,1290296,6868426,444374,1725382
202505,'534,ブルンジ,92003,563078,60838,279726
202505,'535,アンゴラ,3931653,5766090,51170,86767
202505,'536,サントメ・プリンシペ,243190,317117,-,3549
202505,'537,セントヘレナ及びその附属諸島（英）,-,1951,44927,160796
202505,'538,エチオピア,1257150,3355411,1329801,5047720
202505,'539,ジブチ,226985,5169468,216,11246
202505,'540,ソマリア,17616,137588,69302,472704
202505,'541,ケニア,16364847,74905505,778283,4082612
202505,'542,ウガンダ,2999274,17685010,691557,2304739
202505,'543,タンザニア,9140523,40622982,2658812,12953116
202505,'544,セーシェル,49045,346499,716842,4802579
202505,'545,モザンビーク,1326993,6508030,2845312,15080171
202505,'546,マダガスカル,99800,756418,1893587,12471131
202505,'547,モーリシャス,3137750,15223009,42868,366190
202505,'548,レユニオン（仏）,417619,1758060,150477,155007
202505,'549,ジンバブエ,956877,4358683,267422,1392085
202505,'550,ナミビア,370862,2611549,245527,1038059
202505,'551,南アフリカ共和国,25392581,124489025,81717631,387091993
202505,'552,レソト,135311,757320,-,18195
202505,'553,マラウイ,498884,1811660,151045,1014025
202505,'554,ザンビア,1379287,6341797,40116,447587
202505,'555,ボツワナ,201711,1242710,83117,572441
202505,'556,エスワティニ,67757,450505,13598,87789
202505,'558,コモロ,121877,569826,2903,29780
202505,'559,エリトリア,606,6512,-,1771
202505,'560,南スーダン,42362,926137,3240620,6781111
202505,'601,オーストラリア,153429955,868310287,487451452,2901871550
202505,'602,パプアニューギニア,2741841,13292359,46686521,248944418
202505,'605,その他のオーストラリア領,21018,81549,-,4721
202505,'606,ニュージーランド,22202292,115546321,35635827,160132579
202505,'607,クック,54338,211447,320432,698848
202505,'608,トケラウ諸島（ニュージーランド）,-,0,233,4955
202505,'609,ニウエ,-,37061,-,1200
202505,'610,サモア,239272,1119033,-,2068
202505,'611,バヌアツ,105531,464528,820214,2048016
202505,'612,フィジー,1482157,6109346,28065,845863
202505,'613,ソロモン,221101,1056268,-,0
202505,'614,トンガ,205625,705353,-,10576
202505,'615,キリバス,94446,1400458,205581,472449
202505,'617,ナウル,47472,531599,112213,234699
202505,'618,ニューカレドニア（仏）,285495,1007131,1639726,6942922
202505,'619,仏領ポリネシア,263227,1392442,750126,4107354
202505,'620,グアム（米）,1010940,5947511,1391,37398
202505,'621,米領サモア,33095,127453,1628,2621
202505,'622,米領オセアニア,-,0,5761,62327
202505,'624,ツバル,-,3502493,-,62103
202505,'625,マーシャル,10540798,69377502,3312376,3347843
202505,'626,ミクロネシア,285419,1791303,90283,189694
202505,'627,北マリアナ諸島（米）,91249,635606,213,213
202505,'628,パラオ,115710,2168171,43065,51564
202505,'702,不明,-,0,56771,201088
202506,'103,大韓民国,552264434,3483218785,384151322,2227205339
202506,'105,中華人民共和国,1551444195,8947287166,2068038313,12854344567
202506,'106,台湾,634866431,3787964727,422608392,2375308325
202506,'107,モンゴル,10001365,83137366,144672,1177445
202506,'108,香港,519169812,2855403143,46171417,143185189
202506,'110,ベトナム,219902229,1312841406,368015723,2202798725
202506,'111,タイ,352365655,2034340856,317884467,1871684670
202506,'112,シンガポール,302447181,1579884965,95159053,564557624
202506,'113,マレーシア,178618652,1010472672,210865402,1461124464
202506,'116,ブルネイ,491224,3623121,17391768,138229660
202506,'117,フィリピン,132080139,787554107,150322508,769803342
202506,'118,インドネシア,161611285,969592750,257536276,1448401514
202506,'120,カンボジア,7760163,49561597,22449875,177739913
202506,'121,ラオス,1510412,8101329,2462449,12808323
202506,'122,ミャンマー,3592104,20602158,15167045,117028562
202506,'123,インド,229464916,1404400589,84419244,565654229
202506,'124,パキスタン,22317063,131469519,2654005,17387277
202506,'125,スリランカ,23660263,73318375,2962294,18330635
202506,'126,モルディブ,843805,2786333,18524,181115
202506,'127,バングラデシュ,23310706,151847118,17794904,127949543
202506,'128,東ティモール,169869,1190340,-,154862
202506,'129,マカオ,3777098,24876429,126428,930599
202506,'130,アフガニスタン,103044,521800,11731,59178
202506,'131,ネパール,429080,2038417,159452,1135660
202506,'132,ブータン,77835,393583,-,10943
202506,'133,イラン,315470,5983355,187225,1928589
202506,'134,イラク,19656105,105412815,921,4900057
202506,'135,バーレーン,9045756,45968235,2369113,49280983
202506,'137,サウジアラビア,102827899,496035047,265019141,2015575833
202506,'138,クウェート,33339157,172413866,63379025,433270925
202506,'140,カタール,21773999,115464829,64639977,548294340
202506,'141,オマーン,15825522,101501603,19061767,216826048
202506,'143,イスラエル,12768373,95564329,18403991,130085275
202506,'144,ヨルダン,7702073,44766681,413193,6897644
202506,'145,シリア,118300,694762,-,43520
202506,'146,レバノン,8881659,23901075,111132,647285
202506,'147,アラブ首長国連邦,146000117,898128070,333790852,2526469594
202506,'149,イエメン,5567755,26999823,10678,170655
202506,'150,アゼルバイジャン,697356,3861095,104062,958301
202506,'151,アルメニア,592250,2199708,665549,3971066
202506,'152,ウズベキスタン,7023313,26656225,297984,1382217
202506,'153,カザフスタン,8327790,62563914,5608030,47268499
202506,'154,キルギス,1118807,5648628,2104,43379
202506,'155,タジキスタン,172792,939900,1464,73859
202506,'156,トルクメニスタン,1014566,5370376,419420,544811
202506,'157,ジョージア,3330182,20914161,142224,521721
202506,'158,ヨルダン川西岸及びガザ,-,42146,-,44585
202506,'201,アイスランド,424034,4311649,1766249,10575925
202506,'202,ノルウェー,10057331,71655326,15501053,98649931
202506,'203,スウェーデン,21821276,107673271,44547747,256334524
202506,'204,デンマーク,6491840,43646753,28619970,186301535
202506,'205,英国,182507374,872602162,89656447,663025675
202506,'206,アイルランド,14954067,96063248,109162063,552142572
202506,'207,オランダ,146088496,857247212,64320802,276870214
202506,'208,ベルギー,69436572,408777864,34582472,185021834
202506,'209,ルクセンブルク,4898824,25901191,737157,6062963
202506,'210,フランス,92063666,495250948,119952267,802040025
202506,'211,モナコ,218,119286,15018,142498
202506,'212,アンドラ,257,31873,347,566
202506,'213,ドイツ,222978481,1276503815,333882634,1771784410
202506,'215,スイス,93663039,529115662,110603118,626983851
202506,'216,アゾレス（葡）,-,6390,-,0
202506,'217,ポルトガル,6917125,40173671,5398285,49049348
202506,'218,スペイン,39043350,221613309,49506005,296197092
202506,'219,ジブラルタル（英）,1493324,10250148,-,486
202506,'220,イタリア,53596526,346999195,188964895,978975834
202506,'221,マルタ,2485879,12648163,318472,13976915
202506,'222,フィンランド,6169797,34828480,22511812,122853919
202506,'223,ポーランド,49360897,266608913,14089233,89364735
202506,'224,ロシア,34164136,167094094,54826364,411589932
202506,'225,オーストリア,13624430,96523407,27452414,178218335
202506,'227,ハンガリー,16464154,94545191,16260404,89012718
202506,'228,セルビア,562726,4062660,3872526,21838025
202506,'229,アルバニア,49647,265675,170435,1171219
202506,'230,ギリシャ,3843822,25455532,9432543,60586804
202506,'231,ルーマニア,5212499,28659583,15563052,114263238
202506,'232,ブルガリア,2243782,13483410,1420619,8731824
202506,'233,キプロス,8408890,50688135,15815,174345
202506,'234,トルコ,54953157,272226492,13420714,79648345
202506,'235,エストニア,3051548,19778774,1416169,10109393
202506,'236,ラトビア,812359,3495089,885823,6251579
202506,'237,リトアニア,1071242,5137462,1890469,10812354
202506,'238,ウクライナ,8495628,45467514,1039916,6901707
202506,'239,ベラルーシ,316825,1289992,39896,318514
202506,'240,モルドバ,89545,399111,638826,2878715
202506,'241,クロアチア,1255841,4963154,1160761,8060070
202506,'242,スロベニア,3972832,17365528,6931358,55671996
202506,'243,ボスニア・ヘルツェゴビナ,21482,606951,139704,1019067
202506,'244,北マケドニア,121290,671633,102762,816749
202506,'245,チェコ,25858332,156688215,22448380,115691670
202506,'246,スロバキア,1916288,11226736,9516036,54531938
202506,'247,モンテネグロ,45355,240864,4874,25888
202506,'248,コソボ,6664,60152,1802,9596
202506,'249,フェロー諸島（デンマーク）,-,460,293577,1601374
202506,'250,バチカン,-,0,-,11866
202506,'301,グリーンランド（デンマーク）,1107,25692,814426,5300160
202506,'302,カナダ,129348173,805896340,137290938,933687409
202506,'303,サンピエール及びミクロン（仏）,-,0,-,305
202506,'304,アメリカ合衆国,1706946683,10301443424,1040595774,6187157796
202506,'305,メキシコ,143906074,882165419,130453741,517820094
202506,'306,グアテマラ,7369617,38076849,4300787,14885804
202506,'307,ホンジュラス,2346407,12399912,1514322,5996928
202506,'308,ベリーズ,120850,1910232,54887,294713
202506,'309,エルサルバドル,2382224,12921992,311270,1216220
202506,'310,ニカラグア,1616128,11493181,342121,1638170
202506,'311,コスタリカ,7633790,41729948,9907223,53063855
202506,'312,パナマ,84008394,423160305,451389,6646062
202506,'314,バーミュダ（英）,79515,701862,385,2332
202506,'315,バハマ,12585806,71915525,525,59777
202506,'316,ジャマイカ,6029743,26414351,298741,1053398
202506,'317,タークス及びカイコス諸島（英）,136856,987493,-,0
202506,'319,バルバドス,12085464,17150367,7471,19048
202506,'320,トリニダード・トバゴ,2179663,13497142,206464,3998496
202506,'321,キューバ,68044,629652,151992,871283
202506,'322,ハイチ,131496,682300,30676,159026
202506,'323,ドミニカ共和国,4693219,29337268,1839947,9710046
202506,'324,プエルトリコ（米）,7187339,62266702,21001056,126300076
202506,'325,米領バージン諸島,1098,48070,-,459
202506,'326,蘭領アンティール,525043,3449070,398,2731
202506,'327,仏領西インド諸島,350919,2149214,1809,7958
202506,'328,ケイマン諸島（英）,527515,1885663,20140,21729
202506,'329,グレナダ,564229,2237640,-,0
202506,'330,セントルシア,544073,1794433,-,578
202506,'331,アンティグア・バーブーダ,506955,1779897,-,520
202506,'332,英領バージン諸島,44916,323734,-,3392
202506,'333,ドミニカ,141115,534627,73075,96496
202506,'334,モントセラト（英）,13856,74652,-,213
202506,'335,セントクリストファー・ネービス,144551,613599,-,7904
202506,'336,セントビンセント,308535,1441132,-,443
202506,'337,英領アンギラ,41486,160807,-,220
202506,'338,サン・バルテルミー島（仏）,30853,94040,-,0
202506,'401,コロンビア,20218800,93151649,7912614,48073691
202506,'402,ベネズエラ,1278324,7849667,1371586,4593803
202506,'403,ガイアナ,3155997,14293478,57709,642498
202506,'404,スリナム,1561386,7789957,104798,318353
202506,'405,仏領ギアナ,56742,299924,-,3010
202506,'406,エクアドル,4306023,31923783,5668834,75086318
202506,'407,ペルー,10288368,59790201,56503585,285951141
202506,'408,ボリビア,1446525,7327285,537048,20544119
202506,'409,チリ,25648583,116522985,107509771,721166836
202506,'410,ブラジル,60749725,382192493,116958238,680015655
202506,'411,パラグアイ,1660979,9487728,126892,1026894
202506,'412,ウルグアイ,826484,5825177,996415,6602454
202506,'413,アルゼンチン,12639445,85162168,3940063,30037911
202506,'414,フォークランド諸島及びその附属諸島（英）,-,0,14510,90488
202506,'501,モロッコ,4395155,24520012,2837840,24538043
202506,'502,セウタ及びメリリア（西）,-,21459,-,5686
202506,'503,アルジェリア,940682,8513947,530,9689
202506,'504,チュニジア,2121983,6295295,1761584,10045565
202506,'505,リビア,1179115,6095649,733,19071
202506,'506,エジプト,8804028,54922290,1058342,6278988
202506,'507,スーダン,824755,4439380,44249,488386
202506,'508,西サハラ,-,13125,-,0
202506,'509,モーリタニア,430060,3248167,2458812,7535945
202506,'510,セネガル,828397,5248867,789356,4299433
202506,'511,ガンビア,85462,213445,-,331
202506,'512,ギニア・ビサウ,7616,24698,-,64697
202506,'513,ギニア,161715,1048871,92900,717611
202506,'514,シエラレオネ,31074,408441,51850,541802
202506,'515,リベリア,5772989,132810277,25924,248479
202506,'516,コートジボワール,949885,4766754,1962820,13345257
202506,'517,ガーナ,2183110,10757090,11507777,49843535
202506,'518,トーゴ,324530,2322744,1165107,2470817
202506,'519,ベナン,22223,242869,-,3948
202506,'520,マリ,103320,470235,7283,40116
202506,'521,ブルキナファソ,232076,526031,1327718,1992491
202506,'522,カーボベルデ,72786,487747,-,608
202506,'523,カナリー諸島（西）,428022,3139809,241,5736
202506,'524,ナイジェリア,5854544,32474385,10942656,58097607
202506,'525,ニジェール,-,106675,264561,1216879
202506,'526,ルワンダ,19474,314745,5153,156916
202506,'527,カメルーン,1023578,3741362,166948,739143
202506,'528,チャド,50681,244309,-,0
202506,'529,中央アフリカ,4285,84743,578,85537
202506,'530,赤道ギニア,147628,251772,5877376,12169563
202506,'531,ガボン,328224,1542219,890384,5521472
202506,'532,コンゴ共和国,30767,266971,4376,31850
202506,'533,コンゴ民主共和国,1438850,8307276,2900,1728282
202506,'534,ブルンジ,101407,664485,49642,329368
202506,'535,アンゴラ,333781,6099871,4580,91347
202506,'536,サントメ・プリンシペ,74000,391117,-,3549
202506,'537,セントヘレナ及びその附属諸島（英）,-,1951,113720,274516
202506,'538,エチオピア,716290,4071701,1988314,7036034
202506,'539,ジブチ,517704,5687172,-,11246
202506,'540,ソマリア,22872,160460,34420,507124
202506,'541,ケニア,13658629,88564134,831936,4914548
202506,'542,ウガンダ,4049786,21734796,348962,2653701
202506,'543,タンザニア,7749446,48372428,1559982,14513098
202506,'544,セーシェル,82474,428973,459005,5261584
202506,'545,モザンビーク,1011550,7519580,3080493,18160664
202506,'546,マダガスカル,167731,924149,732061,13203192
202506,'547,モーリシャス,3205939,18428948,43847,410037
202506,'548,レユニオン（仏）,277485,2035545,3067,158074
202506,'549,ジンバブエ,1034360,5393043,342344,1734429
202506,'550,ナミビア,337057,2948606,217167,1255226
202506,'551,南アフリカ共和国,28096434,152585459,72328292,459420285
202506,'552,レソト,114556,871876,-,18195
202506,'553,マラウイ,463181,2274841,162802,1176827
202506,'554,ザンビア,1440808,7782605,87302,534889
202506,'555,ボツワナ,177661,1420371,43364,615805
202506,'556,エスワティニ,93143,543648,5378,93167
202506,'558,コモロ,114266,684092,-,29780
202506,'559,エリトリア,14635,21147,-,1771
202506,'560,南スーダン,249370,1175507,3166991,9948102
202506,'601,オーストラリア,185190255,1053500542,497826314,3399697864
202506,'602,パプアニューギニア,2378775,15671134,39498178,288442596
202506,'605,その他のオーストラリア領,6763,88312,245,4966
202506,'606,ニュージーランド,27357690,142904011,34962605,195095184
202506,'607,クック,35971,247418,41771,740619
202506,'608,トケラウ諸島（ニュージーランド）,-,0,6576,11531
202506,'609,ニウエ,1527,38588,-,1200
202506,'610,サモア,140950,1259983,835,2903
202506,'611,バヌアツ,126641,591169,410180,2458196
202506,'612,フィジー,898264,7007610,40841,886704
202506,'613,ソロモン,246152,1302420,-,0
202506,'614,トンガ,66851,772204,2556,13132
202506,'615,キリバス,186887,1587345,132908,605357
202506,'617,ナウル,55215,586814,-,234699
202506,'618,ニューカレドニア（仏）,208001,1215132,1025279,7968201
202506,'619,仏領ポリネシア,308933,1701375,1468050,5575404
202506,'620,グアム（米）,1215978,7163489,9570,46968
202506,'621,米領サモア,33371,160824,2421,5042
202506,'622,米領オセアニア,-,0,325,62652
202506,'624,ツバル,6632,3509125,34775,96878
202506,'625,マーシャル,12593724,81971226,27390,3375233
202506,'626,ミクロネシア,242759,2034062,31560,221254
202506,'627,北マリアナ諸島（米）,89309,724915,-,213
202506,'628,パラオ,202727,2370898,30028,81592
202506,'702,不明,-,0,57010,258098
202507,'103,大韓民国,567499110,4050717895,393873536,2621078875
202507,'105,中華人民共和国,1596687437,10543974603,2206278707,15060623274
202507,'106,台湾,633866372,4421831099,399149828,2774458153
202507,'107,モンゴル,10836109,93973475,176491,1353936
202507,'108,香港,560769839,3416172982,10739993,153925182
202507,'110,ベトナム,236096478,1548937884,384767228,2587565953
202507,'111,タイ,377791727,2412132583,339129408,2210814078
202507,'112,シンガポール,262529084,1842414049,91756007,656313631
202507,'113,マレーシア,189442120,1199914792,242087756,1703212220
202507,'116,ブルネイ,1004417,4627538,18632283,156861943
202507,'117,フィリピン,125938419,913492526,130299781,900103123
202507,'118,インドネシア,154919713,1124512463,238880302,1687281816
202507,'120,カンボジア,8037795,57599392,28517852,206257765
202507,'121,ラオス,1799591,9900920,2387107,15195430
202507,'122,ミャンマー,3370165,23972323,17045612,134074174
202507,'123,インド,253294631,1657695220,77084293,642738522
202507,'124,パキスタン,26142754,157612273,3335928,20723205
202507,'125,スリランカ,32594718,105913093,3050176,21380811
202507,'126,モルディブ,471812,3258145,22571,203686
202507,'127,バングラデシュ,27875329,179722447,15078318,143027861
202507,'128,東ティモール,222701,1413041,-,154862
202507,'129,マカオ,3538216,28414645,198934,1129533
202507,'130,アフガニスタン,88239,610039,3292,62470
202507,'131,ネパール,305621,2344038,229235,1364895
202507,'132,ブータン,89231,482814,20673,31616
202507,'133,イラン,403022,6386377,117075,2045664
202507,'134,イラク,12633501,118046316,2691,4902748
202507,'135,バーレーン,8808407,54776642,2361240,51642223
202507,'137,サウジアラビア,87916100,583951147,285174256,2300750089
202507,'138,クウェート,28452986,200866852,77465668,510736593
202507,'140,カタール,18807270,134272099,88611182,636905522
202507,'141,オマーン,16745913,118247516,16774599,233600647
202507,'143,イスラエル,9668856,105233185,23098401,153183676
202507,'144,ヨルダン,5948405,50715086,2112891,9010535
202507,'145,シリア,65370,760132,16088,59608
202507,'146,レバノン,3469086,27370161,56072,703357
202507,'147,アラブ首長国連邦,139626064,1037754134,393057683,2919527277
202507,'149,イエメン,4840425,31840248,90506,261161
202507,'150,アゼルバイジャン,765238,4626333,216748,1175049
202507,'151,アルメニア,700995,2900703,943162,4914228
202507,'152,ウズベキスタン,5151088,31807313,108435,1490652
202507,'153,カザフスタン,10200561,72764475,12256135,59524634
202507,'154,キルギス,1707609,7356237,496,43875
202507,'155,タジキスタン,184327,1124227,2479,76338
202507,'156,トルクメニスタン,711795,6082171,736,545547
202507,'157,ジョージア,3227726,24141887,87796,609517
202507,'158,ヨルダン川西岸及びガザ,2010,44156,11868,56453
202507,'201,アイスランド,134012,4445661,2267934,12843859
202507,'202,ノルウェー,8892333,80547659,17379195,116029126
202507,'203,スウェーデン,20731816,128405087,43043674,299378198
202507,'204,デンマーク,7166553,50813306,25598049,211899584
202507,'205,英国,187587417,1060189579,106429882,769455557
202507,'206,アイルランド,15781686,111844934,102488359,654630931
202507,'207,オランダ,162685802,1019933014,33582388,310452602
202507,'208,ベルギー,67393225,476171089,42236701,227258535
202507,'209,ルクセンブルク,7234146,33135337,1296397,7359360
202507,'210,フランス,80182425,575433373,201164721,1003204746
202507,'211,モナコ,21506,140792,9871,152369
202507,'212,アンドラ,1357,33230,1456,2022
202507,'213,ドイツ,242921149,1519424964,287388500,2059172910
202507,'215,スイス,79115065,608230727,114854611,741838462
202507,'216,アゾレス（葡）,-,6390,-,0
202507,'217,ポルトガル,6726675,46900346,7199607,56248955
202507,'218,スペイン,41200445,262813754,47588136,343785228
202507,'219,ジブラルタル（英）,523447,10773595,-,486
202507,'220,イタリア,56712744,403711939,182420275,1161396109
202507,'221,マルタ,1613429,14261592,1549052,15525967
202507,'222,フィンランド,5431503,40259983,22689944,145543863
202507,'223,ポーランド,58091599,324700512,15638584,105003319
202507,'224,ロシア,34638418,201732512,68515142,480105074
202507,'225,オーストリア,17455756,113979163,32422796,210641131
202507,'227,ハンガリー,15255106,109800297,13976329,102989047
202507,'228,セルビア,705620,4768280,3629381,25467406
202507,'229,アルバニア,25691,291366,336875,1508094
202507,'230,ギリシャ,3916414,29371946,14310980,74897784
202507,'231,ルーマニア,5250791,33910374,21447529,135710767
202507,'232,ブルガリア,2598770,16082180,1654036,10385860
202507,'233,キプロス,7794810,58482945,30991,205336
202507,'234,トルコ,52747081,324973573,12141349,91789694
202507,'235,エストニア,3231536,23010310,2097404,12206797
202507,'236,ラトビア,521975,4017064,1240564,7492143
202507,'237,リトアニア,1042501,6179963,1440688,12253042
202507,'238,ウクライナ,9843573,55311087,681303,7583010
202507,'239,ベラルーシ,260283,1550275,78036,396550
202507,'240,モルドバ,90769,489880,941384,3820099
202507,'241,クロアチア,873012,5836166,989685,9049755
202507,'242,スロベニア,2296712,19662240,11850338,67522334
202507,'243,ボスニア・ヘルツェゴビナ,22206,629157,214630,1233697
202507,'244,北マケドニア,74778,746411,210341,1027090
202507,'245,チェコ,30430572,187118787,23440777,139132447
202507,'246,スロバキア,2288377,13515113,7690684,62222622
202507,'247,モンテネグロ,93431,334295,5866,31754
202507,'248,コソボ,-,60152,1551,11147
202507,'249,フェロー諸島（デンマーク）,3972,4432,228058,1829432
202507,'250,バチカン,-,0,-,11866
202507,'301,グリーンランド（デンマーク）,233,25925,1191056,6491216
202507,'302,カナダ,150685002,956581342,147479282,1081166691
202507,'303,サンピエール及びミクロン（仏）,-,0,-,305
202507,'304,アメリカ合衆国,1714227137,12015670561,1145876978,7333034774
202507,'305,メキシコ,149485478,1031650897,108901766,626721860
202507,'306,グアテマラ,7623474,45700323,3311380,18197184
202507,'307,ホンジュラス,3526126,15926038,1542860,7539788
202507,'308,ベリーズ,306765,2216997,69118,363831
202507,'309,エルサルバドル,2509284,15431276,191500,1407720
202507,'310,ニカラグア,2200403,13693584,145127,1783297
202507,'311,コスタリカ,7895548,49625496,8385183,61449038
202507,'312,パナマ,80808859,503969164,6761667,13407729
202507,'314,バーミュダ（英）,111482,813344,425,2757
202507,'315,バハマ,1098534,73014059,13848,73625
202507,'316,ジャマイカ,3838640,30252991,329849,1383247
202507,'317,タークス及びカイコス諸島（英）,264767,1252260,-,0
202507,'319,バルバドス,1131314,18281681,1138,20186
202507,'320,トリニダード・トバゴ,2217634,15714776,210434,4208930
202507,'321,キューバ,172240,801892,220675,1091958
202507,'322,ハイチ,91264,773564,21463,180489
202507,'323,ドミニカ共和国,4340759,33678027,1517567,11227613
202507,'324,プエルトリコ（米）,5899716,68166418,22344644,148644720
202507,'325,米領バージン諸島,6119,54189,248,707
202507,'326,蘭領アンティール,302582,3751652,-,2731
202507,'327,仏領西インド諸島,216407,2365621,4305,12263
202507,'328,ケイマン諸島（英）,229279,2114942,-,21729
202507,'329,グレナダ,309977,2547617,-,0
202507,'330,セントルシア,276523,2070956,319,897
202507,'331,アンティグア・バーブーダ,298723,2078620,-,520
202507,'332,英領バージン諸島,83648,407382,-,3392
202507,'333,ドミニカ,48188,582815,86759,183255
202507,'334,モントセラト（英）,10044,84696,-,213
202507,'335,セントクリストファー・ネービス,82136,695735,-,7904
202507,'336,セントビンセント,133117,1574249,-,443
202507,'337,英領アンギラ,32738,193545,-,220
202507,'338,サン・バルテルミー島（仏）,13982,108022,-,0
202507,'401,コロンビア,15199826,108351475,7171033,55244724
202507,'402,ベネズエラ,1260639,9110306,878620,5472423
202507,'403,ガイアナ,3617279,17910757,1836,644334
202507,'404,スリナム,1716274,9506231,101371,419724
202507,'405,仏領ギアナ,62150,362074,253,3263
202507,'406,エクアドル,5587039,37510822,15352829,90439147
202507,'407,ペルー,9793519,69583720,44626254,330577395
202507,'408,ボリビア,1376428,8703713,1946058,22490177
202507,'409,チリ,17893380,134416365,106948029,828114865
202507,'410,ブラジル,63648910,445841403,112859133,792874788
202507,'411,パラグアイ,1385043,10872771,508492,1535386
202507,'412,ウルグアイ,896421,6721598,803951,7406405
202507,'413,アルゼンチン,17652815,102814983,6157405,36195316
202507,'414,フォークランド諸島及びその附属諸島（英）,-,0,-,90488
202507,'501,モロッコ,3735991,28256003,5606768,30144811
202507,'502,セウタ及びメリリア（西）,-,21459,2877,8563
202507,'503,アルジェリア,1030498,9544445,2556622,2566311
202507,'504,チュニジア,973247,7268542,2166239,12211804
202507,'505,リビア,481353,6577002,726411,745482
202507,'506,エジプト,9822716,64745006,1268457,7547445
202507,'507,スーダン,892155,5331535,195747,684133
202507,'508,西サハラ,-,13125,-,0
202507,'509,モーリタニア,357166,3605333,1407728,8943673
202507,'510,セネガル,1202051,6450918,962045,5261478
202507,'511,ガンビア,925,214370,30257,30588
202507,'512,ギニア・ビサウ,33044,57742,27211,91908
202507,'513,ギニア,100791,1149662,96761,814372
202507,'514,シエラレオネ,11425,419866,71898,613700
202507,'515,リベリア,30322871,163133148,283892,532371
202507,'516,コートジボワール,695224,5461978,2435319,15780576
202507,'517,ガーナ,2369076,13126166,8215567,58059102
202507,'518,トーゴ,551595,2874339,705452,3176269
202507,'519,ベナン,57649,300518,35545,39493
202507,'520,マリ,140081,610316,216322,256438
202507,'521,ブルキナファソ,138310,664341,920299,2912790
202507,'522,カーボベルデ,74474,562221,-,608
202507,'523,カナリー諸島（西）,678739,3818548,3467,9203
202507,'524,ナイジェリア,5213245,37687630,5647849,63745456
202507,'525,ニジェール,-,106675,285666,1502545
202507,'526,ルワンダ,59947,374692,-,156916
202507,'527,カメルーン,631287,4372649,392034,1131177
202507,'528,チャド,71576,315885,-,0
202507,'529,中央アフリカ,20599,105342,12767,98304
202507,'530,赤道ギニア,53226,304998,-,12169563
202507,'531,ガボン,344726,1886945,154338,5675810
202507,'532,コンゴ共和国,136121,403092,1525,33375
202507,'533,コンゴ民主共和国,1448292,9755568,413048,2141330
202507,'534,ブルンジ,123991,788476,45232,374600
202507,'535,アンゴラ,345411,6445282,609,91956
202507,'536,サントメ・プリンシペ,5068,396185,2481,6030
202507,'537,セントヘレナ及びその附属諸島（英）,1337,3288,88916,363432
202507,'538,エチオピア,199729,4271430,2764759,9800793
202507,'539,ジブチ,391069,6078241,435,11681
202507,'540,ソマリア,10708,171168,20537,527661
202507,'541,ケニア,21117162,109681296,802428,5716976
202507,'542,ウガンダ,5606039,27340835,395893,3049594
202507,'543,タンザニア,9865248,58237676,909007,15422105
202507,'544,セーシェル,101723,530696,1095232,6356816
202507,'545,モザンビーク,1459324,8978904,12865379,31026043
202507,'546,マダガスカル,86230,1010379,1719388,14922580
202507,'547,モーリシャス,2860996,21289944,40211,450248
202507,'548,レユニオン（仏）,282060,2317605,3609,161683
202507,'549,ジンバブエ,1200000,6593043,372059,2106488
202507,'550,ナミビア,536204,3484810,108119,1363345
202507,'551,南アフリカ共和国,32721782,185307241,73677483,533097768
202507,'552,レソト,114409,986285,257,18452
202507,'553,マラウイ,662269,2937110,311472,1488299
202507,'554,ザンビア,1881608,9664213,57266,592155
202507,'555,ボツワナ,215791,1636162,42006,657811
202507,'556,エスワティニ,62856,606504,6911,100078
202507,'558,コモロ,29459,713551,1755,31535
202507,'559,エリトリア,6803,27950,236,2007
202507,'560,南スーダン,290467,1465974,-,9948102
202507,'601,オーストラリア,189885294,1243385836,571545841,3971243705
202507,'602,パプアニューギニア,2604258,18275392,32914786,321357382
202507,'605,その他のオーストラリア領,5940,94252,-,4966
202507,'606,ニュージーランド,28659729,171563740,37010069,232105253
202507,'607,クック,65693,313111,191506,932125
202507,'608,トケラウ諸島（ニュージーランド）,-,0,-,11531
202507,'609,ニウエ,3432,42020,648,1848
202507,'610,サモア,236265,1496248,2119,5022
202507,'611,バヌアツ,200418,791587,98195,2556391
202507,'612,フィジー,1882976,8890586,45994,932698
202507,'613,ソロモン,242263,1544683,19876,19876
202507,'614,トンガ,307899,1080103,3566,16698
202507,'615,キリバス,63244,1650589,126864,732221
202507,'617,ナウル,4796,591610,18789,253488
202507,'618,ニューカレドニア（仏）,188105,1403237,2603389,10571590
202507,'619,仏領ポリネシア,393743,2095118,435226,6010630
202507,'620,グアム（米）,1371292,8534781,12381,59349
202507,'621,米領サモア,23891,184715,-,5042
202507,'622,米領オセアニア,-,0,1106,63758
202507,'624,ツバル,8778,3517903,-,96878
202507,'625,マーシャル,18965152,100936378,15119,3390352
202507,'626,ミクロネシア,276522,2310584,21076,242330
202507,'627,北マリアナ諸島（米）,64150,789065,-,213
202507,'628,パラオ,91965,2462863,8238,89830
202507,'702,不明,-,0,155793,413891
202508,'103,大韓民国,531685204,4582403099,347093090,2968171965
202508,'105,中華人民共和国,1500867746,12044842349,1927092522,16987715796
202508,'106,台湾,634084581,5055915680,405522534,3179980687
202508,'107,モンゴル,7984074,101957549,120471,1474407
202508,'108,香港,551244158,3967417140,8496308,162421490
202508,'110,ベトナム,233521577,1782459461,362123735,2949689688
202508,'111,タイ,333870975,2746003558,293222614,2504036692
202508,'112,シンガポール,232571747,2074985796,79917536,736231167
202508,'113,マレーシア,155269859,1355184651,206775571,1909987791
202508,'116,ブルネイ,969698,5597236,3930551,160792494
202508,'117,フィリピン,114264242,1027756768,135406533,1035509656
202508,'118,インドネシア,129778915,1254291378,269832758,1957114574
202508,'120,カンボジア,7008302,64607694,33450755,239708520
202508,'121,ラオス,1510277,11411197,1805709,17001139
202508,'122,ミャンマー,2907368,26879691,22616911,156691085
202508,'123,インド,233997614,1891692834,82042426,724780948
202508,'124,パキスタン,22249860,179862133,2476314,23199519
202508,'125,スリランカ,18584107,124497200,2955397,24336208
202508,'126,モルディブ,315178,3573323,68939,272625
202508,'127,バングラデシュ,21960473,201682920,19108400,162136261
202508,'128,東ティモール,294306,1707347,676,155538
202508,'129,マカオ,3968344,32382989,92227,1221760
202508,'130,アフガニスタン,71558,681597,11610,74080
202508,'131,ネパール,237187,2581225,214995,1579890
202508,'132,ブータン,184112,666926,58247,89863
202508,'133,イラン,746787,7133164,333286,2378950
202508,'134,イラク,15636722,133683038,920,4903668
202508,'135,バーレーン,7029776,61806418,4304120,55946343
202508,'137,サウジアラビア,68843941,652795088,367668122,2668418211
202508,'138,クウェート,22234332,223101184,70349377,581085970
202508,'140,カタール,14390248,148662347,89204656,726110178
202508,'141,オマーン,13540393,131787909,23853348,257453995
202508,'143,イスラエル,11479665,116712850,20089749,173273425
202508,'144,ヨルダン,5672580,56387666,904582,9915117
202508,'145,シリア,121236,881368,-,59608
202508,'146,レバノン,5824237,33194398,23256,726613
202508,'147,アラブ首長国連邦,128843180,1166597314,329666081,3249193358
202508,'149,イエメン,4148098,35988346,54178,315339
202508,'150,アゼルバイジャン,90893,4717226,317917,1492966
202508,'151,アルメニア,207153,3107856,987830,5902058
202508,'152,ウズベキスタン,3917941,35725254,372322,1862974
202508,'153,カザフスタン,16489108,89253583,9661776,69186410
202508,'154,キルギス,983681,8339918,11668,55543
202508,'155,タジキスタン,347657,1471884,3114,79452
202508,'156,トルクメニスタン,717114,6799285,-,545547
202508,'157,ジョージア,3804941,27946828,174890,784407
202508,'158,ヨルダン川西岸及びガザ,85978,130134,-,56453
202508,'201,アイスランド,301026,4746687,1113533,13957392
202508,'202,ノルウェー,8768549,89316208,16670472,132699598
202508,'203,スウェーデン,18675977,147081064,27476165,326854363
202508,'204,デンマーク,6120497,56933803,23216183,235115767
202508,'205,英国,160871463,1221061042,86170935,855626492
202508,'206,アイルランド,17085023,128929957,49595557,704226488
202508,'207,オランダ,142168945,1162101959,30570924,341023526
202508,'208,ベルギー,60302288,536473377,41585079,268843614
202508,'209,ルクセンブルク,3284621,36419958,1072247,8431607
202508,'210,フランス,71564905,646998278,132240220,1135444966
202508,'211,モナコ,-,140792,10941,163310
202508,'212,アンドラ,3511,36741,-,2022
202508,'213,ドイツ,223395888,1742820852,274576039,2333748949
202508,'215,スイス,98852999,707083726,100056703,841895165
202508,'216,アゾレス（葡）,-,6390,-,0
202508,'217,ポルトガル,4883086,51783432,6531773,62780728
202508,'218,スペイン,35001948,297815702,43979915,387765143
202508,'219,ジブラルタル（英）,444173,11217768,-,486
202508,'220,イタリア,48501889,452213828,135038275,1296434384
202508,'221,マルタ,1374052,15635644,372262,15898229
202508,'222,フィンランド,7108516,47368499,18292968,163836831
202508,'223,ポーランド,45806723,370507235,13445077,118448396
202508,'224,ロシア,30738269,232470781,61578375,541683449
202508,'225,オーストリア,15279582,129258745,29205581,239846712
202508,'227,ハンガリー,16480622,126280919,16370123,119359170
202508,'228,セルビア,446442,5214722,3792152,29259558
202508,'229,アルバニア,59176,350542,146500,1654594
202508,'230,ギリシャ,3168040,32539986,9364411,84262195
202508,'231,ルーマニア,5432876,39343250,15943079,151653846
202508,'232,ブルガリア,2343325,18425505,1929272,12315132
202508,'233,キプロス,12139471,70622416,24041,229377
202508,'234,トルコ,33529281,358502854,12442956,104232650
202508,'235,エストニア,3553729,26564039,2230722,14437519
202508,'236,ラトビア,573710,4590774,986515,8478658
202508,'237,リトアニア,822291,7002254,1552148,13805190
202508,'238,ウクライナ,7258865,62569952,981761,8564771
202508,'239,ベラルーシ,182606,1732881,59588,456138
202508,'240,モルドバ,46563,536443,914724,4734823
202508,'241,クロアチア,918993,6755159,995727,10045482
202508,'242,スロベニア,2406801,22069041,12879933,80402267
202508,'243,ボスニア・ヘルツェゴビナ,18569,647726,179537,1413234
202508,'244,北マケドニア,84049,830460,170534,1197624
202508,'245,チェコ,29993328,217112115,15129723,154262170
202508,'246,スロバキア,2073562,15588675,6331965,68554587
202508,'247,モンテネグロ,34511,368806,2934,34688
202508,'248,コソボ,1669,61821,482,11629
202508,'249,フェロー諸島（デンマーク）,-,4432,167847,1997279
202508,'250,バチカン,-,0,-,11866
202508,'301,グリーンランド（デンマーク）,2210,28135,1013795,7505011
202508,'302,カナダ,108789242,1065370584,116729825,1197896516
202508,'303,サンピエール及びミクロン（仏）,-,0,-,305
202508,'304,アメリカ合衆国,1380417364,13396087925,1065714278,8398749052
202508,'305,メキシコ,139959702,1171610599,87834359,714556219
202508,'306,グアテマラ,4689550,50389873,6029888,24227072
202508,'307,ホンジュラス,1906231,17832269,2247054,9786842
202508,'308,ベリーズ,56240,2273237,15269,379100
202508,'309,エルサルバドル,1358183,16789459,480249,1887969
202508,'310,ニカラグア,1598723,15292307,466420,2249717
202508,'311,コスタリカ,7520915,57146411,9003594,70452632
202508,'312,パナマ,66002180,569971344,10304160,23711889
202508,'314,バーミュダ（英）,146844,960188,387,3144
202508,'315,バハマ,896402,73910461,-,73625
202508,'316,ジャマイカ,5228628,35481619,289728,1672975
202508,'317,タークス及びカイコス諸島（英）,232707,1484967,3502,3502
202508,'319,バルバドス,6343764,24625445,13644,33830
202508,'320,トリニダード・トバゴ,1990866,17705642,135274,4344204
202508,'321,キューバ,60612,862504,25014,1116972
202508,'322,ハイチ,76354,849918,165380,345869
202508,'323,ドミニカ共和国,4484752,38162779,1763143,12990756
202508,'324,プエルトリコ（米）,7250539,75416957,21887106,170531826
202508,'325,米領バージン諸島,5313,59502,-,707
202508,'326,蘭領アンティール,544615,4296267,503,3234
202508,'327,仏領西インド諸島,825115,3190736,1282,13545
202508,'328,ケイマン諸島（英）,286807,2401749,-,21729
202508,'329,グレナダ,401056,2948673,-,0
202508,'330,セントルシア,337492,2408448,-,897
202508,'331,アンティグア・バーブーダ,299448,2378068,-,520
202508,'332,英領バージン諸島,19325,426707,-,3392
202508,'333,ドミニカ,92687,675502,26366,209621
202508,'334,モントセラト（英）,12682,97378,-,213
202508,'335,セントクリストファー・ネービス,124930,820665,-,7904
202508,'336,セントビンセント,233632,1807881,-,443
202508,'337,英領アンギラ,23168,216713,264,484
202508,'338,サン・バルテルミー島（仏）,-,108022,-,0
202508,'401,コロンビア,15470390,123821865,10814238,66058962
202508,'402,ベネズエラ,817944,9928250,1002792,6475215
202508,'403,ガイアナ,3275948,21186705,30806,675140
202508,'404,スリナム,1045388,10551619,231857,651581
202508,'405,仏領ギアナ,76272,438346,-,3263
202508,'406,エクアドル,4035269,41546091,9749414,100188561
202508,'407,ペルー,9028798,78612518,38520007,369097402
202508,'408,ボリビア,1451687,10155400,6923986,29414163
202508,'409,チリ,24439401,158855766,105507541,933622406
202508,'410,ブラジル,57751991,503593394,112376782,905251570
202508,'411,パラグアイ,1457712,12330483,246213,1781599
202508,'412,ウルグアイ,704238,7425836,1206859,8613264
202508,'413,アルゼンチン,15673484,118488467,4726322,40921638
202508,'414,フォークランド諸島及びその附属諸島（英）,-,0,30803,121291
202508,'501,モロッコ,3947908,32203911,2089446,32234257
202508,'502,セウタ及びメリリア（西）,7599,29058,799,9362
202508,'503,アルジェリア,1178437,10722882,3179,2569490
202508,'504,チュニジア,2731234,9999776,1202529,13414333
202508,'505,リビア,577057,7154059,-,745482
202508,'506,エジプト,8921554,73666560,871908,8419353
202508,'507,スーダン,799637,6131172,38402,722535
202508,'508,西サハラ,-,13125,-,0
202508,'509,モーリタニア,169434,3774767,763907,9707580
202508,'510,セネガル,734017,7184935,477145,5738623
202508,'511,ガンビア,2564,216934,-,30588
202508,'512,ギニア・ビサウ,29097,86839,131333,223241
202508,'513,ギニア,81446,1231108,64494,878866
202508,'514,シエラレオネ,102552,522418,18961,632661
202508,'515,リベリア,9675543,172808691,273733,806104
202508,'516,コートジボワール,290424,5752402,1300972,17081548
202508,'517,ガーナ,2092948,15219114,2977905,61037007
202508,'518,トーゴ,278389,3152728,725892,3902161
202508,'519,ベナン,127321,427839,-,39493
202508,'520,マリ,98441,708757,152114,408552
202508,'521,ブルキナファソ,54553,718894,772509,3685299
202508,'522,カーボベルデ,163338,725559,196344,196952
202508,'523,カナリー諸島（西）,435826,4254374,-,9203
202508,'524,ナイジェリア,6343755,44031385,3836895,67582351
202508,'525,ニジェール,18648,125323,154449,1656994
202508,'526,ルワンダ,67235,441927,1315,158231
202508,'527,カメルーン,343492,4716141,94765,1225942
202508,'528,チャド,62869,378754,-,0
202508,'529,中央アフリカ,23195,128537,21395,119699
202508,'530,赤道ギニア,18465,323463,-,12169563
202508,'531,ガボン,390824,2277769,1095819,6771629
202508,'532,コンゴ共和国,153992,557084,290,33665
202508,'533,コンゴ民主共和国,1427682,11183250,332931,2474261
202508,'534,ブルンジ,120491,908967,236,374836
202508,'535,アンゴラ,192355,6637637,20844,112800
202508,'536,サントメ・プリンシペ,1166,397351,-,6030
202508,'537,セントヘレナ及びその附属諸島（英）,-,3288,48198,411630
202508,'538,エチオピア,1082853,5354283,2780496,12581289
202508,'539,ジブチ,470816,6549057,-,11681
202508,'540,ソマリア,319,171487,-,527661
202508,'541,ケニア,15693143,125374439,798830,6515806
202508,'542,ウガンダ,3521096,30861931,511363,3560957
202508,'543,タンザニア,8682404,66920080,217087,15639192
202508,'544,セーシェル,70718,601414,732019,7088835
202508,'545,モザンビーク,1117468,10096372,973400,31999443
202508,'546,マダガスカル,141695,1152074,3103464,18026044
202508,'547,モーリシャス,1664747,22954691,29661,479909
202508,'548,レユニオン（仏）,282507,2600112,5813,167496
202508,'549,ジンバブエ,1346142,7939185,348416,2454904
202508,'550,ナミビア,323232,3808042,153214,1516559
202508,'551,南アフリカ共和国,27529536,212836777,73329200,606426968
202508,'552,レソト,113662,1099947,-,18452
202508,'553,マラウイ,714082,3651192,120797,1609096
202508,'554,ザンビア,1719942,11384155,124872,717027
202508,'555,ボツワナ,239185,1875347,22008,679819
202508,'556,エスワティニ,76649,683153,14893,114971
202508,'558,コモロ,29588,743139,-,31535
202508,'559,エリトリア,-,27950,-,2007
202508,'560,南スーダン,361801,1827775,2869721,12817823
202508,'601,オーストラリア,185742155,1429127991,603145149,4574388854
202508,'602,パプアニューギニア,2175983,20451375,38531665,359889047
202508,'605,その他のオーストラリア領,35144,129396,-,4966
202508,'606,ニュージーランド,29926305,201490045,33620713,265725966
202508,'607,クック,69767,382878,87117,1019242
202508,'608,トケラウ諸島（ニュージーランド）,-,0,-,11531
202508,'609,ニウエ,-,42020,613,2461
202508,'610,サモア,305974,1802222,-,5022
202508,'611,バヌアツ,192607,984194,429752,2986143
202508,'612,フィジー,1151601,10042187,618998,1551696
202508,'613,ソロモン,479238,2023921,-,19876
202508,'614,トンガ,213383,1293486,1649,18347
202508,'615,キリバス,111904,1762493,97505,829726
202508,'617,ナウル,14563,606173,50116,303604
202508,'618,ニューカレドニア（仏）,306741,1709978,185596,10757186
202508,'619,仏領ポリネシア,340773,2435891,100928,6111558
202508,'620,グアム（米）,938833,9473614,9857,69206
202508,'621,米領サモア,125749,310464,-,5042
202508,'622,米領オセアニア,-,0,5584,69342
202508,'624,ツバル,7184,3525087,-,96878
202508,'625,マーシャル,26476609,127412987,65473,3455825
202508,'626,ミクロネシア,216646,2527230,9442,251772
202508,'627,北マリアナ諸島（米）,175554,964619,-,213
202508,'628,パラオ,119854,2582717,13565,103395
202508,'702,不明,-,0,58099,471990
202509,'103,大韓民国,576633199,5159036298,389838375,3358010340
202509,'105,中華人民共和国,1593238587,13638080936,2368599287,19356315083
202509,'106,台湾,666582944,5722498624,428177899,3608158586
202509,'107,モンゴル,10736610,112694159,193010,1667417
202509,'108,香港,618456723,4585873863,54421032,216842522
202509,'110,ベトナム,248609794,2031069255,378659071,3328348759
202509,'111,タイ,343680341,3089683899,333874472,2837911164
202509,'112,シンガポール,290201421,2365187217,106868828,843099995
202509,'113,マレーシア,182054602,1537239253,246695108,2156682899
202509,'116,ブルネイ,529389,6126625,20238442,181030936
202509,'117,フィリピン,134644795,1162401563,129547237,1165056893
202509,'118,インドネシア,161534821,1415826199,307744474,2264859048
202509,'120,カンボジア,7012359,71620053,30205300,269913820
202509,'121,ラオス,1397476,12808673,2036049,19037188
202509,'122,ミャンマー,3930108,30809799,29674427,186365512
202509,'123,インド,242623368,2134316202,71539383,796320331
202509,'124,パキスタン,27355999,207218132,2391835,25591354
202509,'125,スリランカ,21234114,145731314,3752273,28088481
202509,'126,モルディブ,354489,3927812,35038,307663
202509,'127,バングラデシュ,33736954,235419874,24621429,186757690
202509,'128,東ティモール,216369,1923716,1586090,1741628
202509,'129,マカオ,3908813,36291802,188110,1409870
202509,'130,アフガニスタン,87176,768773,15230,89310
202509,'131,ネパール,439020,3020245,320031,1899921
202509,'132,ブータン,147381,814307,27941,117804
202509,'133,イラン,481744,7614908,187098,2566048
202509,'134,イラク,13368204,147051242,4924119,9827787
202509,'135,バーレーン,8650426,70456844,3470838,59417181
202509,'137,サウジアラビア,105301232,758096320,263492106,2931910317
202509,'138,クウェート,27708548,250809732,83343848,664429818
202509,'140,カタール,17674081,166336428,90791151,816901329
202509,'141,オマーン,17884279,149672188,22105645,279559640
202509,'143,イスラエル,16964300,133677150,21901397,195174822
202509,'144,ヨルダン,6982866,63370532,636759,10551876
202509,'145,シリア,175489,1056857,28736,88344
202509,'146,レバノン,8527466,41721864,51946,778559
202509,'147,アラブ首長国連邦,177183029,1343780343,385752564,3634945922
202509,'149,イエメン,4997028,40985374,21152,336491
202509,'150,アゼルバイジャン,824042,5541268,150312,1643278
202509,'151,アルメニア,232274,3340130,822666,6724724
202509,'152,ウズベキスタン,10205071,45930325,14234,1877208
202509,'153,カザフスタン,13559907,102813490,9923142,79109552
202509,'154,キルギス,793834,9133752,8776,64319
202509,'155,タジキスタン,408887,1880771,-,79452
202509,'156,トルクメニスタン,2144047,8943332,1916,547463
202509,'157,ジョージア,3464912,31411740,415624,1200031
202509,'158,ヨルダン川西岸及びガザ,12276,142410,-,56453
202509,'201,アイスランド,657662,5404349,1486584,15443976
202509,'202,ノルウェー,9795111,99111319,17594597,150294195
202509,'203,スウェーデン,15250382,162331446,56951891,383806254
202509,'204,デンマーク,6619009,63552812,26306185,261421952
202509,'205,英国,150889776,1371950818,125766141,981392633
202509,'206,アイルランド,15607266,144537223,110913062,815139550
202509,'207,オランダ,162029430,1324131389,36668245,377691771
202509,'208,ベルギー,72551304,609024681,38095676,306939290
202509,'209,ルクセンブルク,6503765,42923723,1037986,9469593
202509,'210,フランス,84713548,731711826,153433718,1288878684
202509,'211,モナコ,3143,143935,21417,184727
202509,'212,アンドラ,-,36741,652,2674
202509,'213,ドイツ,250423060,1993243912,312053032,2645801981
202509,'215,スイス,85259743,792343469,116906791,958801956
202509,'216,アゾレス（葡）,-,6390,-,0
202509,'217,ポルトガル,5529334,57312766,8906369,71687097
202509,'218,スペイン,50409180,348224882,44792567,432557710
202509,'219,ジブラルタル（英）,990711,12208479,-,486
202509,'220,イタリア,60230227,512444055,168702593,1465136977
202509,'221,マルタ,1648875,17284519,697254,16595483
202509,'222,フィンランド,5690990,53059489,22216090,186052921
202509,'223,ポーランド,60970235,431477470,22076228,140524624
202509,'224,ロシア,35619767,268090548,68170442,609853891
202509,'225,オーストリア,15238240,144496985,28158686,268005398
202509,'227,ハンガリー,15145319,141426238,16036382,135395552
202509,'228,セルビア,648633,5863355,4339788,33599346
202509,'229,アルバニア,25601,376143,257559,1912153
202509,'230,ギリシャ,4567994,37107980,13317259,97579454
202509,'231,ルーマニア,6447750,45791000,19199777,170853623
202509,'232,ブルガリア,2445286,20870791,1938396,14253528
202509,'233,キプロス,7970523,78592939,20751,250128
202509,'234,トルコ,43023719,401526573,14293104,118525754
202509,'235,エストニア,1300240,27864279,1170151,15607670
202509,'236,ラトビア,465218,5055992,1298831,9777489
202509,'237,リトアニア,1005312,8007566,1784934,15590124
202509,'238,ウクライナ,8131114,70701066,903397,9468168
202509,'239,ベラルーシ,150722,1883603,23376,479514
202509,'240,モルドバ,108259,644702,731337,5466160
202509,'241,クロアチア,770031,7525190,1262186,11307668
202509,'242,スロベニア,2884413,24953454,11075560,91477827
202509,'243,ボスニア・ヘルツェゴビナ,35132,682858,227577,1640811
202509,'244,北マケドニア,89070,919530,157320,1354944
202509,'245,チェコ,32015112,249127227,18434661,172696831
202509,'246,スロバキア,3055965,18644640,10877024,79431611
202509,'247,モンテネグロ,37683,406489,978,35666
202509,'248,コソボ,-,61821,531,12160
202509,'249,フェロー諸島（デンマーク）,-,4432,222188,2219467
202509,'250,バチカン,-,0,-,11866
202509,'301,グリーンランド（デンマーク）,489,28624,951000,8456011
202509,'302,カナダ,131502852,1196873436,134070272,1331966788
202509,'303,サンピエール及びミクロン（仏）,3244,3244,-,305
202509,'304,アメリカ合衆国,1596871736,14992959661,1084075001,9482824053
202509,'305,メキシコ,165132392,1336742991,85890678,800446897
202509,'306,グアテマラ,6401801,56791674,4119491,28346563
202509,'307,ホンジュラス,1889638,19721907,1957498,11744340
202509,'308,ベリーズ,112708,2385945,41006,420106
202509,'309,エルサルバドル,2700294,19489753,483196,2371165
202509,'310,ニカラグア,2481322,17773629,441587,2691304
202509,'311,コスタリカ,8295542,65441953,9606563,80059195
202509,'312,パナマ,79343851,649315195,9320605,33032494
202509,'314,バーミュダ（英）,148036,1108224,-,3144
202509,'315,バハマ,868200,74778661,15767,89392
202509,'316,ジャマイカ,4623064,40104683,387635,2060610
202509,'317,タークス及びカイコス諸島（英）,241962,1726929,-,3502
202509,'319,バルバドス,6384280,31009725,1242,35072
202509,'320,トリニダード・トバゴ,2094862,19800504,823937,5168141
202509,'321,キューバ,96594,959098,123465,1240437
202509,'322,ハイチ,44508,894426,52086,397955
202509,'323,ドミニカ共和国,4154019,42316798,1817741,14808497
202509,'324,プエルトリコ（米）,11532606,86949563,20048150,190579976
202509,'325,米領バージン諸島,369,59871,1319,2026
202509,'326,蘭領アンティール,431957,4728224,-,3234
202509,'327,仏領西インド諸島,468847,3659583,466,14011
202509,'328,ケイマン諸島（英）,309420,2711169,-,21729
202509,'329,グレナダ,365993,3314666,1594,1594
202509,'330,セントルシア,320574,2729022,-,897
202509,'331,アンティグア・バーブーダ,260484,2638552,-,520
202509,'332,英領バージン諸島,72665,499372,-,3392
202509,'333,ドミニカ,98462,773964,7136,216757
202509,'334,モントセラト（英）,20703,118081,-,213
202509,'335,セントクリストファー・ネービス,82404,903069,-,7904
202509,'336,セントビンセント,241586,2049467,1202,1645
202509,'337,英領アンギラ,24080,240793,-,484
202509,'338,サン・バルテルミー島（仏）,6142,114164,-,0
202509,'401,コロンビア,16634776,140456641,12108439,78167401
202509,'402,ベネズエラ,1198353,11126603,848275,7323490
202509,'403,ガイアナ,3293081,24479786,539847,1214987
202509,'404,スリナム,1298736,11850355,101937,753518
202509,'405,仏領ギアナ,15978,454324,-,3263
202509,'406,エクアドル,6909166,48455257,16099221,116287782
202509,'407,ペルー,10250521,88863039,38142362,407239764
202509,'408,ボリビア,1323326,11478726,9256239,38670402
202509,'409,チリ,24875597,183731363,122015106,1055637512
202509,'410,ブラジル,64518112,568111506,113357180,1018608750
202509,'411,パラグアイ,1813536,14144019,440970,2222569
202509,'412,ウルグアイ,821838,8247674,1243160,9856424
202509,'413,アルゼンチン,13828255,132316722,5329593,46251231
202509,'414,フォークランド諸島及びその附属諸島（英）,-,0,16256,137547
202509,'501,モロッコ,4712724,36916635,2263620,34497877
202509,'502,セウタ及びメリリア（西）,-,29058,1824,11186
202509,'503,アルジェリア,793762,11516644,14082,2583572
202509,'504,チュニジア,2142743,12142519,1219901,14634234
202509,'505,リビア,943217,8097276,-,745482
202509,'506,エジプト,9800407,83466967,1023942,9443295
202509,'507,スーダン,700540,6831712,295849,1018384
202509,'508,西サハラ,-,13125,-,0
202509,'509,モーリタニア,195970,3970737,426467,10134047
202509,'510,セネガル,860896,8045831,873921,6612544
202509,'511,ガンビア,52375,269309,4878,35466
202509,'512,ギニア・ビサウ,-,86839,314447,537688
202509,'513,ギニア,336520,1567628,69847,948713
202509,'514,シエラレオネ,20310,542728,82422,715083
202509,'515,リベリア,27615138,200423829,-,806104
202509,'516,コートジボワール,592210,6344612,2003089,19084637
202509,'517,ガーナ,2542160,17761274,3191869,64228876
202509,'518,トーゴ,575971,3728699,842540,4744701
202509,'519,ベナン,130695,558534,1355,40848
202509,'520,マリ,189722,898479,2832,411384
202509,'521,ブルキナファソ,49692,768586,604577,4289876
202509,'522,カーボベルデ,43633,769192,-,196952
202509,'523,カナリー諸島（西）,526964,4781338,-,9203
202509,'524,ナイジェリア,5478647,49510032,14771362,82353713
202509,'525,ニジェール,-,125323,178951,1835945
202509,'526,ルワンダ,1996916,2438843,4563,162794
202509,'527,カメルーン,691268,5407409,125993,1351935
202509,'528,チャド,3916,382670,-,0
202509,'529,中央アフリカ,42616,171153,11769,131468
202509,'530,赤道ギニア,-,323463,-,12169563
202509,'531,ガボン,146744,2424513,164776,6936405
202509,'532,コンゴ共和国,51189,608273,85013,118678
202509,'533,コンゴ民主共和国,2258817,13442067,341595,2815856
202509,'534,ブルンジ,75727,984694,27866,402702
202509,'535,アンゴラ,187679,6825316,27036,139836
202509,'536,サントメ・プリンシペ,30000,427351,528,6558
202509,'537,セントヘレナ及びその附属諸島（英）,-,3288,57325,468955
202509,'538,エチオピア,1308579,6662862,1837637,14418926
202509,'539,ジブチ,432770,6981827,-,11681
202509,'540,ソマリア,14706,186193,31072,558733
202509,'541,ケニア,17760106,143134545,590495,7106301
202509,'542,ウガンダ,4549214,35411145,127316,3688273
202509,'543,タンザニア,11946580,78866660,946020,16585212
202509,'544,セーシェル,66376,667790,1484827,8573662
202509,'545,モザンビーク,2028143,12124515,318303,32317746
202509,'546,マダガスカル,149053,1301127,3374558,21400602
202509,'547,モーリシャス,2111768,25066459,20274,500183
202509,'548,レユニオン（仏）,322772,2922884,-,167496
202509,'549,ジンバブエ,1438059,9377244,216696,2671600
202509,'550,ナミビア,477838,4285880,101280,1617839
202509,'551,南アフリカ共和国,33336595,246173372,83428068,689855036
202509,'552,レソト,126936,1226883,758,19210
202509,'553,マラウイ,911987,4563179,110525,1719621
202509,'554,ザンビア,1829732,13213887,115547,832574
202509,'555,ボツワナ,238557,2113904,36057,715876
202509,'556,エスワティニ,39594,722747,8318,123289
202509,'558,コモロ,138885,882024,-,31535
202509,'559,エリトリア,-,27950,-,2007
202509,'560,南スーダン,189518,2017293,3962553,16780376
202509,'601,オーストラリア,190461958,1619589949,519947778,5094336632
202509,'602,パプアニューギニア,3026698,23478073,26360332,386249379
202509,'605,その他のオーストラリア領,9801,139197,-,4966
202509,'606,ニュージーランド,33304465,234794510,35134833,300860799
202509,'607,クック,55158,438036,181168,1200410
202509,'608,トケラウ諸島（ニュージーランド）,-,0,428,11959
202509,'609,ニウエ,310000,352020,-,2461
202509,'610,サモア,138940,1941162,3825,8847
202509,'611,バヌアツ,116088,1100282,46778,3032921
202509,'612,フィジー,1542653,11584840,53502,1605198
202509,'613,ソロモン,208725,2232646,20000,39876
202509,'614,トンガ,66698,1360184,2404,20751
202509,'615,キリバス,72309,1834802,43866,873592
202509,'616,ピットケルン（英）,9752,9752,-,0
202509,'617,ナウル,3089,609262,815,304419
202509,'618,ニューカレドニア（仏）,218871,1928849,1907673,12664859
202509,'619,仏領ポリネシア,191262,2627153,1339912,7451470
202509,'620,グアム（米）,1686856,11160470,4924,74130
202509,'621,米領サモア,80636,391100,235,5277
202509,'622,米領オセアニア,-,0,-,69342
202509,'624,ツバル,45470,3570557,-,96878
202509,'625,マーシャル,21086355,148499342,72476,3528301
202509,'626,ミクロネシア,295950,2823180,66744,318516
202509,'627,北マリアナ諸島（米）,197080,1161699,774,987
202509,'628,パラオ,264786,2847503,2224,105619
202509,'702,不明,-,0,61211,533201
202510,'103,大韓民国,576641733,5735678031,378026282,3736036622
202510,'105,中華人民共和国,1710057968,15348138904,2477579485,21833894568
202510,'106,台湾,684737929,6407236553,440076986,4048235572
202510,'107,モンゴル,11678833,124372992,199986,1867403
202510,'108,香港,581813168,5167687031,12314229,229156751
202510,'110,ベトナム,261895712,2292964967,417261259,3745610018
202510,'111,タイ,366441536,3456125435,345718300,3183629464
202510,'112,シンガポール,252090448,2617277665,97195956,940295951
202510,'113,マレーシア,185764398,1723003651,271431504,2428114403
202510,'116,ブルネイ,678767,6805392,23997520,205028456
202510,'117,フィリピン,140395092,1302796655,139051086,1304107979
202510,'118,インドネシア,160700671,1576526870,251085595,2515944643
202510,'120,カンボジア,9994075,81614128,33477352,303391172
202510,'121,ラオス,1471335,14280008,2485201,21522389
202510,'122,ミャンマー,4382863,35192662,33167424,219532936
202510,'123,インド,232012686,2366328888,89540148,885860479
202510,'124,パキスタン,24204464,231422596,3386005,28977359
202510,'125,スリランカ,21763584,167494898,3875522,31964003
202510,'126,モルディブ,525421,4453233,1391,309054
202510,'127,バングラデシュ,20557296,255977170,24390196,211147886
202510,'128,東ティモール,273873,2197589,18054,1759682
202510,'129,マカオ,4795411,41087213,94998,1504868
202510,'130,アフガニスタン,113107,881880,15204,104514
202510,'131,ネパール,219504,3239749,163079,2063000
202510,'132,ブータン,234617,1048924,4935,122739
202510,'133,イラン,699387,8314295,406164,2972212
202510,'134,イラク,5539886,152591128,5120825,14948612
202510,'135,バーレーン,11047391,81504235,2039467,61456648
202510,'137,サウジアラビア,100040862,858137182,279524230,3211434547
202510,'138,クウェート,31338764,282148496,82882462,747312280
202510,'140,カタール,23144725,189481153,102281755,919183084
202510,'141,オマーン,23585443,173257631,22952114,302511754
202510,'143,イスラエル,13676101,147353251,18401735,213576557
202510,'144,ヨルダン,7699148,71069680,2556122,13107998
202510,'145,シリア,51455,1108312,12809,101153
202510,'146,レバノン,3254264,44976128,47071,825630
202510,'147,アラブ首長国連邦,230532850,1574313193,448490791,4083436713
202510,'149,イエメン,5609795,46595169,52219,388710
202510,'150,アゼルバイジャン,1014494,6555762,191895,1835173
202510,'151,アルメニア,136935,3477065,1213286,7938010
202510,'152,ウズベキスタン,3706766,49637091,39402,1916610
202510,'153,カザフスタン,14081206,116894696,7603459,86713011
202510,'154,キルギス,1521251,10655003,7727,72046
202510,'155,タジキスタン,214636,2095407,1161,80613
202510,'156,トルクメニスタン,371970,9315302,12099,559562
202510,'157,ジョージア,3975336,35387076,125405,1325436
202510,'158,ヨルダン川西岸及びガザ,27031,169441,4479,60932
202510,'201,アイスランド,944719,6349068,1903121,17347097
202510,'202,ノルウェー,7548448,106659767,18542049,168836244
202510,'203,スウェーデン,13642845,175974291,35000866,418807120
202510,'204,デンマーク,7461061,71013873,26294046,287715998
202510,'205,英国,144795065,1516745883,113412754,1094805387
202510,'206,アイルランド,17415312,161952535,66322417,881461967
202510,'207,オランダ,159351499,1483482888,57415987,435107758
202510,'208,ベルギー,96048969,705073650,33738567,340677857
202510,'209,ルクセンブルク,5831945,48755668,1072114,10541707
202510,'210,フランス,87170895,818882721,133390868,1422269552
202510,'211,モナコ,11438,155373,20880,205607
202510,'212,アンドラ,14276,51017,1041,3715
202510,'213,ドイツ,239391800,2232635712,243711634,2889513615
202510,'215,スイス,109560724,901904193,116529323,1075331279
202510,'216,アゾレス（葡）,-,6390,-,0
202510,'217,ポルトガル,5023676,62336442,11253750,82940847
202510,'218,スペイン,49353060,397577942,52450974,485008684
202510,'219,ジブラルタル（英）,988171,13196650,-,486
202510,'220,イタリア,70610780,583054835,180136860,1645273837
202510,'221,マルタ,5802185,23086704,305782,16901265
202510,'222,フィンランド,4077074,57136563,19179732,205232653
202510,'223,ポーランド,52363620,483841090,22153732,162678356
202510,'224,ロシア,35786734,303877282,74846712,684700603
202510,'225,オーストリア,15723984,160220969,32195112,300200510
202510,'227,ハンガリー,17374323,158800561,12345838,147741390
202510,'228,セルビア,478370,6341725,4283361,37882707
202510,'229,アルバニア,66446,442589,103132,2015285
202510,'230,ギリシャ,3333814,40441794,16074889,113654343
202510,'231,ルーマニア,4483448,50274448,15645139,186498762
202510,'232,ブルガリア,1908349,22779140,2040616,16294144
202510,'233,キプロス,9423490,88016429,49993,300121
202510,'234,トルコ,44240676,445767249,13144298,131670052
202510,'235,エストニア,410930,28275209,2192693,17800363
202510,'236,ラトビア,654890,5710882,1173970,10951459
202510,'237,リトアニア,986554,8994120,2069867,17659991
202510,'238,ウクライナ,7913869,78614935,695169,10163337
202510,'239,ベラルーシ,47578,1931181,69418,548932
202510,'240,モルドバ,64408,709110,772102,6238262
202510,'241,クロアチア,419492,7944682,251986,11559654
202510,'242,スロベニア,2864828,27818282,7512462,98990289
202510,'243,ボスニア・ヘルツェゴビナ,52094,734952,182380,1823191
202510,'244,北マケドニア,437428,1356958,184803,1539747
202510,'245,チェコ,34017538,283144765,22115553,194812384
202510,'246,スロバキア,1958999,20603639,8137048,87568659
202510,'247,モンテネグロ,26066,432555,5894,41560
202510,'248,コソボ,85441,147262,554,12714
202510,'249,フェロー諸島（デンマーク）,-,4432,178343,2397810
202510,'250,バチカン,-,0,-,11866
202510,'301,グリーンランド（デンマーク）,385,29009,795173,9251184
202510,'302,カナダ,149418339,1346291775,171110333,1503077121
202510,'303,サンピエール及びミクロン（仏）,-,3244,-,305
202510,'304,アメリカ合衆国,1753927398,16746887059,1226471730,10709295783
202510,'305,メキシコ,160857967,1497600958,94686212,895133109
202510,'306,グアテマラ,7503427,64295101,2495522,30842085
202510,'307,ホンジュラス,2457378,22179285,1376356,13120696
202510,'308,ベリーズ,274378,2660323,29319,449425
202510,'309,エルサルバドル,2019764,21509517,287262,2658427
202510,'310,ニカラグア,2135153,19908782,616112,3307416
202510,'311,コスタリカ,6197219,71639172,9584682,89643877
202510,'312,パナマ,57806695,707121890,603512,33636006
202510,'314,バーミュダ（英）,98232,1206456,215,3359
202510,'315,バハマ,790693,75569354,1410593,1499985
202510,'316,ジャマイカ,3252721,43357404,102015,2162625
202510,'317,タークス及びカイコス諸島（英）,160750,1887679,3826,7328
202510,'319,バルバドス,701815,31711540,1875,36947
202510,'320,トリニダード・トバゴ,1730144,21530648,888134,6056275
202510,'321,キューバ,57035,1016133,143900,1384337
202510,'322,ハイチ,138762,1033188,72655,470610
202510,'323,ドミニカ共和国,4903751,47220549,2358521,17167018
202510,'324,プエルトリコ（米）,12416138,99365701,21590203,212170179
202510,'325,米領バージン諸島,53246,113117,-,2026
202510,'326,蘭領アンティール,471394,5199618,-,3234
202510,'327,仏領西インド諸島,296713,3956296,-,14011
202510,'328,ケイマン諸島（英）,240532,2951701,-,21729
202510,'329,グレナダ,225178,3539844,-,1594
202510,'330,セントルシア,287403,3016425,-,897
202510,'331,アンティグア・バーブーダ,241738,2880290,-,520
202510,'332,英領バージン諸島,95364,594736,-,3392
202510,'333,ドミニカ,40477,814441,57572,274329
202510,'334,モントセラト（英）,3629,121710,-,213
202510,'335,セントクリストファー・ネービス,79183,982252,-,7904
202510,'336,セントビンセント,203365,2252832,-,1645
202510,'337,英領アンギラ,42152,282945,-,484
202510,'338,サン・バルテルミー島（仏）,52455,166619,-,0
202510,'401,コロンビア,14555449,155012090,11737041,89904442
202510,'402,ベネズエラ,1196085,12322688,786193,8109683
202510,'403,ガイアナ,3075687,27555473,47442,1262429
202510,'404,スリナム,2295709,14146064,79517,833035
202510,'405,仏領ギアナ,26276,480600,-,3263
202510,'406,エクアドル,5908609,54363866,18931494,135219276
202510,'407,ペルー,11634501,100497540,59451545,466691309
202510,'408,ボリビア,1600690,13079416,417942,39088344
202510,'409,チリ,21834863,205566226,104093987,1159731499
202510,'410,ブラジル,55775027,623886533,122406530,1141015280
202510,'411,パラグアイ,1316558,15460577,793454,3016023
202510,'412,ウルグアイ,930178,9177852,1338940,11195364
202510,'413,アルゼンチン,12388610,144705332,7101551,53352782
202510,'414,フォークランド諸島及びその附属諸島（英）,970,970,16607,154154
202510,'501,モロッコ,3352259,40268894,2394019,36891896
202510,'502,セウタ及びメリリア（西）,28889,57947,3110,14296
202510,'503,アルジェリア,4399738,15916382,-,2583572
202510,'504,チュニジア,1865017,14007536,1222204,15856438
202510,'505,リビア,3417954,11515230,54825,800307
202510,'506,エジプト,9316458,92783425,882195,10325490
202510,'507,スーダン,1671336,8503048,289551,1307935
202510,'508,西サハラ,-,13125,-,0
202510,'509,モーリタニア,135855,4106592,505311,10639358
202510,'510,セネガル,756324,8802155,656902,7269446
202510,'511,ガンビア,29521,298830,-,35466
202510,'512,ギニア・ビサウ,1903,88742,121611,659299
202510,'513,ギニア,285926,1853554,128530,1077243
202510,'514,シエラレオネ,80945,623673,88494,803577
202510,'515,リベリア,41069041,241492870,109711,915815
202510,'516,コートジボワール,856690,7201302,1667877,20752514
202510,'517,ガーナ,1854246,19615520,2702766,66931642
202510,'518,トーゴ,353051,4081750,560586,5305287
202510,'519,ベナン,76316,634850,-,40848
202510,'520,マリ,196013,1094492,92874,504258
202510,'521,ブルキナファソ,69513,838099,1098952,5388828
202510,'522,カーボベルデ,103551,872743,-,196952
202510,'523,カナリー諸島（西）,404072,5185410,-,9203
202510,'524,ナイジェリア,6151277,55661309,3913054,86266767
202510,'525,ニジェール,2422,127745,3160,1839105
202510,'526,ルワンダ,134364,2573207,19465,182259
202510,'527,カメルーン,505352,5912761,101435,1453370
202510,'528,チャド,99328,481998,511,511
202510,'529,中央アフリカ,1820,172973,5888,137356
202510,'530,赤道ギニア,-,323463,-,12169563
202510,'531,ガボン,278613,2703126,56641,6993046
202510,'532,コンゴ共和国,3774,612047,32298,150976
202510,'533,コンゴ民主共和国,1469392,14911459,4644,2820500
202510,'534,ブルンジ,87071,1071765,3169,405871
202510,'535,アンゴラ,392599,7217915,8441,148277
202510,'536,サントメ・プリンシペ,-,427351,-,6558
202510,'537,セントヘレナ及びその附属諸島（英）,369,3657,4760,473715
202510,'538,エチオピア,623610,7286472,2396089,16815015
202510,'539,ジブチ,301548,7283375,-,11681
202510,'540,ソマリア,13548,199741,79655,638388
202510,'541,ケニア,13330028,156464573,591533,7697834
202510,'542,ウガンダ,5363385,40774530,617451,4305724
202510,'543,タンザニア,10101804,88968464,1639644,18224856
202510,'544,セーシェル,129025,796815,84096,8657758
202510,'545,モザンビーク,1105952,13230467,562684,32880430
202510,'546,マダガスカル,158370,1459497,3275246,24675848
202510,'547,モーリシャス,1747544,26814003,63748,563931
202510,'548,レユニオン（仏）,329629,3252513,243,167739
202510,'549,ジンバブエ,1335529,10712773,330439,3002039
202510,'550,ナミビア,382591,4668471,146221,1764060
202510,'551,南アフリカ共和国,33133357,279306729,91220837,781075873
202510,'552,レソト,134269,1361152,-,19210
202510,'553,マラウイ,543757,5106936,115945,1835566
202510,'554,ザンビア,1535686,14749573,115081,947655
202510,'555,ボツワナ,266031,2379935,50383,766259
202510,'556,エスワティニ,137327,860074,23380,146669
202510,'558,コモロ,108693,990717,1703,33238
202510,'559,エリトリア,414,28364,-,2007
202510,'560,南スーダン,457265,2474558,-,16780376
202510,'601,オーストラリア,244820431,1864410380,579414445,5673751077
202510,'602,パプアニューギニア,2424460,25902533,48499576,434748955
202510,'605,その他のオーストラリア領,14500,153697,673,5639
202510,'606,ニュージーランド,33718549,268513059,30462319,331323118
202510,'607,クック,62245,500281,221287,1421697
202510,'608,トケラウ諸島（ニュージーランド）,-,0,2093,14052
202510,'609,ニウエ,1682,353702,-,2461
202510,'610,サモア,643656,2584818,2240,11087
202510,'611,バヌアツ,162162,1262444,503531,3536452
202510,'612,フィジー,1493368,13078208,601132,2206330
202510,'613,ソロモン,202878,2435524,-,39876
202510,'614,トンガ,145274,1505458,-,20751
202510,'615,キリバス,142456,1977258,292617,1166209
202510,'616,ピットケルン（英）,-,9752,-,0
202510,'617,ナウル,12172,621434,20286,324705
202510,'618,ニューカレドニア（仏）,440068,2368917,595235,13260094
202510,'619,仏領ポリネシア,574983,3202136,743825,8195295
202510,'620,グアム（米）,1619323,12779793,7406,81536
202510,'621,米領サモア,95210,486310,-,5277
202510,'622,米領オセアニア,-,0,-,69342
202510,'624,ツバル,3605,3574162,9960,106838
202510,'625,マーシャル,31524324,180023666,14817,3543118
202510,'626,ミクロネシア,380079,3203259,60993,379509
202510,'627,北マリアナ諸島（米）,200681,1362380,-,987
202510,'628,パラオ,211130,3058633,837,106456
202510,'702,不明,-,0,74553,607754
202511,'103,大韓民国,585351153,6321029184,367574339,4103610961
202511,'105,中華人民共和国,1619923833,16968062737,2401084999,24234979567
202511,'106,台湾,706944869,7114181422,472278867,4520514439
202511,'107,モンゴル,10649420,135022412,403460,2270863
202511,'108,香港,608322797,5776009828,10243998,239400749
202511,'110,ベトナム,249921050,2542886017,386034672,4131644690
202511,'111,タイ,361814003,3817939438,308554975,3492184439
202511,'112,シンガポール,289940324,2907217989,88066875,1028362826
202511,'113,マレーシア,194583831,1917587482,236536823,2664651226
202511,'116,ブルネイ,1008931,7814323,16819619,221848075
202511,'117,フィリピン,132578858,1435375513,125976771,1430084750
202511,'118,インドネシア,161792212,1738319082,237526475,2753471118
202511,'120,カンボジア,8774919,90389047,26849533,330240705
202511,'121,ラオス,1565643,15845651,1815923,23338312
202511,'122,ミャンマー,3773984,38966646,16631833,236164769
202511,'123,インド,227335284,2593664172,82161954,968022433
202511,'124,パキスタン,20751375,252173971,4737501,33714860
202511,'125,スリランカ,18163380,185658278,3158501,35122504
202511,'126,モルディブ,402197,4855430,37539,346593
202511,'127,バングラデシュ,23084099,279061269,18627330,229775216
202511,'128,東ティモール,207140,2404729,42302,1801984
202511,'129,マカオ,5348472,46435685,162771,1667639
202511,'130,アフガニスタン,55957,937837,4074,108588
202511,'131,ネパール,908776,4148525,208249,2271249
202511,'132,ブータン,87268,1136192,-,122739
202511,'133,イラン,623652,8937947,253430,3225642
202511,'134,イラク,6467095,159058223,1770572,16719184
202511,'135,バーレーン,8419572,89923807,8875022,70331670
202511,'137,サウジアラビア,84902507,943039689,325493586,3536928133
202511,'138,クウェート,24466517,306615013,51595067,798907347
202511,'140,カタール,20119045,209600198,82740822,1001923906
202511,'141,オマーン,18173401,191431032,21502582,324014336
202511,'143,イスラエル,25875287,173228538,17714028,231290585
202511,'144,ヨルダン,8274771,79344451,472166,13580164
202511,'145,シリア,244371,1352683,-,101153
202511,'146,レバノン,6187264,51163392,57440,883070
202511,'147,アラブ首長国連邦,254149765,1828462958,343959740,4427396453
202511,'149,イエメン,5367500,51962669,39129,427839
202511,'150,アゼルバイジャン,1022586,7578348,223008,2058181
202511,'151,アルメニア,425884,3902949,1177167,9115177
202511,'152,ウズベキスタン,3376642,53013733,137745,2054355
202511,'153,カザフスタン,9764083,126658779,12167967,98880978
202511,'154,キルギス,1036425,11691428,5868,77914
202511,'155,タジキスタン,210371,2305778,-,80613
202511,'156,トルクメニスタン,726641,10041943,-,559562
202511,'157,ジョージア,5611633,40998709,148343,1473779
202511,'158,ヨルダン川西岸及びガザ,8221,177662,1694,62626
202511,'201,アイスランド,743528,7092596,1197520,18544617
202511,'202,ノルウェー,7923893,114583660,21471974,190308218
202511,'203,スウェーデン,14487938,190462229,32151790,450958910
202511,'204,デンマーク,5767203,76781076,21444636,309160634
202511,'205,英国,191603425,1708349308,110523638,1205329025
202511,'206,アイルランド,18215398,180167933,102534671,983996638
202511,'207,オランダ,164247229,1647730117,32816455,467924213
202511,'208,ベルギー,112076527,817150177,38114854,378792711
202511,'209,ルクセンブルク,6383698,55139366,1294214,11835921
202511,'210,フランス,86175731,905058452,169456377,1591725929
202511,'211,モナコ,2249,157622,37145,242752
202511,'212,アンドラ,6900,57917,10112,13827
202511,'213,ドイツ,238711231,2471346943,292529082,3182042697
202511,'215,スイス,110588480,1012492673,112576452,1187907731
202511,'216,アゾレス（葡）,-,6390,-,0
202511,'217,ポルトガル,4791121,67127563,6770594,89711441
202511,'218,スペイン,39844962,437422904,38487468,523496152
202511,'219,ジブラルタル（英）,820914,14017564,7099,7585
202511,'220,イタリア,61967222,645022057,142991020,1788264857
202511,'221,マルタ,1635168,24721872,299170,17200435
202511,'222,フィンランド,6454294,63590857,21191802,226424455
202511,'223,ポーランド,47168812,531009902,16996630,179674986
202511,'224,ロシア,32001395,335878677,63331355,748031958
202511,'225,オーストリア,20198375,180419344,30938788,331139298
202511,'227,ハンガリー,14056928,172857489,12508301,160249691
202511,'228,セルビア,733519,7075244,3437814,41320521
202511,'229,アルバニア,1101298,1543887,222466,2237751
202511,'230,ギリシャ,3163213,43605007,13133079,126787422
202511,'231,ルーマニア,4649004,54923452,15919433,202418195
202511,'232,ブルガリア,2482360,25261500,1496696,17790840
202511,'233,キプロス,10373260,98389689,35331,335452
202511,'234,トルコ,34261106,480028355,11834725,143504777
202511,'235,エストニア,428718,28703927,959992,18760355
202511,'236,ラトビア,352691,6063573,909265,11860724
202511,'237,リトアニア,962045,9956165,1716083,19376074
202511,'238,ウクライナ,6005711,84620646,613152,10776489
202511,'239,ベラルーシ,72636,2003817,20273,569205
202511,'240,モルドバ,68289,777399,741204,6979466
202511,'241,クロアチア,1073716,9018398,959860,12519514
202511,'242,スロベニア,2623776,30442058,11035482,110025771
202511,'243,ボスニア・ヘルツェゴビナ,42949,777901,222500,2045691
202511,'244,北マケドニア,115804,1472762,123002,1662749
202511,'245,チェコ,30818844,313963609,17438708,212251092
202511,'246,スロバキア,2141649,22745288,5311706,92880365
202511,'247,モンテネグロ,55863,488418,3033,44593
202511,'248,コソボ,318,147580,583,13297
202511,'249,フェロー諸島（デンマーク）,-,4432,229045,2626855
202511,'250,バチカン,-,0,235,12101
202511,'301,グリーンランド（デンマーク）,278,29287,898401,10149585
202511,'302,カナダ,135144764,1481436539,160874960,1663952081
202511,'303,サンピエール及びミクロン（仏）,-,3244,-,305
202511,'304,アメリカ合衆国,1816868134,18563755193,1079016934,11788312717
202511,'305,メキシコ,135686512,1633287470,77852114,972985223
202511,'306,グアテマラ,6784289,71079390,842342,31684427
202511,'307,ホンジュラス,2295505,24474790,700891,13821587
202511,'308,ベリーズ,135641,2795964,58336,507761
202511,'309,エルサルバドル,2009204,23518721,153808,2812235
202511,'310,ニカラグア,2526365,22435147,422386,3729802
202511,'311,コスタリカ,5078716,76717888,8522887,98166764
202511,'312,パナマ,68294548,775416438,2447203,36083209
202511,'314,バーミュダ（英）,227467,1433923,318,3677
202511,'315,バハマ,6828841,82398195,-,1499985
202511,'316,ジャマイカ,5037030,48394434,112407,2275032
202511,'317,タークス及びカイコス諸島（英）,129841,2017520,406,7734
202511,'319,バルバドス,1493195,33204735,5313,42260
202511,'320,トリニダード・トバゴ,2131245,23661893,1307153,7363428
202511,'321,キューバ,116321,1132454,221788,1606125
202511,'322,ハイチ,147936,1181124,109857,580467
202511,'323,ドミニカ共和国,5245839,52466388,1853604,19020622
202511,'324,プエルトリコ（米）,5380719,104746420,27547646,239717825
202511,'325,米領バージン諸島,23571,136688,275,2301
202511,'326,蘭領アンティール,413976,5613594,-,3234
202511,'327,仏領西インド諸島,458364,4414660,4389,18400
202511,'328,ケイマン諸島（英）,328599,3280300,-,21729
202511,'329,グレナダ,368241,3908085,-,1594
202511,'330,セントルシア,427043,3443468,607,1504
202511,'331,アンティグア・バーブーダ,272491,3152781,-,520
202511,'332,英領バージン諸島,26505,621241,-,3392
202511,'333,ドミニカ,61997,876438,246,274575
202511,'334,モントセラト（英）,17576,139286,-,213
202511,'335,セントクリストファー・ネービス,125079,1107331,760,8664
202511,'336,セントビンセント,296834,2549666,-,1645
202511,'337,英領アンギラ,49655,332600,-,484
202511,'338,サン・バルテルミー島（仏）,-,166619,-,0
202511,'401,コロンビア,14601488,169613578,8070087,97974529
202511,'402,ベネズエラ,1030009,13352697,266228,8375911
202511,'403,ガイアナ,3525853,31081326,15514,1277943
202511,'404,スリナム,2014965,16161029,30749,863784
202511,'405,仏領ギアナ,53126,533726,-,3263
202511,'406,エクアドル,6583500,60947366,14344594,149563870
202511,'407,ペルー,10594687,111092227,29639296,496330605
202511,'408,ボリビア,947625,14027041,6372450,45460794
202511,'409,チリ,28504256,234070482,95876071,1255607570
202511,'410,ブラジル,54991505,678878038,93940682,1234955962
202511,'411,パラグアイ,1856191,17316768,736252,3752275
202511,'412,ウルグアイ,925973,10103825,1218256,12413620
202511,'413,アルゼンチン,11973920,156679252,6598305,59951087
202511,'414,フォークランド諸島及びその附属諸島（英）,-,970,17383,171537
202511,'501,モロッコ,3960757,44229651,5282977,42174873
202511,'502,セウタ及びメリリア（西）,-,57947,1710,16006
202511,'503,アルジェリア,2172537,18088919,14128,2597700
202511,'504,チュニジア,1885250,15892786,1009687,16866125
202511,'505,リビア,817081,12332311,-,800307
202511,'506,エジプト,9852271,102635696,923512,11249002
202511,'507,スーダン,794006,9297054,187729,1495664
202511,'508,西サハラ,4660,17785,-,0
202511,'509,モーリタニア,111426,4218018,1135095,11774453
202511,'510,セネガル,941283,9743438,564720,7834166
202511,'511,ガンビア,16876,315706,944,36410
202511,'512,ギニア・ビサウ,89062,177804,638126,1297425
202511,'513,ギニア,112346,1965900,39424,1116667
202511,'514,シエラレオネ,137975,761648,145177,948754
202511,'515,リベリア,11109653,252602523,54691,970506
202511,'516,コートジボワール,569570,7770872,1218949,21971463
202511,'517,ガーナ,2140442,21755962,2561163,69492805
202511,'518,トーゴ,420423,4502173,822390,6127677
202511,'519,ベナン,28135,662985,24209,65057
202511,'520,マリ,141972,1236464,4177,508435
202511,'521,ブルキナファソ,65602,903701,281152,5669980
202511,'522,カーボベルデ,103380,976123,-,196952
202511,'523,カナリー諸島（西）,522887,5708297,3196,12399
202511,'524,ナイジェリア,7805644,63466953,2894788,89161555
202511,'525,ニジェール,23815,151560,91090,1930195
202511,'526,ルワンダ,142692,2715899,86568,268827
202511,'527,カメルーン,427370,6340131,71679,1525049
202511,'528,チャド,-,481998,-,511
202511,'529,中央アフリカ,440,173413,3624,140980
202511,'530,赤道ギニア,-,323463,-,12169563
202511,'531,ガボン,269380,2972506,832322,7825368
202511,'532,コンゴ共和国,40304,652351,29076,180052
202511,'533,コンゴ民主共和国,1666577,16578036,415079,3235579
202511,'534,ブルンジ,99579,1171344,452,406323
202511,'535,アンゴラ,112594,7330509,5781,154058
202511,'536,サントメ・プリンシペ,32000,459351,221,6779
202511,'537,セントヘレナ及びその附属諸島（英）,372,4029,-,473715
202511,'538,エチオピア,856128,8142600,1105906,17920921
202511,'539,ジブチ,607175,7890550,-,11681
202511,'540,ソマリア,63943,263684,33528,671916
202511,'541,ケニア,16790663,173255236,719608,8417442
202511,'542,ウガンダ,5218793,45993323,89660,4395384
202511,'543,タンザニア,11765459,100733923,2397520,20622376
202511,'544,セーシェル,69542,866357,316096,8973854
202511,'545,モザンビーク,861139,14091606,2442792,35323222
202511,'546,マダガスカル,270722,1730219,1188323,25864171
202511,'547,モーリシャス,2139465,28953468,41223,605154
202511,'548,レユニオン（仏）,251313,3503826,-,167739
202511,'549,ジンバブエ,1241102,11953875,325708,3327747
202511,'550,ナミビア,477731,5146202,140549,1904609
202511,'551,南アフリカ共和国,30133595,309440324,99612926,880688799
202511,'552,レソト,255555,1616707,-,19210
202511,'553,マラウイ,754639,5861575,145326,1980892
202511,'554,ザンビア,1473056,16222629,158378,1106033
202511,'555,ボツワナ,124081,2504016,34808,801067
202511,'556,エスワティニ,11021,871095,58309,204978
202511,'558,コモロ,221,990938,1679,34917
202511,'559,エリトリア,-,28364,-,2007
202511,'560,南スーダン,536210,3010768,3443869,20224245
202511,'601,オーストラリア,192563764,2056974144,548627262,6222378339
202511,'602,パプアニューギニア,2937338,28839871,38918809,473667764
202511,'605,その他のオーストラリア領,6910,160607,861,6500
202511,'606,ニュージーランド,25296427,293809486,28473799,359796917
202511,'607,クック,28675,528956,199066,1620763
202511,'608,トケラウ諸島（ニュージーランド）,-,0,1277,15329
202511,'609,ニウエ,-,353702,205,2666
202511,'610,サモア,275535,2860353,785,11872
202511,'611,バヌアツ,69273,1331717,848641,4385093
202511,'612,フィジー,1068557,14146765,667408,2873738
202511,'613,ソロモン,418556,2854080,44431,84307
202511,'614,トンガ,239518,1744976,-,20751
202511,'615,キリバス,201520,2178778,135872,1302081
202511,'616,ピットケルン（英）,-,9752,-,0
202511,'617,ナウル,12504,633938,3510,328215
202511,'618,ニューカレドニア（仏）,173764,2542681,2959762,16219856
202511,'619,仏領ポリネシア,225819,3427955,188477,8383772
202511,'620,グアム（米）,1214038,13993831,973,82509
202511,'621,米領サモア,42853,529163,-,5277
202511,'622,米領オセアニア,-,0,317,69659
202511,'624,ツバル,22841,3597003,21239,128077
202511,'625,マーシャル,14874700,194898366,94872,3637990
202511,'626,ミクロネシア,158000,3361259,32023,411532
202511,'627,北マリアナ諸島（米）,188953,1551333,-,987
202511,'628,パラオ,167979,3226612,-,106456
202511,'702,不明,-,0,74127,681881
202512,'103,大韓民国,637143147,6958172331,401794423,4505405384
202512,'105,中華人民共和国,1809952239,18778014976,2464880268,26699859835
202512,'106,台湾,792832891,7907014313,481198553,5001712992
202512,'107,モンゴル,12396976,147419388,126815,2397678
202512,'108,香港,634908569,6410918397,36637113,276037862
202512,'110,ベトナム,278643241,2821529258,420281224,4551925914
202512,'111,タイ,397389816,4215329254,321949049,3814133488
202512,'112,シンガポール,280762091,3187980080,99429004,1127791830
202512,'113,マレーシア,199823279,2117410761,261566288,2926217514
202512,'116,ブルネイ,1368457,9182780,26407396,248255471
202512,'117,フィリピン,121691151,1557066664,128680866,1558765616
202512,'118,インドネシア,147657179,1885976261,275656895,3029128013
202512,'120,カンボジア,11484531,101873578,28646263,358886968
202512,'121,ラオス,1622889,17468540,2458026,25796338
202512,'122,ミャンマー,4118141,43084787,14920047,251084816
202512,'123,インド,268735590,2862399762,81271356,1049293789
202512,'124,パキスタン,30330775,282504746,2950001,36664861
202512,'125,スリランカ,17793488,203451766,2569359,37691863
202512,'126,モルディブ,588647,5444077,62396,408989
202512,'127,バングラデシュ,47612887,326674156,16275311,246050527
202512,'128,東ティモール,150272,2555001,93805,1895789
202512,'129,マカオ,4890974,51326659,111666,1779305
202512,'130,アフガニスタン,69905,1007742,3508,112096
202512,'131,ネパール,781580,4930105,264861,2536110
202512,'132,ブータン,55938,1192130,6751,129490
202512,'133,イラン,711912,9649859,195210,3420852
202512,'134,イラク,9716675,168774898,-,16719184
202512,'135,バーレーン,10060466,99984273,6286856,76618526
202512,'137,サウジアラビア,122607076,1065646765,397947701,3934875834
202512,'138,クウェート,31566042,338181055,87355500,886262847
202512,'140,カタール,19207479,228807677,78550902,1080474808
202512,'141,オマーン,20040857,211471889,41274104,365288440
202512,'143,イスラエル,19928047,193156585,19359291,250649876
202512,'144,ヨルダン,7002729,86347180,805714,14385878
202512,'145,シリア,285905,1638588,-,101153
202512,'146,レバノン,3552787,54716179,51738,934808
202512,'147,アラブ首長国連邦,290740640,2119203598,482104458,4909500911
202512,'149,イエメン,5988400,57951069,47009,474848
202512,'150,アゼルバイジャン,1100734,8679082,304814,2362995
202512,'151,アルメニア,184958,4087907,700147,9815324
202512,'152,ウズベキスタン,4215217,57228950,3308673,5363028
202512,'153,カザフスタン,7140327,133799106,12654875,111535853
202512,'154,キルギス,1321619,13013047,1289,79203
202512,'155,タジキスタン,161788,2467566,-,80613
202512,'156,トルクメニスタン,3001260,13043203,1530,561092
202512,'157,ジョージア,4000489,44999198,197454,1671233
202512,'158,ヨルダン川西岸及びガザ,53433,231095,1438,64064
202512,'201,アイスランド,735404,7828000,1326438,19871055
202512,'202,ノルウェー,7077785,121661445,24152958,214461176
202512,'203,スウェーデン,19130640,209592869,34770619,485729529
202512,'204,デンマーク,6291222,83072298,36860611,346021245
202512,'205,英国,224937218,1933286526,138964332,1344293357
202512,'206,アイルランド,18753434,198921367,126011954,1110008592
202512,'207,オランダ,177491013,1825221130,126372130,594296343
202512,'208,ベルギー,106445874,923596051,49933195,428725906
202512,'209,ルクセンブルク,6672329,61811695,813679,12649600
202512,'210,フランス,102012980,1007071432,165996296,1757722225
202512,'211,モナコ,671,158293,34005,276757
202512,'212,アンドラ,12143,70060,204,14031
202512,'213,ドイツ,258680478,2730027421,298570556,3480613253
202512,'215,スイス,95644667,1108137340,99239783,1287147514
202512,'216,アゾレス（葡）,-,6390,-,0
202512,'217,ポルトガル,5491241,72618804,13103046,102814487
202512,'218,スペイン,44433374,481856278,40119665,563615817
202512,'219,ジブラルタル（英）,1288151,15305715,241,7826
202512,'220,イタリア,69635103,714657160,185796348,1974061205
202512,'221,マルタ,1293935,26015807,1542936,18743371
202512,'222,フィンランド,6362362,69953219,20323217,246747672
202512,'223,ポーランド,51072105,582082007,17848627,197523613
202512,'224,ロシア,30594834,366473511,80049842,828081800
202512,'225,オーストリア,21531252,201950596,30329843,361469141
202512,'227,ハンガリー,19682941,192540430,14131656,174381347
202512,'228,セルビア,583374,7658618,2906019,44226540
202512,'229,アルバニア,40485,1584372,209824,2447575
202512,'230,ギリシャ,4057858,47662865,20483457,147270879
202512,'231,ルーマニア,5303820,60227272,18704802,221122997
202512,'232,ブルガリア,2236881,27498381,1544203,19335043
202512,'233,キプロス,9017399,107407088,92380,427832
202512,'234,トルコ,33998332,514026687,11507846,155012623
202512,'235,エストニア,736103,29440030,1807899,20568254
202512,'236,ラトビア,451764,6515337,1126642,12987366
202512,'237,リトアニア,991394,10947559,2231918,21607992
202512,'238,ウクライナ,2064307,86684953,505441,11281930
202512,'239,ベラルーシ,159761,2163578,126663,695868
202512,'240,モルドバ,81656,859055,693946,7673412
202512,'241,クロアチア,1511117,10529515,281897,12801411
202512,'242,スロベニア,3187536,33629594,9227055,119252826
202512,'243,ボスニア・ヘルツェゴビナ,89257,867158,129892,2175583
202512,'244,北マケドニア,111665,1584427,104288,1767037
202512,'245,チェコ,38237925,352201534,17861775,230112867
202512,'246,スロバキア,3300933,26046221,5212452,98092817
202512,'247,モンテネグロ,71360,559778,7895,52488
202512,'248,コソボ,2115,149695,-,13297
202512,'249,フェロー諸島（デンマーク）,-,4432,139513,2766368
202512,'250,バチカン,-,0,-,12101
202512,'301,グリーンランド（デンマーク）,328,29615,754772,10904357
202512,'302,カナダ,163573627,1645010166,169544688,1833496769
202512,'303,サンピエール及びミクロン（仏）,-,3244,-,305
202512,'304,アメリカ合衆国,1810671037,20374426230,1121908233,12910220950
202512,'305,メキシコ,170189541,1803477011,82931345,1055916568
202512,'306,グアテマラ,6793354,77872744,826663,32511090
202512,'307,ホンジュラス,3205400,27680190,504567,14326154
202512,'308,ベリーズ,275676,3071640,95927,603688
202512,'309,エルサルバドル,2862358,26381079,200485,3012720
202512,'310,ニカラグア,2218644,24653791,307656,4037458
202512,'311,コスタリカ,8074494,84792382,10118281,108285045
202512,'312,パナマ,27045923,802462361,412222,36495431
202512,'314,バーミュダ（英）,201460,1635383,-,3677
202512,'315,バハマ,1249240,83647435,365265,1865250
202512,'316,ジャマイカ,3540467,51934901,51823,2326855
202512,'317,タークス及びカイコス諸島（英）,139284,2156804,-,7734
202512,'319,バルバドス,1657857,34862592,3876,46136
202512,'320,トリニダード・トバゴ,3497457,27159350,1231315,8594743
202512,'321,キューバ,143495,1275949,148336,1754461
202512,'322,ハイチ,189543,1370667,79395,659862
202512,'323,ドミニカ共和国,4831768,57298156,1693925,20714547
202512,'324,プエルトリコ（米）,11277139,116023559,10631049,250348874
202512,'325,米領バージン諸島,21844,158532,1683,3984
202512,'326,蘭領アンティール,552686,6166280,400,3634
202512,'327,仏領西インド諸島,184471,4599131,-,18400
202512,'328,ケイマン諸島（英）,207734,3488034,-,21729
202512,'329,グレナダ,402935,4311020,-,1594
202512,'330,セントルシア,292310,3735778,-,1504
202512,'331,アンティグア・バーブーダ,270402,3423183,-,520
202512,'332,英領バージン諸島,62883,684124,-,3392
202512,'333,ドミニカ,91348,967786,3044,277619
202512,'334,モントセラト（英）,13788,153074,-,213
202512,'335,セントクリストファー・ネービス,95675,1203006,-,8664
202512,'336,セントビンセント,275540,2825206,-,1645
202512,'337,英領アンギラ,35619,368219,-,484
202512,'338,サン・バルテルミー島（仏）,240,166859,-,0
202512,'401,コロンビア,24082387,193695965,13883126,111857655
202512,'402,ベネズエラ,941541,14294238,199704,8575615
202512,'403,ガイアナ,3270157,34351483,44610,1322553
202512,'404,スリナム,1764301,17925330,78424,942208
202512,'405,仏領ギアナ,56552,590278,-,3263
202512,'406,エクアドル,9857921,70805287,17133097,166696967
202512,'407,ペルー,10757435,121849662,33348153,529678758
202512,'408,ボリビア,1509599,15536640,10577909,56038703
202512,'409,チリ,25255596,259326078,91306741,1346914311
202512,'410,ブラジル,58244248,737122286,120213938,1355169900
202512,'411,パラグアイ,1695452,19012220,438126,4190401
202512,'412,ウルグアイ,938821,11042646,1079024,13492644
202512,'413,アルゼンチン,13856996,170536248,9089379,69040466
202512,'414,フォークランド諸島及びその附属諸島（英）,-,970,17424,188961
202512,'501,モロッコ,3317461,47547112,5174564,47349437
202512,'502,セウタ及びメリリア（西）,-,57947,204,16210
202512,'503,アルジェリア,3188461,21277380,4869,2602569
202512,'504,チュニジア,1267004,17159790,2032082,18898207
202512,'505,リビア,596720,12929031,158094,958401
202512,'506,エジプト,10475201,113110897,1043261,12292263
202512,'507,スーダン,1300459,10597513,115876,1611540
202512,'508,西サハラ,-,17785,-,0
202512,'509,モーリタニア,1346858,5564876,1605881,13380334
202512,'510,セネガル,862024,10605462,765807,8599973
202512,'511,ガンビア,39912,355618,18694,55104
202512,'512,ギニア・ビサウ,-,177804,33859,1331284
202512,'513,ギニア,224072,2189972,116906,1233573
202512,'514,シエラレオネ,43162,804810,57578,1006332
202512,'515,リベリア,38975578,291578101,3615658,4586164
202512,'516,コートジボワール,1062887,8833759,1309515,23280978
202512,'517,ガーナ,2624364,24380326,3884798,73377603
202512,'518,トーゴ,411638,4913811,587919,6715596
202512,'519,ベナン,84712,747697,2414,67471
202512,'520,マリ,115642,1352106,1189,509624
202512,'521,ブルキナファソ,191541,1095242,150000,5819980
202512,'522,カーボベルデ,84560,1060683,-,196952
202512,'523,カナリー諸島（西）,515654,6223951,608,13007
202512,'524,ナイジェリア,8874610,72341563,15922844,105084399
202512,'525,ニジェール,32604,184164,162576,2092771
202512,'526,ルワンダ,75458,2791357,194222,463049
202512,'527,カメルーン,671303,7011434,80103,1605152
202512,'528,チャド,14623,496621,539,1050
202512,'529,中央アフリカ,15521,188934,36183,177163
202512,'530,赤道ギニア,4388,327851,6014338,18183901
202512,'531,ガボン,277498,3250004,475206,8300574
202512,'532,コンゴ共和国,24667,677018,1775,181827
202512,'533,コンゴ民主共和国,2126658,18704694,193734,3429313
202512,'534,ブルンジ,190117,1361461,-,406323
202512,'535,アンゴラ,414162,7744671,10443,164501
202512,'536,サントメ・プリンシペ,223,459574,-,6779
202512,'537,セントヘレナ及びその附属諸島（英）,-,4029,101133,574848
202512,'538,エチオピア,559349,8701949,856593,18777514
202512,'539,ジブチ,914390,8804940,-,11681
202512,'540,ソマリア,6551,270235,69160,741076
202512,'541,ケニア,16793392,190048628,471361,8888803
202512,'542,ウガンダ,4669966,50663289,97266,4492650
202512,'543,タンザニア,12378338,113112261,2824316,23446692
202512,'544,セーシェル,92305,958662,454627,9428481
202512,'545,モザンビーク,2035295,16126901,359809,35683031
202512,'546,マダガスカル,596076,2326295,3222068,29086239
202512,'547,モーリシャス,2132797,31086265,65508,670662
202512,'548,レユニオン（仏）,216683,3720509,-,167739
202512,'549,ジンバブエ,1249081,13202956,255378,3583125
202512,'550,ナミビア,538925,5685127,42943,1947552
202512,'551,南アフリカ共和国,36303075,345743399,107317400,988006199
202512,'552,レソト,1154717,2771424,1369,20579
202512,'553,マラウイ,294840,6156415,281571,2262463
202512,'554,ザンビア,2412336,18634965,105218,1211251
202512,'555,ボツワナ,93559,2597575,37703,838770
202512,'556,エスワティニ,103735,974830,16880,221858
202512,'558,コモロ,95536,1086474,4389,39306
202512,'559,エリトリア,-,28364,-,2007
202512,'560,南スーダン,502283,3513051,3086673,23310918
202512,'601,オーストラリア,179593864,2236568008,579670942,6802049281
202512,'602,パプアニューギニア,2852310,31692181,40490349,514158113
202512,'605,その他のオーストラリア領,7613,168220,254,6754
202512,'606,ニュージーランド,32243218,326052704,26890194,386687111
202512,'607,クック,38330,567286,135453,1756216
202512,'608,トケラウ諸島（ニュージーランド）,-,0,1715,17044
202512,'609,ニウエ,6041,359743,1389,4055
202512,'610,サモア,300128,3160481,-,11872
202512,'611,バヌアツ,186450,1518167,442438,4827531
202512,'612,フィジー,1831583,15978348,39120,2912858
202512,'613,ソロモン,404173,3258253,21860,106167
202512,'614,トンガ,214689,1959665,2976,23727
202512,'615,キリバス,65995,2244773,24512,1326593
202512,'616,ピットケルン（英）,-,9752,-,0
202512,'617,ナウル,26447,660385,82534,410749
202512,'618,ニューカレドニア（仏）,515503,3058184,540797,16760653
202512,'619,仏領ポリネシア,383199,3811154,1217964,9601736
202512,'620,グアム（米）,1250437,15244268,-,82509
202512,'621,米領サモア,32792,561955,-,5277
202512,'622,米領オセアニア,-,0,-,69659
202512,'624,ツバル,655253,4252256,13072,141149
202512,'625,マーシャル,680774,195579140,41132,3679122
202512,'626,ミクロネシア,243621,3604880,31670,443202
202512,'627,北マリアナ諸島（米）,150059,1701392,-,987
202512,'628,パラオ,142227,3368839,1584,108040
202512,'702,不明,-,0,39351,721232
202601,'103,大韓民国,611278217,611278217,401293319,401293319
202601,'105,中華人民共和国,1549514248,1549514248,2634498703,2634498703
202601,'106,台湾,710555845,710555845,523522604,523522604
202601,'107,モンゴル,10284612,10284612,116986,116986
202601,'108,香港,689152244,689152244,16873474,16873474
202601,'110,ベトナム,230002012,230002012,441889155,441889155
202601,'111,タイ,348550126,348550126,333265063,333265063
202601,'112,シンガポール,287728844,287728844,99534979,99534979
202601,'113,マレーシア,200243954,200243954,275911081,275911081
202601,'116,ブルネイ,414886,414886,23531185,23531185
202601,'117,フィリピン,136123457,136123457,121888412,121888412
202601,'118,インドネシア,137334150,137334150,262353946,262353946
202601,'120,カンボジア,8731149,8731149,36409229,36409229
202601,'121,ラオス,1591001,1591001,2191125,2191125
202601,'122,ミャンマー,2799617,2799617,20769924,20769924
202601,'123,インド,211119779,211119779,90487575,90487575
202601,'124,パキスタン,14731972,14731972,3497358,3497358
202601,'125,スリランカ,14734364,14734364,3380965,3380965
202601,'126,モルディブ,255147,255147,38083,38083
202601,'127,バングラデシュ,36194515,36194515,25459131,25459131
202601,'128,東ティモール,95384,95384,136221,136221
202601,'129,マカオ,5078599,5078599,205165,205165
202601,'130,アフガニスタン,55718,55718,10503,10503
202601,'131,ネパール,1008374,1008374,220615,220615
202601,'132,ブータン,83577,83577,-,0
202601,'133,イラン,166336,166336,135675,135675
202601,'134,イラク,7599532,7599532,1527,1527
202601,'135,バーレーン,9354869,9354869,8512503,8512503
202601,'137,サウジアラビア,70326026,70326026,534779842,534779842
202601,'138,クウェート,16852753,16852753,65325753,65325753
202601,'140,カタール,17198298,17198298,73842457,73842457
202601,'141,オマーン,13459692,13459692,29352883,29352883
202601,'143,イスラエル,13451011,13451011,20173267,20173267
202601,'144,ヨルダン,8462589,8462589,1256902,1256902
202601,'145,シリア,119474,119474,14919,14919
202601,'146,レバノン,5578864,5578864,87534,87534
202601,'147,アラブ首長国連邦,224374246,224374246,303518224,303518224
202601,'149,イエメン,4503318,4503318,60022,60022
202601,'150,アゼルバイジャン,879347,879347,115828,115828
202601,'151,アルメニア,128074,128074,469749,469749
202601,'152,ウズベキスタン,1847910,1847910,639000,639000
202601,'153,カザフスタン,8075005,8075005,11541826,11541826
202601,'154,キルギス,641953,641953,2518,2518
202601,'155,タジキスタン,200912,200912,75450,75450
202601,'156,トルクメニスタン,292374,292374,1877,1877
202601,'157,ジョージア,5277389,5277389,65847,65847
202601,'201,アイスランド,1078278,1078278,1220175,1220175
202601,'202,ノルウェー,7511675,7511675,19767138,19767138
202601,'203,スウェーデン,16565277,16565277,32576612,32576612
202601,'204,デンマーク,6899333,6899333,27086149,27086149
202601,'205,英国,157987248,157987248,102871005,102871005
202601,'206,アイルランド,19067144,19067144,69445373,69445373
202601,'207,オランダ,144113219,144113219,30282563,30282563
202601,'208,ベルギー,87208812,87208812,32774728,32774728
202601,'209,ルクセンブルク,4117054,4117054,935350,935350
202601,'210,フランス,76930806,76930806,162165619,162165619
202601,'211,モナコ,1090,1090,13464,13464
202601,'212,アンドラ,4846,4846,-,0
202601,'213,ドイツ,227401823,227401823,277877093,277877093
202601,'215,スイス,107487483,107487483,96164575,96164575
202601,'217,ポルトガル,5377063,5377063,7282595,7282595
202601,'218,スペイン,42701956,42701956,56264034,56264034
202601,'219,ジブラルタル（英）,1179548,1179548,-,0
202601,'220,イタリア,64884988,64884988,177375668,177375668
202601,'221,マルタ,1991614,1991614,7312409,7312409
202601,'222,フィンランド,3976281,3976281,24928730,24928730
202601,'223,ポーランド,49373782,49373782,21436651,21436651
202601,'224,ロシア,24756488,24756488,81812779,81812779
202601,'225,オーストリア,19725225,19725225,29437758,29437758
202601,'227,ハンガリー,14979414,14979414,10771174,10771174
202601,'228,セルビア,429799,429799,3221569,3221569
202601,'229,アルバニア,17563,17563,185065,185065
202601,'230,ギリシャ,4727858,4727858,16009132,16009132
202601,'231,ルーマニア,5114648,5114648,17859666,17859666
202601,'232,ブルガリア,2133389,2133389,1909921,1909921
202601,'233,キプロス,12335782,12335782,6853,6853
202601,'234,トルコ,35641943,35641943,13813087,13813087
202601,'235,エストニア,670763,670763,1623184,1623184
202601,'236,ラトビア,288933,288933,1644359,1644359
202601,'237,リトアニア,765700,765700,2163608,2163608
202601,'238,ウクライナ,3328601,3328601,700779,700779
202601,'239,ベラルーシ,64605,64605,39459,39459
202601,'240,モルドバ,44049,44049,706853,706853
202601,'241,クロアチア,1097435,1097435,251473,251473
202601,'242,スロベニア,3867168,3867168,3662788,3662788
202601,'243,ボスニア・ヘルツェゴビナ,17670,17670,148312,148312
202601,'244,北マケドニア,53170,53170,226172,226172
202601,'245,チェコ,28392671,28392671,27575735,27575735
202601,'246,スロバキア,2665060,2665060,9284356,9284356
202601,'247,モンテネグロ,37741,37741,5594,5594
202601,'248,コソボ,-,0,212,212
202601,'249,フェロー諸島（デンマーク）,391,391,283441,283441
202601,'301,グリーンランド（デンマーク）,-,0,1435576,1435576
202601,'302,カナダ,136464370,136464370,159643977,159643977
202601,'304,アメリカ合衆国,1461335527,1461335527,1096285294,1096285294
202601,'305,メキシコ,140559208,140559208,84067189,84067189
202601,'306,グアテマラ,7722627,7722627,813619,813619
202601,'307,ホンジュラス,2666095,2666095,319796,319796
202601,'308,ベリーズ,116103,116103,16337,16337
202601,'309,エルサルバドル,4326558,4326558,220436,220436
202601,'310,ニカラグア,1868715,1868715,191313,191313
202601,'311,コスタリカ,5210306,5210306,8505072,8505072
202601,'312,パナマ,70044225,70044225,2269625,2269625
202601,'314,バーミュダ（英）,62890,62890,225,225
202601,'315,バハマ,10524357,10524357,-,0
202601,'316,ジャマイカ,2557838,2557838,68567,68567
202601,'317,タークス及びカイコス諸島（英）,98182,98182,2542,2542
202601,'319,バルバドス,711527,711527,5600,5600
202601,'320,トリニダード・トバゴ,1547215,1547215,137939,137939
202601,'321,キューバ,64639,64639,299875,299875
202601,'322,ハイチ,188416,188416,164042,164042
202601,'323,ドミニカ共和国,3238437,3238437,1950410,1950410
202601,'324,プエルトリコ（米）,5932445,5932445,23734950,23734950
202601,'325,米領バージン諸島,53187,53187,-,0
202601,'326,蘭領アンティール,310890,310890,1558,1558
202601,'327,仏領西インド諸島,533039,533039,338,338
202601,'328,ケイマン諸島（英）,112095,112095,-,0
202601,'329,グレナダ,128269,128269,-,0
202601,'330,セントルシア,164908,164908,-,0
202601,'331,アンティグア・バーブーダ,175156,175156,-,0
202601,'332,英領バージン諸島,14498,14498,-,0
202601,'333,ドミニカ,19559,19559,2319,2319
202601,'334,モントセラト（英）,6934,6934,4507,4507
202601,'335,セントクリストファー・ネービス,58142,58142,259,259
202601,'336,セントビンセント,127859,127859,-,0
202601,'337,英領アンギラ,4264,4264,-,0
202601,'401,コロンビア,14839644,14839644,12218714,12218714
202601,'402,ベネズエラ,574222,574222,421839,421839
202601,'403,ガイアナ,2846491,2846491,12689,12689
202601,'404,スリナム,1228377,1228377,38706,38706
202601,'405,仏領ギアナ,24306,24306,-,0
202601,'406,エクアドル,4513301,4513301,22092265,22092265
202601,'407,ペルー,6853605,6853605,67697385,67697385
202601,'408,ボリビア,1325475,1325475,3753619,3753619
202601,'409,チリ,22199088,22199088,127987453,127987453
202601,'410,ブラジル,51812917,51812917,124624392,124624392
202601,'411,パラグアイ,1636591,1636591,356782,356782
202601,'412,ウルグアイ,584854,584854,992159,992159
202601,'413,アルゼンチン,13355358,13355358,6062058,6062058
202601,'414,フォークランド諸島及びその附属諸島（英）,300,300,20031,20031
202601,'501,モロッコ,2864413,2864413,2858431,2858431
202601,'502,セウタ及びメリリア（西）,-,0,229,229
202601,'503,アルジェリア,2182268,2182268,4967262,4967262
202601,'504,チュニジア,685454,685454,1394443,1394443
202601,'505,リビア,481807,481807,333930,333930
202601,'506,エジプト,7127869,7127869,1086801,1086801
202601,'507,スーダン,837762,837762,95058,95058
202601,'509,モーリタニア,224307,224307,1416394,1416394
202601,'510,セネガル,727277,727277,513369,513369
202601,'511,ガンビア,52776,52776,30679,30679
202601,'512,ギニア・ビサウ,-,0,609569,609569
202601,'513,ギニア,75114,75114,140769,140769
202601,'514,シエラレオネ,21776,21776,96632,96632
202601,'515,リベリア,38060632,38060632,118916,118916
202601,'516,コートジボワール,398063,398063,1186198,1186198
202601,'517,ガーナ,2000670,2000670,3148100,3148100
202601,'518,トーゴ,277256,277256,496355,496355
202601,'519,ベナン,36679,36679,542,542
202601,'520,マリ,61162,61162,3308,3308
202601,'521,ブルキナファソ,102093,102093,220487,220487
202601,'522,カーボベルデ,110597,110597,818,818
202601,'523,カナリー諸島（西）,559326,559326,647,647
202601,'524,ナイジェリア,5487843,5487843,13923778,13923778
202601,'525,ニジェール,30833,30833,30195,30195
202601,'526,ルワンダ,40174,40174,244790,244790
202601,'527,カメルーン,419487,419487,136285,136285
202601,'528,チャド,20924,20924,549,549
202601,'529,中央アフリカ,2635,2635,21957,21957
202601,'530,赤道ギニア,5147,5147,-,0
202601,'531,ガボン,302572,302572,726569,726569
202601,'532,コンゴ共和国,11652,11652,28818,28818
202601,'533,コンゴ民主共和国,1209517,1209517,119458,119458
202601,'534,ブルンジ,131615,131615,37577,37577
202601,'535,アンゴラ,749511,749511,5750,5750
202601,'536,サントメ・プリンシペ,-,0,4813,4813
202601,'537,セントヘレナ及びその附属諸島（英）,-,0,88469,88469
202601,'538,エチオピア,351767,351767,1061553,1061553
202601,'539,ジブチ,779595,779595,228,228
202601,'540,ソマリア,247,247,157844,157844
202601,'541,ケニア,13999968,13999968,641719,641719
202601,'542,ウガンダ,3198174,3198174,93501,93501
202601,'543,タンザニア,9209518,9209518,3116208,3116208
202601,'544,セーシェル,42969,42969,1247114,1247114
202601,'545,モザンビーク,1163544,1163544,5699252,5699252
202601,'546,マダガスカル,118392,118392,1055190,1055190
202601,'547,モーリシャス,1222367,1222367,52665,52665
202601,'548,レユニオン（仏）,229171,229171,-,0
202601,'549,ジンバブエ,947765,947765,459035,459035
202601,'550,ナミビア,644570,644570,70287,70287
202601,'551,南アフリカ共和国,26918335,26918335,106601507,106601507
202601,'552,レソト,103616,103616,6386,6386
202601,'553,マラウイ,250497,250497,121109,121109
202601,'554,ザンビア,1715383,1715383,104417,104417
202601,'555,ボツワナ,121078,121078,226322,226322
202601,'556,エスワティニ,71020,71020,29926,29926
202601,'558,コモロ,20464,20464,-,0
202601,'559,エリトリア,2002,2002,-,0
202601,'560,南スーダン,493256,493256,3159382,3159382
202601,'601,オーストラリア,200332702,200332702,628318781,628318781
202601,'602,パプアニューギニア,1954185,1954185,49851106,49851106
202601,'605,その他のオーストラリア領,8511,8511,213,213
202601,'606,ニュージーランド,24775293,24775293,27225707,27225707
202601,'607,クック,19604,19604,29594,29594
202601,'608,トケラウ諸島（ニュージーランド）,-,0,1848,1848
202601,'610,サモア,165763,165763,3328,3328
202601,'611,バヌアツ,121049,121049,48861,48861
202601,'612,フィジー,996139,996139,36994,36994
202601,'613,ソロモン,210135,210135,45571,45571
202601,'614,トンガ,80962,80962,2554,2554
202601,'615,キリバス,58436,58436,118585,118585
202601,'617,ナウル,18090,18090,14960,14960
202601,'618,ニューカレドニア（仏）,194669,194669,1519843,1519843
202601,'619,仏領ポリネシア,330378,330378,481761,481761
202601,'620,グアム（米）,721662,721662,25006,25006
202601,'621,米領サモア,24133,24133,-,0
202601,'622,米領オセアニア,-,0,3394,3394
202601,'624,ツバル,1176,1176,-,0
202601,'625,マーシャル,45451738,45451738,55502,55502
202601,'626,ミクロネシア,300686,300686,60395,60395
202601,'627,北マリアナ諸島（米）,113342,113342,-,0
202601,'628,パラオ,83900,83900,3487,3487
202601,'702,不明,-,0,39765,39765
202602,'103,大韓民国,609477471,1220755688,356304028,757597347
202602,'105,中華人民共和国,1369496424,2919010672,2338377425,4972876128
202602,'106,台湾,683521512,1394077357,459483439,983006043
202602,'107,モンゴル,11984293,22268905,171152,288138
202602,'108,香港,591626942,1280779186,8761961,25635435
202602,'110,ベトナム,231816889,461818901,427100948,868990103
202602,'111,タイ,388314659,736864785,339045758,672310821
202602,'112,シンガポール,292411013,580139857,78553941,178088920
202602,'113,マレーシア,190588493,390832447,245501681,521412762
202602,'116,ブルネイ,773016,1187902,11558256,35089441
202602,'117,フィリピン,148155791,284279248,122687812,244576224
202602,'118,インドネシア,139468307,276802457,219632258,481986204
202602,'120,カンボジア,7099599,15830748,33395424,69804653
202602,'121,ラオス,1850854,3441855,2279651,4470776
202602,'122,ミャンマー,4112646,6912263,20377982,41147906
202602,'123,インド,271962887,483082666,87618282,178105857
202602,'124,パキスタン,23986340,38718312,3584332,7081690
202602,'125,スリランカ,16123610,30857974,2923050,6304015
202602,'126,モルディブ,403661,658808,382,38465
202602,'127,バングラデシュ,32806576,69001091,19124202,44583333
202602,'128,東ティモール,220477,315861,50805,187026
202602,'129,マカオ,4121843,9200442,123768,328933
202602,'130,アフガニスタン,70987,126705,9185,19688
202602,'131,ネパール,353450,1361824,241168,461783
202602,'132,ブータン,279872,363449,-,0
202602,'133,イラン,404033,570369,351767,487442
202602,'134,イラク,12049819,19649351,1821130,1822657
202602,'135,バーレーン,9861234,19216103,3114837,11627340
202602,'137,サウジアラビア,87152648,157478674,396258435,931038277
202602,'138,クウェート,34021511,50874264,54625522,119951275
202602,'140,カタール,20130051,37328349,52405896,126248353
202602,'141,オマーン,16379225,29838917,22823418,52176301
202602,'143,イスラエル,22330604,35781615,15375517,35548784
202602,'144,ヨルダン,7719790,16182379,905184,2162086
202602,'145,シリア,31891,151365,12436,27355
202602,'146,レバノン,4663059,10241923,78590,166124
202602,'147,アラブ首長国連邦,211830744,436204990,310745199,614263423
202602,'149,イエメン,6075795,10579113,80641,140663
202602,'150,アゼルバイジャン,859222,1738569,190421,306249
202602,'151,アルメニア,525003,653077,240538,710287
202602,'152,ウズベキスタン,7202008,9049918,556447,1195447
202602,'153,カザフスタン,11076071,19151076,9545512,21087338
202602,'154,キルギス,1173580,1815533,8767,11285
202602,'155,タジキスタン,309928,510840,-,75450
202602,'156,トルクメニスタン,2102877,2395251,6174,8051
202602,'157,ジョージア,8820584,14097973,159230,225077
202602,'158,ヨルダン川西岸及びガザ,6132,6132,-,0
202602,'201,アイスランド,652530,1730808,1675626,2895801
202602,'202,ノルウェー,6657458,14169133,16475087,36242225
202602,'203,スウェーデン,16581522,33146799,42310032,74886644
202602,'204,デンマーク,6775334,13674667,27797966,54884115
202602,'205,英国,164627836,322615084,95797887,198668892
202602,'206,アイルランド,21391955,40459099,87008984,156454357
202602,'207,オランダ,162852370,306965589,32919769,63202332
202602,'208,ベルギー,104463063,191671875,32639877,65414605
202602,'209,ルクセンブルク,5704021,9821075,1024684,1960034
202602,'210,フランス,93902880,170833686,166693916,328859535
202602,'211,モナコ,7019,8109,43649,57113
202602,'212,アンドラ,2407,7253,-,0
202602,'213,ドイツ,230018708,457420531,295788112,573665205
202602,'215,スイス,121820559,229308042,107184933,203349508
202602,'217,ポルトガル,6225031,11602094,5032574,12315169
202602,'218,スペイン,43004351,85706307,36721961,92985995
202602,'219,ジブラルタル（英）,2110747,3290295,-,0
202602,'220,イタリア,64264062,129149050,150765429,328141097
202602,'221,マルタ,6484691,8476305,10398333,17710742
202602,'222,フィンランド,6142450,10118731,20668458,45597188
202602,'223,ポーランド,43637859,93011641,26836933,48273584
202602,'224,ロシア,28989913,53746401,84704728,166517507
202602,'225,オーストリア,19091285,38816510,40044728,69482486
202602,'227,ハンガリー,16133514,31112928,13577251,24348425
202602,'228,セルビア,602527,1032326,3302101,6523670
202602,'229,アルバニア,69810,87373,205550,390615
202602,'230,ギリシャ,5373075,10100933,9892965,25902097
202602,'231,ルーマニア,7282983,12397631,23203140,41062806
202602,'232,ブルガリア,2114100,4247489,1623581,3533502
202602,'233,キプロス,11333855,23669637,24143,30996
202602,'234,トルコ,43326790,78968733,10736014,24549101
202602,'235,エストニア,945945,1616708,1630309,3253493
202602,'236,ラトビア,1115657,1404590,873072,2517431
202602,'237,リトアニア,925995,1691695,1799980,3963588
202602,'238,ウクライナ,8082194,11410795,503614,1204393
202602,'239,ベラルーシ,64185,128790,46223,85682
202602,'240,モルドバ,79553,123602,388039,1094892
202602,'241,クロアチア,1127771,2225206,1190892,1442365
202602,'242,スロベニア,3433385,7300553,9655489,13318277
202602,'243,ボスニア・ヘルツェゴビナ,26717,44387,327109,475421
202602,'244,北マケドニア,80780,133950,108699,334871
202602,'245,チェコ,33725861,62118532,19031623,46607358
202602,'246,スロバキア,2812434,5477494,10466411,19750767
202602,'247,モンテネグロ,53599,91340,4755,10349
202602,'248,コソボ,8684,8684,-,212
202602,'249,フェロー諸島（デンマーク）,2830,3221,238929,522370
202602,'301,グリーンランド（デンマーク）,350,350,658962,2094538
202602,'302,カナダ,188025522,324489892,167955116,327599093
202602,'304,アメリカ合衆国,1752867574,3214203101,1072065436,2168350730
202602,'305,メキシコ,159147024,299706232,65626255,149693444
202602,'306,グアテマラ,8236506,15959133,850187,1663806
202602,'307,ホンジュラス,3123955,5790050,1092349,1412145
202602,'308,ベリーズ,63620,179723,57549,73886
202602,'309,エルサルバドル,2488620,6815178,96080,316516
202602,'310,ニカラグア,2180411,4049126,209895,401208
202602,'311,コスタリカ,6819081,12029387,8420636,16925708
202602,'312,パナマ,67866258,137910483,579208,2848833
202602,'314,バーミュダ（英）,262311,325201,-,225
202602,'315,バハマ,919643,11444000,424,424
202602,'316,ジャマイカ,4777124,7334962,110546,179113
202602,'317,タークス及びカイコス諸島（英）,85229,183411,2458,5000
202602,'319,バルバドス,1570667,2282194,5664,11264
202602,'320,トリニダード・トバゴ,2673328,4220543,717429,855368
202602,'321,キューバ,83288,147927,107797,407672
202602,'322,ハイチ,173791,362207,83967,248009
202602,'323,ドミニカ共和国,4571668,7810105,1761882,3712292
202602,'324,プエルトリコ（米）,4911154,10843599,35017147,58752097
202602,'325,米領バージン諸島,17406,70593,982,982
202602,'326,蘭領アンティール,344620,655510,-,1558
202602,'327,仏領西インド諸島,450464,983503,6050,6388
202602,'328,ケイマン諸島（英）,548565,660660,-,0
202602,'329,グレナダ,518125,646394,-,0
202602,'330,セントルシア,427783,592691,-,0
202602,'331,アンティグア・バーブーダ,265216,440372,-,0
202602,'332,英領バージン諸島,44145,58643,-,0
202602,'333,ドミニカ,78343,97902,913,3232
202602,'334,モントセラト（英）,4273,11207,-,4507
202602,'335,セントクリストファー・ネービス,154320,212462,-,259
202602,'336,セントビンセント,280863,408722,-,0
202602,'337,英領アンギラ,35416,39680,-,0
202602,'338,サン・バルテルミー島（仏）,50960,50960,-,0
202602,'401,コロンビア,21082835,35922479,11045701,23264415
202602,'402,ベネズエラ,1351966,1926188,469149,890988
202602,'403,ガイアナ,3122734,5969225,-,12689
202602,'404,スリナム,1535565,2763942,49547,88253
202602,'405,仏領ギアナ,24245,48551,-,0
202602,'406,エクアドル,7576006,12089307,10311188,32403453
202602,'407,ペルー,11729666,18583271,34442229,102139614
202602,'408,ボリビア,1525273,2850748,5942941,9696560
202602,'409,チリ,16768151,38967239,147795536,275782989
202602,'410,ブラジル,58152130,109965047,109639957,234264349
202602,'411,パラグアイ,2194519,3831110,562425,919207
202602,'412,ウルグアイ,1082947,1667801,1438203,2430362
202602,'413,アルゼンチン,12169422,25524780,5430412,11492470
202602,'414,フォークランド諸島及びその附属諸島（英）,1140,1440,27340,47371
202602,'501,モロッコ,9634740,12499153,1587477,4445908
202602,'502,セウタ及びメリリア（西）,26583,26583,1602,1831
202602,'503,アルジェリア,1141148,3323416,7889,4975151
202602,'504,チュニジア,1709896,2395350,3690717,5085160
202602,'505,リビア,670926,1152733,-,333930
202602,'506,エジプト,9799792,16927661,702679,1789480
202602,'507,スーダン,845334,1683096,268291,363349
202602,'509,モーリタニア,294261,518568,3964724,5381118
202602,'510,セネガル,427659,1154936,349459,862828
202602,'511,ガンビア,5451,58227,-,30679
202602,'512,ギニア・ビサウ,44429,44429,218413,827982
202602,'513,ギニア,86344,161458,212062,352831
202602,'514,シエラレオネ,67611,89387,40285,136917
202602,'515,リベリア,39236114,77296746,322,119238
202602,'516,コートジボワール,471807,869870,667101,1853299
202602,'517,ガーナ,2456631,4457301,3663614,6811714
202602,'518,トーゴ,213604,490860,464308,960663
202602,'519,ベナン,32522,69201,-,542
202602,'520,マリ,86063,147225,1284,4592
202602,'521,ブルキナファソ,154736,256829,48030,268517
202602,'522,カーボベルデ,69493,180090,791,1609
202602,'523,カナリー諸島（西）,499102,1058428,965,1612
202602,'524,ナイジェリア,7118871,12606714,2741169,16664947
202602,'525,ニジェール,1031,31864,7147,37342
202602,'526,ルワンダ,222222,262396,35341,280131
202602,'527,カメルーン,110830,530317,65209,201494
202602,'528,チャド,41980,62904,-,549
202602,'529,中央アフリカ,-,2635,23944,45901
202602,'530,赤道ギニア,95391,100538,6716906,6716906
202602,'531,ガボン,554620,857192,21009,747578
202602,'532,コンゴ共和国,19750,31402,1674,30492
202602,'533,コンゴ民主共和国,1732561,2942078,65768,185226
202602,'534,ブルンジ,344752,476367,136368,173945
202602,'535,アンゴラ,800465,1549976,11084,16834
202602,'536,サントメ・プリンシペ,324500,324500,-,4813
202602,'537,セントヘレナ及びその附属諸島（英）,-,0,1854,90323
202602,'538,エチオピア,218971,570738,925016,1986569
202602,'539,ジブチ,1054255,1833850,-,228
202602,'540,ソマリア,19683,19930,5048,162892
202602,'541,ケニア,15991290,29991258,492622,1134341
202602,'542,ウガンダ,3948061,7146235,107602,201103
202602,'543,タンザニア,16143591,25353109,2471902,5588110
202602,'544,セーシェル,122720,165689,1009944,2257058
202602,'545,モザンビーク,1189371,2352915,7392523,13091775
202602,'546,マダガスカル,367408,485800,619056,1674246
202602,'547,モーリシャス,1921698,3144065,131939,184604
202602,'548,レユニオン（仏）,575634,804805,-,0
202602,'549,ジンバブエ,1564961,2512726,263259,722294
202602,'550,ナミビア,369510,1014080,66298,136585
202602,'551,南アフリカ共和国,30211651,57129986,114514698,221116205
202602,'552,レソト,198600,302216,-,6386
202602,'553,マラウイ,271816,522313,43370,164479
202602,'554,ザンビア,2730878,4446261,35511,139928
202602,'555,ボツワナ,189297,310375,62569,288891
202602,'556,エスワティニ,33485,104505,1841,31767
202602,'557,英領インド洋地域,-,0,545,545
202602,'558,コモロ,772,21236,-,0
202602,'559,エリトリア,14783,16785,-,0
202602,'560,南スーダン,367569,860825,-,3159382
202602,'601,オーストラリア,195475732,395808434,558241561,1186560342
202602,'602,パプアニューギニア,3568019,5522204,61646366,111497472
202602,'605,その他のオーストラリア領,18639,27150,1716,1929
202602,'606,ニュージーランド,44217104,68992397,26021963,53247670
202602,'607,クック,44147,63751,146122,175716
202602,'608,トケラウ諸島（ニュージーランド）,-,0,-,1848
202602,'610,サモア,162766,328529,-,3328
202602,'611,バヌアツ,150946,271995,1059452,1108313
202602,'612,フィジー,1723519,2719658,22832,59826
202602,'613,ソロモン,105155,315290,49277,94848
202602,'614,トンガ,36375,117337,-,2554
202602,'615,キリバス,99303,157739,140922,259507
202602,'617,ナウル,116188,134278,79784,94744
202602,'618,ニューカレドニア（仏）,101529,296198,746526,2266369
202602,'619,仏領ポリネシア,231943,562321,83387,565148
202602,'620,グアム（米）,1711975,2433637,13212,38218
202602,'621,米領サモア,30067,54200,685,685
202602,'622,米領オセアニア,-,0,2406,5800
202602,'624,ツバル,3941,5117,11128,11128
202602,'625,マーシャル,22275528,67727266,38460,93962
202602,'626,ミクロネシア,221923,522609,106357,166752
202602,'627,北マリアナ諸島（米）,113754,227096,-,0
202602,'628,パラオ,90740,174640,25865,29352
202602,'702,不明,-,0,589429,629194
202603,'103,大韓民国,711536977,1932292665,479197293,1236794640
202603,'105,中華人民共和国,1958162376,4877173048,2304394729,7277270857
202603,'106,台湾,871417430,2265494787,546402254,1529408297
202603,'107,モンゴル,18699281,40968186,57255,345393
202603,'108,香港,555902966,1836682152,56886876,82522311
202603,'110,ベトナム,282901077,744719978,410272079,1279262182
202603,'111,タイ,431050132,1167914917,377125863,1049436684
202603,'112,シンガポール,329657703,909797560,110813653,288902573
202603,'113,マレーシア,244011842,634844289,272385378,793798140
202603,'116,ブルネイ,1259721,2447623,13268132,48357573
202603,'117,フィリピン,163347185,447626433,145114212,389690436
202603,'118,インドネシア,162029988,438832445,289436643,771422847
202603,'120,カンボジア,10665308,26496056,41407513,111212166
202603,'121,ラオス,1904039,5345894,6412364,10883140
202603,'122,ミャンマー,6141346,13053609,30323868,71471774
202603,'123,インド,299837230,782919896,107842978,285948835
202603,'124,パキスタン,18383421,57101733,5114466,12196156
202603,'125,スリランカ,25208380,56066354,3623480,9927495
202603,'126,モルディブ,425523,1084331,52251,90716
202603,'127,バングラデシュ,29003831,98004922,25469780,70053113
202603,'128,東ティモール,242557,558418,110502,297528
202603,'129,マカオ,5373891,14574333,74916,403849
202603,'130,アフガニスタン,12308,139013,17955,37643
202603,'131,ネパール,588942,1950766,210173,671956
202603,'132,ブータン,96141,459590,-,0
202603,'133,イラン,1746,572115,200692,688134
202603,'134,イラク,12016362,31665713,131604,1954261
202603,'135,バーレーン,3824181,23040284,4787901,16415241
202603,'137,サウジアラビア,56540460,214019134,370328555,1301366832
202603,'138,クウェート,15929324,66803588,37762205,157713480
202603,'140,カタール,8713800,46042149,62258890,188507243
202603,'141,オマーン,9081138,38920055,36149434,88325735
202603,'143,イスラエル,16529355,52310970,16920121,52468905
202603,'144,ヨルダン,4357009,20539388,2198083,4360169
202603,'145,シリア,113960,265325,-,27355
202603,'146,レバノン,6960624,17202547,62171,228295
202603,'147,アラブ首長国連邦,88399710,524604700,348719805,962983228
202603,'149,イエメン,2683115,13262228,39801,180464
202603,'150,アゼルバイジャン,1502417,3240986,128305,434554
202603,'151,アルメニア,179163,832240,302745,1013032
202603,'152,ウズベキスタン,5529507,14579425,354870,1550317
202603,'153,カザフスタン,13052993,32204069,7304937,28392275
202603,'154,キルギス,2213981,4029514,14791,26076
202603,'155,タジキスタン,676266,1187106,76740,152190
202603,'156,トルクメニスタン,2564239,4959490,16829,24880
202603,'157,ジョージア,6531669,20629642,156952,382029
202603,'158,ヨルダン川西岸及びガザ,16023,22155,45793,45793
202603,'201,アイスランド,993405,2724213,1413779,4309580
202603,'202,ノルウェー,13128992,27298125,15626980,51869205
202603,'203,スウェーデン,14990286,48137085,53418508,128305152
202603,'204,デンマーク,7805512,21480179,22371859,77255974
202603,'205,英国,217539323,540154407,99871051,298539943
202603,'206,アイルランド,21341347,61800446,122185824,278640181
202603,'207,オランダ,180880324,487845913,34540998,97743330
202603,'208,ベルギー,104293919,295965794,34326148,99740753
202603,'209,ルクセンブルク,5712086,15533161,1057277,3017311
202603,'210,フランス,102859970,273693656,179866733,508726268
202603,'211,モナコ,912,9021,23981,81094
202603,'212,アンドラ,2394,9647,542,542
202603,'213,ドイツ,293772226,751192757,295805452,869470657
202603,'215,スイス,95479481,324787523,126041152,329390660
202603,'217,ポルトガル,7821071,19423165,11516449,23831618
202603,'218,スペイン,50215574,135921881,37870969,130856964
202603,'219,ジブラルタル（英）,1463518,4753813,-,0
202603,'220,イタリア,71408517,200557567,194442253,522583350
202603,'221,マルタ,2516759,10993064,5415502,23126244
202603,'222,フィンランド,8248702,18367433,21547971,67145159
202603,'223,ポーランド,51129118,144140759,18455357,66728941
202603,'224,ロシア,35793038,89539439,64741502,231259009
202603,'225,オーストリア,22882961,61699471,31540429,101022915
202603,'227,ハンガリー,15272215,46385143,16624698,40973123
202603,'228,セルビア,631129,1663455,3377135,9900805
202603,'229,アルバニア,53153,140526,287231,677846
202603,'230,ギリシャ,4826750,14927683,24367817,50269914
202603,'231,ルーマニア,6343952,18741583,25235761,66298567
202603,'232,ブルガリア,2803658,7051147,1685945,5219447
202603,'233,キプロス,14509988,38179625,23273,54269
202603,'234,トルコ,44892159,123860892,17284329,41833430
202603,'235,エストニア,798995,2415703,1374209,4627702
202603,'236,ラトビア,875879,2280469,843859,3361290
202603,'237,リトアニア,1368613,3060308,2441187,6404775
202603,'238,ウクライナ,7240592,18651387,625005,1829398
202603,'239,ベラルーシ,131772,260562,9393,95075
202603,'240,モルドバ,51573,175175,465636,1560528
202603,'241,クロアチア,1489572,3714778,198066,1640431
202603,'242,スロベニア,3064781,10365334,13699499,27017776
202603,'243,ボスニア・ヘルツェゴビナ,37258,81645,128328,603749
202603,'244,北マケドニア,74853,208803,193171,528042
202603,'245,チェコ,36366047,98484579,19269544,65876902
202603,'246,スロバキア,2936938,8414432,7398764,27149531
202603,'247,モンテネグロ,59361,150701,4509,14858
202603,'248,コソボ,8880,17564,3606,3818
202603,'249,フェロー諸島（デンマーク）,815,4036,135996,658366
202603,'301,グリーンランド（デンマーク）,737,1087,736405,2830943
202603,'302,カナダ,184859053,509348945,152401542,480000635
202603,'304,アメリカ合衆国,1940430027,5154633128,1216718160,3385068890
202603,'305,メキシコ,190096428,489802660,91736362,241429806
202603,'306,グアテマラ,9771650,25730783,1698979,3362785
202603,'307,ホンジュラス,2632605,8422655,1584042,2996187
202603,'308,ベリーズ,118787,298510,40527,114413
202603,'309,エルサルバドル,2742313,9557491,116439,432955
202603,'310,ニカラグア,3129482,7178608,313343,714551
202603,'311,コスタリカ,7084326,19113713,9560232,26485940
202603,'312,パナマ,89365764,227276247,2987935,5836768
202603,'314,バーミュダ（英）,181854,507055,640,865
202603,'315,バハマ,960176,12404176,-,424
202603,'316,ジャマイカ,3671853,11006815,60242,239355
202603,'317,タークス及びカイコス諸島（英）,115423,298834,4516,9516
202603,'319,バルバドス,7135370,9417564,-,11264
202603,'320,トリニダード・トバゴ,2494061,6714604,4994273,5849641
202603,'321,キューバ,13636,161563,338319,745991
202603,'322,ハイチ,235505,597712,181686,429695
202603,'323,ドミニカ共和国,5066537,12876642,2627849,6340141
202603,'324,プエルトリコ（米）,10347684,21191283,27033582,85785679
202603,'325,米領バージン諸島,88908,159501,487,1469
202603,'326,蘭領アンティール,1176730,1832240,-,1558
202603,'327,仏領西インド諸島,543274,1526777,-,6388
202603,'328,ケイマン諸島（英）,223800,884460,-,0
202603,'329,グレナダ,313163,959557,-,0
202603,'330,セントルシア,245225,837916,-,0
202603,'331,アンティグア・バーブーダ,176947,617319,-,0
202603,'332,英領バージン諸島,38223,96866,-,0
202603,'333,ドミニカ,41757,139659,210,3442
202603,'334,モントセラト（英）,9113,20320,338,4845
202603,'335,セントクリストファー・ネービス,83480,295942,4227,4486
202603,'336,セントビンセント,170963,579685,13804,13804
202603,'337,英領アンギラ,58682,98362,-,0
202603,'338,サン・バルテルミー島（仏）,6041,57001,-,0
202603,'401,コロンビア,21804940,57727419,8580932,31845347
202603,'402,ベネズエラ,828125,2754313,725402,1616390
202603,'403,ガイアナ,3953778,9923003,579166,591855
202603,'404,スリナム,1840127,4604069,32942,121195
202603,'405,仏領ギアナ,77008,125559,-,0
202603,'406,エクアドル,6255304,18344611,10956364,43359817
202603,'407,ペルー,12438325,31021596,35012841,137152455
202603,'408,ボリビア,1710015,4560763,443003,10139563
202603,'409,チリ,29254038,68221277,148238968,424021957
202603,'410,ブラジル,70794769,180759816,122134277,356398626
202603,'411,パラグアイ,4544910,8376020,456118,1375325
202603,'412,ウルグアイ,897165,2564966,1319851,3750213
202603,'413,アルゼンチン,15218213,40742993,6672731,18165201
202603,'414,フォークランド諸島及びその附属諸島（英）,-,1440,19838,67209
202603,'501,モロッコ,5294241,17793394,6031473,10477381
202603,'502,セウタ及びメリリア（西）,-,26583,4877,6708
202603,'503,アルジェリア,3770213,7093629,1958940,6934091
202603,'504,チュニジア,2693239,5088589,2117984,7203144
202603,'505,リビア,1371779,2524512,-,333930
202603,'506,エジプト,12809391,29737052,1270812,3060292
202603,'507,スーダン,1387391,3070487,28604,391953
202603,'509,モーリタニア,568473,1087041,181222,5562340
202603,'510,セネガル,796208,1951144,446403,1309231
202603,'511,ガンビア,59323,117550,44147,74826
202603,'512,ギニア・ビサウ,477,44906,205276,1033258
202603,'513,ギニア,167987,329445,135930,488761
202603,'514,シエラレオネ,19472,108859,129648,266565
202603,'515,リベリア,83097848,160394594,57652,176890
202603,'516,コートジボワール,1340018,2209888,1031222,2884521
202603,'517,ガーナ,3662029,8119330,6362661,13174375
202603,'518,トーゴ,666519,1157379,795239,1755902
202603,'519,ベナン,51001,120202,34292,34834
202603,'520,マリ,268809,416034,36482,41074
202603,'521,ブルキナファソ,508491,765320,53385,321902
202603,'522,カーボベルデ,39907,219997,3241,4850
202603,'523,カナリー諸島（西）,582544,1640972,3218,4830
202603,'524,ナイジェリア,8039686,20646400,3031013,19695960
202603,'525,ニジェール,1509,33373,20217,57559
202603,'526,ルワンダ,115822,378218,47498,327629
202603,'527,カメルーン,676712,1207029,72705,274199
202603,'528,チャド,36421,99325,-,549
202603,'529,中央アフリカ,9006,11641,-,45901
202603,'530,赤道ギニア,7275,107813,-,6716906
202603,'531,ガボン,373549,1230741,1224520,1972098
202603,'532,コンゴ共和国,25567,56969,-,30492
202603,'533,コンゴ民主共和国,2375314,5317392,35134,220360
202603,'534,ブルンジ,214407,690774,117054,290999
202603,'535,アンゴラ,588736,2138712,18503,35337
202603,'536,サントメ・プリンシペ,-,324500,2287,7100
202603,'537,セントヘレナ及びその附属諸島（英）,-,0,117576,207899
202603,'538,エチオピア,1118608,1689346,746301,2732870
202603,'539,ジブチ,1629692,3463542,949,1177
202603,'540,ソマリア,7886,27816,38655,201547
202603,'541,ケニア,21119388,51110646,713463,1847804
202603,'542,ウガンダ,6729511,13875746,181065,382168
202603,'543,タンザニア,15007124,40360233,3548208,9136318
202603,'544,セーシェル,145706,311395,702144,2959202
202603,'545,モザンビーク,1416845,3769760,7834751,20926526
202603,'546,マダガスカル,141487,627287,1694080,3368326
202603,'547,モーリシャス,2364539,5508604,48678,233282
202603,'548,レユニオン（仏）,385911,1190716,24413,24413
202603,'549,ジンバブエ,1695379,4208105,391843,1114137
202603,'550,ナミビア,1203045,2217125,117389,253974
202603,'551,南アフリカ共和国,33507405,90637391,128216941,349333146
202603,'552,レソト,317830,620046,6770,13156
202603,'553,マラウイ,254512,776825,234799,399278
202603,'554,ザンビア,3784984,8231245,253965,393893
202603,'555,ボツワナ,211240,521615,43755,332646
202603,'556,エスワティニ,52670,157175,65352,97119
202603,'557,英領インド洋地域,-,0,-,545
202603,'558,コモロ,52068,73304,8962,8962
202603,'559,エリトリア,-,16785,2058,2058
202603,'560,南スーダン,557754,1418579,3151299,6310681
202603,'601,オーストラリア,225460942,621269376,628628866,1815189208
202603,'602,パプアニューギニア,3170635,8692839,41564378,153061850
202603,'605,その他のオーストラリア領,8754,35904,-,1929
202603,'606,ニュージーランド,29051362,98043759,33786892,87034562
202603,'607,クック,37614,101365,86200,261916
202603,'608,トケラウ諸島（ニュージーランド）,-,0,1264,3112
202603,'609,ニウエ,5311832,5311832,2952,2952
202603,'610,サモア,252538,581067,29163,32491
202603,'611,バヌアツ,202945,474940,569957,1678270
202603,'612,フィジー,1871067,4590725,13426,73252
202603,'613,ソロモン,387750,703040,26398,121246
202603,'614,トンガ,106269,223606,-,2554
202603,'615,キリバス,109702,267441,36909,296416
202603,'617,ナウル,29271,163549,77523,172267
202603,'618,ニューカレドニア（仏）,393318,689516,110426,2376795
202603,'619,仏領ポリネシア,329736,892057,1308491,1873639
202603,'620,グアム（米）,1083146,3516783,-,38218
202603,'621,米領サモア,14242,68442,-,685
202603,'622,米領オセアニア,-,0,-,5800
202603,'624,ツバル,2855,7972,-,11128
202603,'625,マーシャル,17131843,84859109,43995,137957
202603,'626,ミクロネシア,222154,744763,98503,265255
202603,'627,北マリアナ諸島（米）,133910,361006,-,0
202603,'628,パラオ,89494,264134,15029,44381
202603,'702,不明,-,0,25890,655084
202604,'103,大韓民国,641784934,2574077599,555249196,1792043836
202604,'105,中華人民共和国,1822916035,6700089083,2595895329,9873166186
202604,'106,台湾,884120934,3149615721,547653936,2077062233
202604,'107,モンゴル,16325220,57293406,207738,553131
202604,'108,香港,507323561,2344005713,9756799,92279110
202604,'110,ベトナム,305140273,1049860251,445079205,1724341387
202604,'111,タイ,400508991,1568423908,356264503,1405701187
202604,'112,シンガポール,272345385,1182142945,119675571,408578144
202604,'113,マレーシア,242629284,877473573,270727884,1064526024
202604,'116,ブルネイ,774152,3221775,41847987,90205560
202604,'117,フィリピン,158563360,606189793,144027928,533718364
202604,'118,インドネシア,165491006,604323451,231240837,1002663684
202604,'120,カンボジア,10443047,36939103,33271265,144483431
202604,'121,ラオス,2869697,8215591,2805942,13689082
202604,'122,ミャンマー,5091702,18145311,30000610,101472384
202604,'123,インド,281644821,1064564717,116158168,402107003
202604,'124,パキスタン,20146363,77248096,6100623,18296779
202604,'125,スリランカ,17680805,73747159,3913972,13841467
202604,'126,モルディブ,506611,1590942,1906,92622
202604,'127,バングラデシュ,33627566,131632488,20893921,90947034
202604,'128,東ティモール,254447,812865,5534,303062
202604,'129,マカオ,6795741,21370074,164282,568131
202604,'130,アフガニスタン,56976,195989,14140,51783
202604,'131,ネパール,357418,2308184,192464,864420
202604,'132,ブータン,427294,886884,13118,13118
202604,'133,イラン,52750,624865,5779,693913
202604,'134,イラク,4526118,36191831,1030,1955291
202604,'135,バーレーン,365423,23405707,3658419,20073660
202604,'137,サウジアラビア,34070021,248089155,215608234,1516975066
202604,'138,クウェート,802997,67606585,778469,158491949
202604,'140,カタール,2218803,48260952,6860225,195367468
202604,'141,オマーン,2131286,41051341,22680705,111006440
202604,'143,イスラエル,13535863,65846833,15088282,67557187
202604,'144,ヨルダン,1510133,22049521,556757,4916926
202604,'145,シリア,81949,347274,4423,31778
202604,'146,レバノン,2663441,19865988,60204,288499
202604,'147,アラブ首長国連邦,76593230,601197930,205418445,1168401673
202604,'149,イエメン,116212,13378440,13982,194446
202604,'150,アゼルバイジャン,1514950,4755936,203497,638051
202604,'151,アルメニア,228345,1060585,164726,1177758
202604,'152,ウズベキスタン,2303914,16883339,738902,2289219
202604,'153,カザフスタン,12225345,44429414,12689216,41081491
202604,'154,キルギス,3077042,7106556,5869,31945
202604,'155,タジキスタン,381988,1569094,-,152190
202604,'156,トルクメニスタン,1733622,6693112,1358,26238
202604,'157,ジョージア,7437650,28067292,200921,582950
202604,'158,ヨルダン川西岸及びガザ,26397,48552,10447,56240
202604,'201,アイスランド,759137,3483350,1618853,5928433
202604,'202,ノルウェー,8599147,35897272,18320049,70189254
202604,'203,スウェーデン,16552382,64689467,30352078,158657230
202604,'204,デンマーク,6392195,27872374,30171783,107427757
202604,'205,英国,184488569,724642976,109637622,408177565
202604,'206,アイルランド,28984475,90784921,77581826,356222007
202604,'207,オランダ,172127860,659973773,40705591,138448921
202604,'208,ベルギー,118478718,414444512,38126395,137867148
202604,'209,ルクセンブルク,7835303,23368464,1077791,4095102
202604,'210,フランス,123803686,397497342,162956844,671683112
202604,'211,モナコ,36586,45607,38402,119496
202604,'212,アンドラ,1089,10736,947,1489
202604,'213,ドイツ,267449444,1018642201,297801749,1167272406
202604,'215,スイス,130817697,455605220,126795147,456185807
202604,'217,ポルトガル,8654825,28077990,6045160,29876778
202604,'218,スペイン,56372373,192294254,42928645,173785609
202604,'219,ジブラルタル（英）,1878194,6632007,219,219
202604,'220,イタリア,69670177,270227744,158166625,680749975
202604,'221,マルタ,2305144,13298208,1936144,25062388
202604,'222,フィンランド,4421922,22789355,19311340,86456499
202604,'223,ポーランド,56060325,200201084,20402520,87131461
202604,'224,ロシア,39081352,128620791,68775604,300034613
202604,'225,オーストリア,22660382,84359853,34549196,135572111
202604,'227,ハンガリー,19148286,65533429,13495495,54468618
202604,'228,セルビア,835867,2499322,4235182,14135987
202604,'229,アルバニア,106174,246700,100660,778506
202604,'230,ギリシャ,6407112,21334795,6297651,56567565
202604,'231,ルーマニア,5611428,24353011,7792886,74091453
202604,'232,ブルガリア,2591446,9642593,1405208,6624655
202604,'233,キプロス,15779849,53959474,34608,88877
202604,'234,トルコ,42397903,166258795,19106369,60939799
202604,'235,エストニア,956701,3372404,2805255,7432957
202604,'236,ラトビア,679528,2959997,887288,4248578
202604,'237,リトアニア,1818176,4878484,2122779,8527554
202604,'238,ウクライナ,10806959,29458346,524786,2354184
202604,'239,ベラルーシ,44811,305373,50150,145225
202604,'240,モルドバ,87636,262811,263182,1823710
202604,'241,クロアチア,809310,4524088,2784253,4424684
202604,'242,スロベニア,4101728,14467062,9763127,36780903
202604,'243,ボスニア・ヘルツェゴビナ,31714,113359,216972,820721
202604,'244,北マケドニア,67795,276598,197096,725138
202604,'245,チェコ,40232959,138717538,22842320,88719222
202604,'246,スロバキア,2381555,10795987,6497117,33646648
202604,'247,モンテネグロ,31493,182194,2031,16889
202604,'248,コソボ,256,17820,-,3818
202604,'249,フェロー諸島（デンマーク）,-,4036,212498,870864
202604,'250,バチカン,-,0,1944,1944
202604,'301,グリーンランド（デンマーク）,886,1973,675597,3506540
202604,'302,カナダ,197398574,706747519,192545044,672545679
202604,'304,アメリカ合衆国,1931823757,7086456885,1244144013,4629212903
202604,'305,メキシコ,195596472,685399132,95888074,337317880
202604,'306,グアテマラ,8499788,34230571,3591687,6954472
202604,'307,ホンジュラス,2255812,10678467,1442948,4439135
202604,'308,ベリーズ,293136,591646,84553,198966
202604,'309,エルサルバドル,2228831,11786322,234143,667098
202604,'310,ニカラグア,3066470,10245078,444892,1159443
202604,'311,コスタリカ,4168353,23282066,10993535,37479475
202604,'312,パナマ,49417920,276694167,834963,6671731
202604,'314,バーミュダ（英）,107983,615038,-,865
202604,'315,バハマ,934344,13338520,318,742
202604,'316,ジャマイカ,3358174,14364989,110086,349441
202604,'317,タークス及びカイコス諸島（英）,201651,500485,-,9516
202604,'319,バルバドス,750359,10167923,5441,16705
202604,'320,トリニダード・トバゴ,1448637,8163241,3314052,9163693
202604,'321,キューバ,29445,191008,316367,1062358
202604,'322,ハイチ,98598,696310,19504,449199
202604,'323,ドミニカ共和国,4680532,17557174,2199392,8539533
202604,'324,プエルトリコ（米）,8084784,29276067,20519503,106305182
202604,'325,米領バージン諸島,15031,174532,-,1469
202604,'326,蘭領アンティール,569261,2401501,-,1558
202604,'327,仏領西インド諸島,391123,1917900,-,6388
202604,'328,ケイマン諸島（英）,246131,1130591,-,0
202604,'329,グレナダ,302082,1261639,-,0
202604,'330,セントルシア,299269,1137185,-,0
202604,'331,アンティグア・バーブーダ,189967,807286,-,0
202604,'332,英領バージン諸島,23118,119984,-,0
202604,'333,ドミニカ,57685,197344,5765,9207
202604,'334,モントセラト（英）,8303,28623,-,4845
202604,'335,セントクリストファー・ネービス,78910,374852,-,4486
202604,'336,セントビンセント,166829,746514,5053,18857
202604,'337,英領アンギラ,84830,183192,-,0
202604,'338,サン・バルテルミー島（仏）,339,57340,232,232
202604,'401,コロンビア,15224481,72951900,9537952,41383299
202604,'402,ベネズエラ,1590059,4344372,667444,2283834
202604,'403,ガイアナ,3786958,13709961,21836,613691
202604,'404,スリナム,2444225,7048294,137988,259183
202604,'405,仏領ギアナ,54769,180328,-,0
202604,'406,エクアドル,9588196,27932807,18232669,61592486
202604,'407,ペルー,16527192,47548788,62662741,199815196
202604,'408,ボリビア,1714535,6275298,5674623,15814186
202604,'409,チリ,22727833,90949110,181692874,605714831
202604,'410,ブラジル,67308843,248068659,131246370,487644996
202604,'411,パラグアイ,2253563,10629583,313066,1688391
202604,'412,ウルグアイ,931881,3496847,1231020,4981233
202604,'413,アルゼンチン,14515177,55258170,5484410,23649611
202604,'414,フォークランド諸島及びその附属諸島（英）,-,1440,41974,109183
202604,'501,モロッコ,12375322,30168716,2958033,13435414
202604,'502,セウタ及びメリリア（西）,12755,39338,720,7428
202604,'503,アルジェリア,2914634,10008263,17579944,24514035
202604,'504,チュニジア,767202,5855791,1198645,8401789
202604,'505,リビア,343727,2868239,783625,1117555
202604,'506,エジプト,10941986,40679038,1424118,4484410
202604,'507,スーダン,1429820,4500307,123847,515800
202604,'509,モーリタニア,535376,1622417,57506,5619846
202604,'510,セネガル,728284,2679428,730191,2039422
202604,'511,ガンビア,51933,169483,-,74826
202604,'512,ギニア・ビサウ,-,44906,-,1033258
202604,'513,ギニア,104486,433931,206726,695487
202604,'514,シエラレオネ,242175,351034,132958,399523
202604,'515,リベリア,31469936,191864530,-,176890
202604,'516,コートジボワール,567520,2777408,1400943,4285464
202604,'517,ガーナ,3513487,11632817,9317735,22492110
202604,'518,トーゴ,205700,1363079,692743,2448645
202604,'519,ベナン,104483,224685,-,34834
202604,'520,マリ,172783,588817,20787,61861
202604,'521,ブルキナファソ,82315,847635,62769,384671
202604,'522,カーボベルデ,102988,322985,249,5099
202604,'523,カナリー諸島（西）,776954,2417926,-,4830
202604,'524,ナイジェリア,7736018,28382418,8822226,28518186
202604,'525,ニジェール,22106,55479,100830,158389
202604,'526,ルワンダ,116734,494952,16660,344289
202604,'527,カメルーン,527808,1734837,86533,360732
202604,'528,チャド,75170,174495,-,549
202604,'529,中央アフリカ,-,11641,-,45901
202604,'530,赤道ギニア,889,108702,719,6717625
202604,'531,ガボン,326223,1556964,842252,2814350
202604,'532,コンゴ共和国,25873,82842,89599,120091
202604,'533,コンゴ民主共和国,2684081,8001473,216867,437227
202604,'534,ブルンジ,163420,854194,46981,337980
202604,'535,アンゴラ,818134,2956846,4062,39399
202604,'536,サントメ・プリンシペ,48834,373334,-,7100
202604,'537,セントヘレナ及びその附属諸島（英）,-,0,47219,255118
202604,'538,エチオピア,864184,2553530,660114,3392984
202604,'539,ジブチ,1153260,4616802,-,1177
202604,'540,ソマリア,14653,42469,18104,219651
202604,'541,ケニア,20875114,71985760,834516,2682320
202604,'542,ウガンダ,5373926,19249672,137932,520100
202604,'543,タンザニア,15252598,55612831,4653389,13789707
202604,'544,セーシェル,63752,375147,1561985,4521187
202604,'545,モザンビーク,1319803,5089563,201945,21128471
202604,'546,マダガスカル,185514,812801,1397202,4765528
202604,'547,モーリシャス,2340563,7849167,74462,307744
202604,'548,レユニオン（仏）,397888,1588604,44704,69117
202604,'549,ジンバブエ,1687993,5896098,298676,1412813
202604,'550,ナミビア,531474,2748599,71408,325382
202604,'551,南アフリカ共和国,36951558,127588949,129715374,479048520
202604,'552,レソト,235364,855410,2513,15669
202604,'553,マラウイ,448353,1225178,193711,592989
202604,'554,ザンビア,2280112,10511357,272401,666294
202604,'555,ボツワナ,293218,814833,27277,359923
202604,'556,エスワティニ,65187,222362,21274,118393
202604,'557,英領インド洋地域,-,0,-,545
202604,'558,コモロ,118362,191666,4650,13612
202604,'559,エリトリア,-,16785,-,2058
202604,'560,南スーダン,451792,1870371,-,6310681
202604,'601,オーストラリア,217071585,838340961,545895788,2361084996
202604,'602,パプアニューギニア,4789491,13482330,50674313,203736163
202604,'605,その他のオーストラリア領,12621,48525,1648,3577
202604,'606,ニュージーランド,43387665,141431424,37269101,124303663
202604,'607,クック,26624,127989,105901,367817
202604,'608,トケラウ諸島（ニュージーランド）,-,0,-,3112
202604,'609,ニウエ,-,5311832,-,2952
202604,'610,サモア,284557,865624,-,32491
202604,'611,バヌアツ,101143,576083,869594,2547864
202604,'612,フィジー,1396794,5987519,14826,88078
202604,'613,ソロモン,211307,914347,40366,161612
202604,'614,トンガ,152235,375841,660,3214
202604,'615,キリバス,91930,359371,148081,444497
202604,'617,ナウル,34978,198527,71326,243593
202604,'618,ニューカレドニア（仏）,238862,928378,1763874,4140669
202604,'619,仏領ポリネシア,178433,1070490,625218,2498857
202604,'620,グアム（米）,1158948,4675731,-,38218
202604,'621,米領サモア,17911,86353,1215,1900
202604,'622,米領オセアニア,-,0,2560,8360
202604,'624,ツバル,8508,16480,50520,61648
202604,'625,マーシャル,42519432,127378541,172853,310810
202604,'626,ミクロネシア,224964,969727,7690,272945
202604,'627,北マリアナ諸島（米）,112420,473426,239,239
202604,'628,パラオ,183356,447490,626,45007
202604,'702,不明,-,0,54086,709170
202605,'103,大韓民国,598471341,3172548940,433099868,2225143704
202605,'105,中華人民共和国,1699812560,8399901643,2350482120,12223648306
202605,'106,台湾,834248437,3983864158,545410638,2622472871
202605,'107,モンゴル,17728699,75022105,148497,701628
202605,'108,香港,486998650,2831004363,11452777,103731887
202605,'110,ベトナム,267570815,1317431066,414406921,2138748308
202605,'111,タイ,372379727,1940803635,354227544,1759928731
202605,'112,シンガポール,239808767,1421951712,122285196,530863340
202605,'113,マレーシア,204046288,1081519861,282136055,1346662079
202605,'116,ブルネイ,416732,3638507,35097705,125303265
202605,'117,フィリピン,138986329,745176122,136244921,669963285
202605,'118,インドネシア,163111232,767434683,227889503,1230553187
202605,'120,カンボジア,8883976,45823079,26519340,171002771
202605,'121,ラオス,2640305,10855896,2289909,15978991
202605,'122,ミャンマー,4651857,22797168,17143270,118615654
202605,'123,インド,232461204,1297025921,83654222,485761225
202605,'124,パキスタン,25074187,102322283,4691347,22988126
202605,'125,スリランカ,19325985,93073144,3599699,17441166
202605,'126,モルディブ,309997,1900939,34534,127156
202605,'127,バングラデシュ,25550957,157183445,17080793,108027827
202605,'128,東ティモール,226117,1038982,60322,363384
202605,'129,マカオ,5079897,26449971,223473,791604
202605,'130,アフガニスタン,102019,298008,10738,62521
202605,'131,ネパール,149206,2457390,135333,999753
202605,'132,ブータン,294749,1181633,13844,26962
202605,'133,イラン,62520,687385,138530,832443
202605,'134,イラク,2042016,38233847,884,1956175
202605,'135,バーレーン,6456270,29861977,4555693,24629353
202605,'137,サウジアラビア,52646990,300736145,157615592,1674590658
202605,'138,クウェート,9651250,77257835,87493,158579442
202605,'140,カタール,3945312,52206264,1124102,196491570
202605,'141,オマーン,6499006,47550347,21460815,132467255
202605,'143,イスラエル,12346932,78193765,17342183,84899370
202605,'144,ヨルダン,4472494,26522015,748791,5665717
202605,'145,シリア,115351,462625,1591,33369
202605,'146,レバノン,877235,20743223,169341,457840
202605,'147,アラブ首長国連邦,100690989,701888919,312070810,1480472483
202605,'149,イエメン,2747630,16126070,-,194446
202605,'150,アゼルバイジャン,1775378,6531314,6229801,6867852
202605,'151,アルメニア,158247,1218832,568985,1746743
202605,'152,ウズベキスタン,3594258,20477597,358449,2647668
202605,'153,カザフスタン,9578975,54008389,4800615,45882106
202605,'154,キルギス,2454773,9561329,16425,48370
202605,'155,タジキスタン,344352,1913446,-,152190
202605,'156,トルクメニスタン,1243339,7936451,-,26238
202605,'157,ジョージア,7761789,35829081,167176,750126
202605,'158,ヨルダン川西岸及びガザ,-,48552,-,56240
202605,'201,アイスランド,1103946,4587296,1267791,7196224
202605,'202,ノルウェー,8582564,44479836,14415840,84605094
202605,'203,スウェーデン,15041947,79731414,38399812,197057042
202605,'204,デンマーク,5027965,32900339,35603013,143030770
202605,'205,英国,170401646,895044622,120160726,528338291
202605,'206,アイルランド,23768952,114553873,86232216,442454223
202605,'207,オランダ,153666858,813640631,55483410,193932331
202605,'208,ベルギー,94228386,508672898,31707286,169574434
202605,'209,ルクセンブルク,5570897,28939361,1185600,5280702
202605,'210,フランス,79415897,476913239,142791103,814474215
202605,'211,モナコ,34454,80061,16409,135905
202605,'212,アンドラ,11599,22335,4212,5701
202605,'213,ドイツ,222675743,1241317944,295098677,1462371083
202605,'215,スイス,88630736,544235956,121740900,577926707
202605,'217,ポルトガル,10977109,39055099,11936964,41813742
202605,'218,スペイン,38435396,230729650,56210201,229995810
202605,'219,ジブラルタル（英）,1620573,8252580,652,871
202605,'220,イタリア,55993789,326221533,184010380,864760355
202605,'221,マルタ,1716359,15014567,1599703,26662091
202605,'222,フィンランド,4327247,27116602,17543229,103999728
202605,'223,ポーランド,49192906,249393990,20062092,107193553
202605,'224,ロシア,32739547,161360338,74315213,374349826
202605,'225,オーストリア,19041644,103401497,32801004,168373115
202605,'227,ハンガリー,14333237,79866666,19400602,73869220
202605,'228,セルビア,936647,3435969,2900275,17036262
202605,'229,アルバニア,125175,371875,145203,923709
202605,'230,ギリシャ,4182225,25517020,18479016,75046581
202605,'231,ルーマニア,5200213,29553224,11856670,85948123
202605,'232,ブルガリア,3258824,12901417,1647922,8272577
202605,'233,キプロス,9512799,63472273,15036,103913
202605,'234,トルコ,30791727,197050522,15171643,76111442
202605,'235,エストニア,701196,4073600,1972923,9405880
202605,'236,ラトビア,326680,3286677,740290,4988868
202605,'237,リトアニア,1052969,5931453,1786567,10314121
202605,'238,ウクライナ,6516233,35974579,597221,2951405
202605,'239,ベラルーシ,59640,365013,10807,156032
202605,'240,モルドバ,129670,392481,700627,2524337
202605,'241,クロアチア,855806,5379894,2477980,6902664
202605,'242,スロベニア,3005940,17473002,12992954,49773857
202605,'243,ボスニア・ヘルツェゴビナ,24897,138256,218921,1039642
202605,'244,北マケドニア,81096,357694,94373,819511
202605,'245,チェコ,32349514,171067052,22581115,111300337
202605,'246,スロバキア,1816334,12612321,5160938,38807586
202605,'247,モンテネグロ,34786,216980,3008,19897
202605,'248,コソボ,4183,22003,792,4610
202605,'249,フェロー諸島（デンマーク）,2373,6409,228070,1098934
202605,'250,バチカン,-,0,-,1944
202605,'301,グリーンランド（デンマーク）,270,2243,944191,4450731
202605,'302,カナダ,190391663,897139182,140763850,813309529
202605,'304,アメリカ合衆国,1695230280,8781687165,1341996018,5971208921
202605,'305,メキシコ,156559908,841959040,77445862,414763742
202605,'306,グアテマラ,7304458,41535029,2760326,9714798
202605,'307,ホンジュラス,2715649,13394116,1307099,5746234
202605,'308,ベリーズ,60754,652400,1693,200659
202605,'309,エルサルバドル,2589624,14375946,99174,766272
202605,'310,ニカラグア,2757297,13002375,615670,1775113
202605,'311,コスタリカ,5166661,28448727,10498872,47978347
202605,'312,パナマ,79335207,356029374,948642,7620373
202605,'314,バーミュダ（英）,235752,850790,421,1286
202605,'315,バハマ,2621100,15959620,16382,17124
202605,'316,ジャマイカ,4465080,18830069,29409,378850
202605,'317,タークス及びカイコス諸島（英）,177849,678334,-,9516
202605,'319,バルバドス,1192255,11360178,19968,36673
202605,'320,トリニダード・トバゴ,1698101,9861342,5568126,14731819
202605,'321,キューバ,-,191008,310788,1373146
202605,'322,ハイチ,168049,864359,207193,656392
202605,'323,ドミニカ共和国,6399416,23956590,1196598,9736131
202605,'324,プエルトリコ（米）,5940519,35216586,23789129,130094311
202605,'325,米領バージン諸島,16521,191053,850,2319
202605,'326,蘭領アンティール,528782,2930283,976,2534
202605,'327,仏領西インド諸島,334911,2252811,-,6388
202605,'328,ケイマン諸島（英）,257705,1388296,8561,8561
202605,'329,グレナダ,306975,1568614,-,0
202605,'330,セントルシア,337412,1474597,-,0
202605,'331,アンティグア・バーブーダ,443294,1250580,1846,1846
202605,'332,英領バージン諸島,1171,121155,358,358
202605,'333,ドミニカ,35051,232395,843,10050
202605,'334,モントセラト（英）,11323,39946,-,4845
202605,'335,セントクリストファー・ネービス,87417,462269,231,4717
202605,'336,セントビンセント,94800,841314,-,18857
202605,'337,英領アンギラ,29029,212221,-,0
202605,'338,サン・バルテルミー島（仏）,-,57340,-,232
202605,'401,コロンビア,15890114,88842014,9495476,50878775
202605,'402,ベネズエラ,885946,5230318,1440316,3724150
202605,'403,ガイアナ,3027411,16737372,6686,620377
202605,'404,スリナム,1479314,8527608,32757,291940
202605,'405,仏領ギアナ,60998,241326,5316,5316
202605,'406,エクアドル,4393267,32326074,4599006,66191492
202605,'407,ペルー,13440167,60988955,46226601,246041797
202605,'408,ボリビア,1727766,8003064,24918762,40732948
202605,'409,チリ,20740061,111689171,146469137,752183968
202605,'410,ブラジル,55627087,303695746,105494164,593139160
202605,'411,パラグアイ,1987371,12616954,283772,1972163
202605,'412,ウルグアイ,1161246,4658093,1549805,6531038
202605,'413,アルゼンチン,12742603,68000773,6419634,30069245
202605,'414,フォークランド諸島及びその附属諸島（英）,-,1440,-,109183
202605,'501,モロッコ,2542598,32711314,9174394,22609808
202605,'502,セウタ及びメリリア（西）,-,39338,2811,10239
202605,'503,アルジェリア,2077500,12085763,36510003,61024038
202605,'504,チュニジア,1741953,7597744,1477756,9879545
202605,'505,リビア,337411,3205650,59255,1176810
202605,'506,エジプト,9270576,49949614,1219218,5703628
202605,'507,スーダン,1295515,5795822,65795,581595
202605,'509,モーリタニア,331782,1954199,2756261,8376107
202605,'510,セネガル,387607,3067035,733102,2772524
202605,'511,ガンビア,32226,201709,-,74826
202605,'512,ギニア・ビサウ,-,44906,73722,1106980
202605,'513,ギニア,92539,526470,22009,717496
202605,'514,シエラレオネ,19716,370750,42108,441631
202605,'515,リベリア,23349615,215214145,-,176890
202605,'516,コートジボワール,700047,3477455,921889,5207353
202605,'517,ガーナ,2899894,14532711,9980974,32473084
202605,'518,トーゴ,577580,1940659,659076,3107721
202605,'519,ベナン,46947,271632,2868,37702
202605,'520,マリ,156910,745727,42994,104855
202605,'521,ブルキナファソ,99663,947298,88118,472789
202605,'522,カーボベルデ,334216,657201,-,5099
202605,'523,カナリー諸島（西）,635278,3053204,777,5607
202605,'524,ナイジェリア,7622351,36004769,3263757,31781943
202605,'525,ニジェール,914,56393,187367,345756
202605,'526,ルワンダ,893929,1388881,1627,345916
202605,'527,カメルーン,749842,2484679,66658,427390
202605,'528,チャド,72830,247325,-,549
202605,'529,中央アフリカ,6941,18582,7232,53133
202605,'530,赤道ギニア,-,108702,-,6717625
202605,'531,ガボン,110613,1667577,383343,3197693
202605,'532,コンゴ共和国,19981,102823,5030950,5151041
202605,'533,コンゴ民主共和国,2373836,10375309,1056737,1493964
202605,'534,ブルンジ,180193,1034387,33680,371660
202605,'535,アンゴラ,266974,3223820,4428,43827
202605,'536,サントメ・プリンシペ,151500,524834,-,7100
202605,'537,セントヘレナ及びその附属諸島（英）,-,0,1082,256200
202605,'538,エチオピア,482684,3036214,384769,3777753
202605,'539,ジブチ,408084,5024886,-,1177
202605,'540,ソマリア,9803,52272,4393,224044
202605,'541,ケニア,16421237,88406997,839833,3522153
202605,'542,ウガンダ,4238132,23487804,138115,658215
202605,'543,タンザニア,13827041,69439872,2748342,16538049
202605,'544,セーシェル,47944,423091,545756,5066943
202605,'545,モザンビーク,1101846,6191409,9745641,30874112
202605,'546,マダガスカル,277263,1090064,1334303,6099831
202605,'547,モーリシャス,1807895,9657062,102885,410629
202605,'548,レユニオン（仏）,212058,1800662,675,69792
202605,'549,ジンバブエ,1605679,7501777,154634,1567447
202605,'550,ナミビア,580227,3328826,209927,535309
202605,'551,南アフリカ共和国,31981734,159570683,116990963,596039483
202605,'552,レソト,203669,1059079,3129,18798
202605,'553,マラウイ,367322,1592500,376319,969308
202605,'554,ザンビア,2780380,13291737,274294,940588
202605,'555,ボツワナ,207173,1022006,27723,387646
202605,'556,エスワティニ,71569,293931,-,118393
202605,'557,英領インド洋地域,-,0,-,545
202605,'558,コモロ,721331,912997,5025,18637
202605,'559,エリトリア,7483,24268,-,2058
202605,'560,南スーダン,270053,2140424,-,6310681
202605,'601,オーストラリア,220040017,1058380978,560145241,2921230237
202605,'602,パプアニューギニア,3943373,17425703,62844122,266580285
202605,'605,その他のオーストラリア領,4070,52595,-,3577
202605,'606,ニュージーランド,36620113,178051537,47078063,171381726
202605,'607,クック,55312,183301,13056,380873
202605,'608,トケラウ諸島（ニュージーランド）,-,0,-,3112
202605,'609,ニウエ,-,5311832,1339,4291
202605,'610,サモア,319369,1184993,2148,34639
202605,'611,バヌアツ,354121,930204,476588,3024452
202605,'612,フィジー,1701911,7689430,46924,135002
202605,'613,ソロモン,359814,1274161,59446,221058
202605,'614,トンガ,224326,600167,-,3214
202605,'615,キリバス,156130,515501,200565,645062
202605,'617,ナウル,91555,290082,99643,343236
202605,'618,ニューカレドニア（仏）,387266,1315644,57836,4198505
202605,'619,仏領ポリネシア,238618,1309108,823333,3322190
202605,'620,グアム（米）,1078785,5754516,2378,40596
202605,'621,米領サモア,36559,122912,222,2122
202605,'622,米領オセアニア,-,0,4212,12572
202605,'624,ツバル,10288,26768,3183,64831
202605,'625,マーシャル,20169107,147547648,261617,572427
202605,'626,ミクロネシア,67573,1037300,1225448,1498393
202605,'627,北マリアナ諸島（米）,84491,557917,-,239
202605,'628,パラオ,179496,626986,-,45007
202605,'702,不明,-,0,60954,770124
202606,'103,大韓民国,682222530,3854771470,507009077,2732152781
202606,'105,中華人民共和国,1824448877,10224350520,2645637422,14869285728
202606,'106,台湾,929454180,4913318338,630153400,3252626271
202606,'107,モンゴル,18413685,93435790,344187,1045815
202606,'108,香港,613279275,3444283638,55985876,159717763
202606,'110,ベトナム,291561876,1608992942,486060720,2624809028
202606,'111,タイ,426806420,2367610055,420606851,2180535582
202606,'112,シンガポール,339369653,1761321365,126558018,657421358
202606,'113,マレーシア,227777581,1309297442,315753373,1662415452
202606,'116,ブルネイ,360499,3999006,18444038,143747303
202606,'117,フィリピン,153903051,899079173,161626132,831589417
202606,'118,インドネシア,176424769,943859452,250900652,1481453839
202606,'120,カンボジア,8454434,54277513,34571521,205574292
202606,'121,ラオス,3017038,13872934,2864184,18843175
202606,'122,ミャンマー,4368762,27165930,14318730,132934384
202606,'123,インド,276898404,1573924325,109842788,595604013
202606,'124,パキスタン,24687004,127009287,6373563,29361689
202606,'125,スリランカ,18008628,111081772,4014135,21455301
202606,'126,モルディブ,419558,2320497,22068,149224
202606,'127,バングラデシュ,22380293,179563738,17379346,125407173
202606,'128,東ティモール,229900,1268882,-,363384
202606,'129,マカオ,4855715,31305686,224691,1016295
202606,'130,アフガニスタン,70796,368804,17818,80339
202606,'131,ネパール,514931,2972321,223478,1223231
202606,'132,ブータン,180252,1361885,393,27355
202606,'133,イラン,473839,1161224,264483,1096926
202606,'134,イラク,6707712,44941559,3547,1959722
202606,'135,バーレーン,4959513,34821490,436630,25065983
202606,'137,サウジアラビア,93666643,394402788,297123834,1971714492
202606,'138,クウェート,19218823,96476658,10880003,169459445
202606,'140,カタール,18387240,70593504,11076231,207567801
202606,'141,オマーン,20956286,68506633,34763009,167230264
202606,'143,イスラエル,27065813,105259578,19455961,104355331
202606,'144,ヨルダン,7791490,34313505,683879,6349596
202606,'145,シリア,207548,670173,28194,61563
202606,'146,レバノン,4901195,25644418,25233,483073
202606,'147,アラブ首長国連邦,158021164,859910083,362437997,1842910480
202606,'149,イエメン,5340913,21466983,51386,245832
202606,'150,アゼルバイジャン,424705,6956019,8020768,14888620
202606,'151,アルメニア,502630,1721462,666961,2413704
202606,'152,ウズベキスタン,4686707,25164304,440201,3087869
202606,'153,カザフスタン,12846442,66854831,10302156,56184262
202606,'154,キルギス,2758244,12319573,2972,51342
202606,'155,タジキスタン,631607,2545053,-,152190
202606,'156,トルクメニスタン,2025339,9961790,16838,43076
202606,'157,ジョージア,8537562,44366643,171847,921973
202606,'158,ヨルダン川西岸及びガザ,13764,62316,-,56240
202606,'201,アイスランド,1539915,6127211,4008581,11204805
202606,'202,ノルウェー,6061205,50541041,18481653,103086747
202606,'203,スウェーデン,15289883,95021297,27525039,224582081
202606,'204,デンマーク,5545075,38445414,23480988,166511758
202606,'205,英国,208552531,1103597153,110060235,638398526
202606,'206,アイルランド,28751600,143305473,122440637,564894860
202606,'207,オランダ,163092142,976732773,53359053,247291384
202606,'208,ベルギー,113991288,622664186,34185731,203760165
202606,'209,ルクセンブルク,4925098,33864459,1235350,6516052
202606,'210,フランス,86541099,563454338,162309211,976783426
202606,'211,モナコ,7674,87735,36437,172342
202606,'212,アンドラ,8875,31210,-,5701
202606,'213,ドイツ,268697205,1510015149,301478435,1763849518
202606,'215,スイス,100925404,645161360,132241191,710167898
202606,'217,ポルトガル,5732026,44787125,6378478,48192220
202606,'218,スペイン,47236014,277965664,40898588,270894398
202606,'219,ジブラルタル（英）,1070882,9323462,-,871
202606,'220,イタリア,66219455,392440988,197889971,1062650326
202606,'221,マルタ,2390991,17405558,1060151,27722242
202606,'222,フィンランド,5297994,32414596,21191946,125191674
202606,'223,ポーランド,63403497,312797487,24042969,131236522
202606,'224,ロシア,52029525,213389863,82127515,456477341
202606,'225,オーストリア,20985135,124386632,25925389,194298504
202606,'227,ハンガリー,16825787,96692453,15758197,89627417
202606,'228,セルビア,650605,4086574,3505268,20541530
202606,'229,アルバニア,30127,402002,351619,1275328
202606,'230,ギリシャ,5381446,30898466,23789918,98836499
202606,'231,ルーマニア,6463422,36016646,13684328,99632451
202606,'232,ブルガリア,2660012,15561429,1554429,9827006
202606,'233,キプロス,17250139,80722412,32613,136526
202606,'234,トルコ,39855234,236905756,16947694,93059136
202606,'235,エストニア,697525,4771125,1812842,11218722
202606,'236,ラトビア,464112,3750789,1287430,6276298
202606,'237,リトアニア,1076454,7007907,2501151,12815272
202606,'238,ウクライナ,8848071,44822650,964469,3915874
202606,'239,ベラルーシ,96236,461249,80354,236386
202606,'240,モルドバ,90789,483270,1084429,3608766
202606,'241,クロアチア,1447595,6827489,1778458,8681122
202606,'242,スロベニア,2912201,20385203,9087149,58861006
202606,'243,ボスニア・ヘルツェゴビナ,24820,163076,282636,1322278
202606,'244,北マケドニア,97087,454781,173143,992654
202606,'245,チェコ,35110061,206177113,25246605,136546942
202606,'246,スロバキア,2323142,14935463,9797400,48604986
202606,'247,モンテネグロ,130840,347820,-,19897
202606,'248,コソボ,2292,24295,404,5014
202606,'249,フェロー諸島（デンマーク）,-,6409,265607,1364541
202606,'250,バチカン,4902,4902,-,1944
202606,'301,グリーンランド（デンマーク）,-,2243,1323507,5774238
202606,'302,カナダ,189450756,1086589938,173286464,986595993
202606,'304,アメリカ合衆国,1927863207,10709550372,1588166633,7559375554
202606,'305,メキシコ,187232853,1029191893,104491712,519255454
202606,'306,グアテマラ,8067335,49602364,4659995,14374793
202606,'307,ホンジュラス,2201131,15595247,1202902,6949136
202606,'308,ベリーズ,522046,1174446,15023,215682
202606,'309,エルサルバドル,2701833,17077779,286807,1053079
202606,'310,ニカラグア,2389170,15391545,683968,2459081
202606,'311,コスタリカ,7813222,36261949,11377054,59355401
202606,'312,パナマ,49611615,405640989,5594195,13214568
202606,'314,バーミュダ（英）,126087,976877,-,1286
202606,'315,バハマ,1076205,17035825,37235,54359
202606,'316,ジャマイカ,6815321,25645390,134218,513068
202606,'317,タークス及びカイコス諸島（英）,106118,784452,356,9872
202606,'319,バルバドス,1535668,12895846,5677,42350
202606,'320,トリニダード・トバゴ,1701586,11562928,3758707,18490526
202606,'321,キューバ,-,191008,146922,1520068
202606,'322,ハイチ,100105,964464,56836,713228
202606,'323,ドミニカ共和国,5962337,29918927,2777678,12513809
202606,'324,プエルトリコ（米）,8306645,43523231,31181342,161275653
202606,'325,米領バージン諸島,13178,204231,-,2319
202606,'326,蘭領アンティール,579370,3509653,-,2534
202606,'327,仏領西インド諸島,320700,2573511,1937,8325
202606,'328,ケイマン諸島（英）,448717,1837013,-,8561
202606,'329,グレナダ,591278,2159892,-,0
202606,'330,セントルシア,507178,1981775,-,0
202606,'331,アンティグア・バーブーダ,418779,1669359,-,1846
202606,'332,英領バージン諸島,8336,129491,-,358
202606,'333,ドミニカ,115050,347445,6887,16937
202606,'334,モントセラト（英）,23070,63016,-,4845
202606,'335,セントクリストファー・ネービス,139556,601825,-,4717
202606,'336,セントビンセント,368349,1209663,-,18857
202606,'337,英領アンギラ,31573,243794,-,0
202606,'338,サン・バルテルミー島（仏）,-,57340,-,232
202606,'401,コロンビア,17998204,106840218,10660607,61539382
202606,'402,ベネズエラ,1159412,6389730,107517,3831667
202606,'403,ガイアナ,3512715,20250087,31947,652324
202606,'404,スリナム,1887216,10414824,59390,351330
202606,'405,仏領ギアナ,93073,334399,-,5316
202606,'406,エクアドル,8618535,40944609,5544978,71736470
202606,'407,ペルー,14578666,75567621,40915660,286957457
202606,'408,ボリビア,1724930,9727994,608724,41341672
202606,'409,チリ,22472466,134161637,188006599,940190567
202606,'410,ブラジル,69648778,373344524,135256795,728395955
202606,'411,パラグアイ,2352241,14969195,438737,2410900
202606,'412,ウルグアイ,1172013,5830106,1385199,7916237
202606,'413,アルゼンチン,11315773,79316546,6517486,36586731
202606,'414,フォークランド諸島及びその附属諸島（英）,-,1440,20943,130126
202606,'501,モロッコ,6381033,39092347,3085353,25695161
202606,'502,セウタ及びメリリア（西）,-,39338,1418,11657
202606,'503,アルジェリア,2666113,14751876,27429123,88453161
202606,'504,チュニジア,1649785,9247529,7504091,17383636
202606,'505,リビア,378344,3583994,-,1176810
202606,'506,エジプト,14669669,64619283,1437459,7141087
202606,'507,スーダン,2388698,8184520,65925,647520
202606,'509,モーリタニア,424195,2378394,1586343,9962450
202606,'510,セネガル,711249,3778284,497726,3270250
202606,'511,ガンビア,10474,212183,-,74826
202606,'512,ギニア・ビサウ,5104,50010,-,1106980
202606,'513,ギニア,93275,619745,208335,925831
202606,'514,シエラレオネ,78447,449197,117381,559012
202606,'515,リベリア,11481865,226696010,-,176890
202606,'516,コートジボワール,813700,4291155,2369343,7576696
202606,'517,ガーナ,4182614,18715325,11656595,44129679
202606,'518,トーゴ,595425,2536084,1068003,4175724
202606,'519,ベナン,26499,298131,-,37702
202606,'520,マリ,154369,900096,801,105656
202606,'521,ブルキナファソ,65544,1012842,382324,855113
202606,'522,カーボベルデ,114783,771984,-,5099
202606,'523,カナリー諸島（西）,688204,3741408,471,6078
202606,'524,ナイジェリア,13282025,49286794,12927737,44709680
202606,'525,ニジェール,2354,58747,145558,491314
202606,'526,ルワンダ,92404,1481285,4482,350398
202606,'527,カメルーン,751421,3236100,104018,531408
202606,'528,チャド,92296,339621,-,549
202606,'529,中央アフリカ,-,18582,658,53791
202606,'530,赤道ギニア,2787,111489,-,6717625
202606,'531,ガボン,241101,1908678,119058,3316751
202606,'532,コンゴ共和国,80541,183364,584,5151625
202606,'533,コンゴ民主共和国,3380809,13756118,451621,1945585
202606,'534,ブルンジ,194398,1228785,42229,413889
202606,'535,アンゴラ,438948,3662768,9269,53096
202606,'536,サントメ・プリンシペ,10495,535329,-,7100
202606,'537,セントヘレナ及びその附属諸島（英）,-,0,49845,306045
202606,'538,エチオピア,1393437,4429651,1091167,4868920
202606,'539,ジブチ,1566278,6591164,-,1177
202606,'540,ソマリア,68117,120389,57383,281427
202606,'541,ケニア,22820678,111227675,1196369,4718522
202606,'542,ウガンダ,8090178,31577982,129309,787524
202606,'543,タンザニア,15600336,85040208,1280499,17818548
202606,'544,セーシェル,216385,639476,1056901,6123844
202606,'545,モザンビーク,1159906,7351315,6320857,37194969
202606,'546,マダガスカル,141194,1231258,1442138,7541969
202606,'547,モーリシャス,2442992,12100054,30337,440966
202606,'548,レユニオン（仏）,438320,2238982,2408,72200
202606,'549,ジンバブエ,2175355,9677132,153011,1720458
202606,'550,ナミビア,635632,3964458,209890,745199
202606,'551,南アフリカ共和国,41624282,201194965,107641614,703681097
202606,'552,レソト,145734,1204813,4605,23403
202606,'553,マラウイ,363520,1956020,192439,1161747
202606,'554,ザンビア,3263652,16555389,73977,1014565
202606,'555,ボツワナ,271944,1293950,31993,419639
202606,'556,エスワティニ,50160,344091,225,118618
202606,'557,英領インド洋地域,-,0,-,545
202606,'558,コモロ,10486,923483,8891,27528
202606,'559,エリトリア,-,24268,427,2485
202606,'560,南スーダン,385983,2526407,4830490,11141171
202606,'601,オーストラリア,270234450,1328615428,637790033,3559020270
202606,'602,パプアニューギニア,4073481,21499184,49172886,315753171
202606,'605,その他のオーストラリア領,8516,61111,438,4015
202606,'606,ニュージーランド,44168425,222219962,44131363,215513089
202606,'607,クック,24242,207543,254099,634972
202606,'608,トケラウ諸島（ニュージーランド）,-,0,1338,4450
202606,'609,ニウエ,1604,5313436,3150,7441
202606,'610,サモア,481684,1666677,-,34639
202606,'611,バヌアツ,130870,1061074,943728,3968180
202606,'612,フィジー,757299,8446729,11066,146068
202606,'613,ソロモン,195152,1469313,-,221058
202606,'614,トンガ,40676,640843,-,3214
202606,'615,キリバス,154943,670444,408290,1053352
202606,'617,ナウル,22869,312951,66393,409629
202606,'618,ニューカレドニア（仏）,248040,1563684,1776343,5974848
202606,'619,仏領ポリネシア,311639,1620747,1754166,5076356
202606,'620,グアム（米）,1331782,7086298,26884,67480
202606,'621,米領サモア,19305,142217,-,2122
202606,'622,米領オセアニア,-,0,3907,16479
202606,'624,ツバル,13870,40638,805,65636
202606,'625,マーシャル,11926059,159473707,441943,1014370
202606,'626,ミクロネシア,351727,1389027,21749,1520142
202606,'627,北マリアナ諸島（米）,189760,747677,-,239
202606,'628,パラオ,181554,808540,10010,55017
202606,'702,不明,-,0,74125,844249
202607,'103,大韓民国,744334877,4599106347,507502527,3239655308
202607,'105,中華人民共和国,2008552364,12232902884,2784685057,17653970785
202607,'106,台湾,908833886,5822152224,662195406,3914821677
202607,'107,モンゴル,18317087,111752877,393582,1439397
202607,'108,香港,516671725,3960955363,11875962,171593725
202607,'110,ベトナム,298117947,1907110889,522234314,3147043342
202607,'111,タイ,420794390,2788404445,434410773,2614946355
202607,'112,シンガポール,390693319,2152014684,145833196,803254554
202607,'113,マレーシア,244459830,1553757272,321855234,1984270686
202607,'116,ブルネイ,682978,4681984,22181480,165928783
202607,'117,フィリピン,177180552,1076259725,161453089,993042506
202607,'118,インドネシア,190478788,1134338240,297354070,1778807909
202607,'120,カンボジア,9272413,63549926,32158084,237732376
202607,'121,ラオス,2594709,16467643,2811514,21654689
202607,'122,ミャンマー,4252928,31418858,15139966,148074350
202607,'123,インド,284913654,1858837979,126913257,722517270
202607,'124,パキスタン,30500984,157510271,6455920,35817609
202607,'125,スリランカ,16506067,127587839,4079015,25534316
202607,'126,モルディブ,412525,2733022,2714,151938
202607,'127,バングラデシュ,41593975,221157713,20392312,145799485
202607,'128,東ティモール,372383,1641265,87342,450726
202607,'129,マカオ,6175076,37480762,116732,1133027
202607,'130,アフガニスタン,48057,416861,18853,99192
202607,'131,ネパール,177850,3150171,220373,1443604
202607,'132,ブータン,45503,1407388,9626,36981
202607,'133,イラン,149804,1311028,580131,1677057
202607,'134,イラク,7239480,52181039,8206,1967928
202607,'135,バーレーン,7022399,41843889,177584,25243567
202607,'137,サウジアラビア,83806296,478209084,448493062,2420207554
202607,'138,クウェート,21448928,117925586,56492003,225951448
202607,'140,カタール,17715271,88308775,12020336,219588137
202607,'141,オマーン,24932239,93438872,58489945,225720209
202607,'143,イスラエル,21331136,126590714,19834434,124189765
202607,'144,ヨルダン,8105823,42419328,4714490,11064086
202607,'145,シリア,140302,810475,-,61563
202607,'146,レバノン,1263397,26907815,59619,542692
202607,'147,アラブ首長国連邦,151485500,1011395583,393895286,2236805766
202607,'149,イエメン,6055643,27522626,42408,288240
202607,'150,アゼルバイジャン,750054,7706073,161794,15050414
202607,'151,アルメニア,821227,2542689,859385,3273089
202607,'152,ウズベキスタン,3879306,29043610,589236,3677105
202607,'153,カザフスタン,8713307,75568138,11599785,67784047
202607,'154,キルギス,3688528,16008101,45741,97083
202607,'155,タジキスタン,457062,3002115,-,152190
202607,'156,トルクメニスタン,2283241,12245031,6371,49447
202607,'157,ジョージア,10221637,54588280,351803,1273776
202607,'158,ヨルダン川西岸及びガザ,114158,176474,15121,71361
202607,'201,アイスランド,1378579,7505790,2250746,13455551
202607,'202,ノルウェー,13161907,63702948,16943419,120030166
202607,'203,スウェーデン,14562755,109584052,47494356,272076437
202607,'204,デンマーク,6753658,45199072,29010067,195521825
202607,'205,英国,217699554,1321296707,126586369,764984895
202607,'206,アイルランド,23549109,166854582,76050654,640945514
202607,'207,オランダ,167748511,1144481284,40480283,287771667
202607,'208,ベルギー,117012626,739676812,44217855,247978020
202607,'209,ルクセンブルク,5420853,39285312,1672141,8188193
202607,'210,フランス,108163103,671617441,164376115,1141159541
202607,'211,モナコ,300,88035,17214,189556
202607,'212,アンドラ,7223,38433,1309,7010
202607,'213,ドイツ,254245049,1764260198,277147766,2040997284
202607,'215,スイス,126268357,771429717,131318815,841486713
202607,'217,ポルトガル,11383461,56170586,6959220,55151440
202607,'218,スペイン,53700475,331666139,48815237,319709635
202607,'219,ジブラルタル（英）,757700,10081162,-,871
202607,'220,イタリア,72070517,464511505,208092793,1270743119
202607,'221,マルタ,8045597,25451155,253314,27975556
202607,'222,フィンランド,4692045,37106641,20158343,145350017
202607,'223,ポーランド,69079745,381877232,23413581,154650103
202607,'224,ロシア,45760909,259150772,49767141,506244482
202607,'225,オーストリア,24852232,149238864,24295118,218593622
202607,'227,ハンガリー,18030359,114722812,15957600,105585017
202607,'228,セルビア,436236,4522810,3080538,23622068
202607,'229,アルバニア,52332,454334,154060,1429388
202607,'230,ギリシャ,4388058,35286524,17177164,116013663
202607,'231,ルーマニア,7860791,43877437,14501412,114133863
202607,'232,ブルガリア,3591661,19153090,2215394,12042400
202607,'233,キプロス,9332849,90055261,18177,154703
202607,'234,トルコ,38497452,275403208,15548646,108607782
202607,'235,エストニア,843271,5614396,2847862,14066584
202607,'236,ラトビア,571599,4322388,908213,7184511
202607,'237,リトアニア,1760354,8768261,2885766,15701038
202607,'238,ウクライナ,11611321,56433971,1041857,4957731
202607,'239,ベラルーシ,106326,567575,40603,276989
202607,'240,モルドバ,105798,589068,911456,4520222
202607,'241,クロアチア,1383357,8210846,265304,8946426
202607,'242,スロベニア,3144407,23529610,11431303,70292309
202607,'243,ボスニア・ヘルツェゴビナ,54159,217235,202289,1524567
202607,'244,北マケドニア,79718,534499,124335,1116989
202607,'245,チェコ,38192146,244369259,29132291,165679233
202607,'246,スロバキア,2115687,17051150,9984230,58589216
202607,'247,モンテネグロ,104776,452596,6369,26266
202607,'248,コソボ,3011,27306,555,5569
202607,'249,フェロー諸島（デンマーク）,-,6409,298237,1662778
202607,'250,バチカン,800,5702,-,1944
202607,'301,グリーンランド（デンマーク）,1441,3684,1028232,6802470
202607,'302,カナダ,185826481,1272416419,212082109,1198678102
202607,'304,アメリカ合衆国,2090619449,12800169821,1810766754,9370142308
202607,'305,メキシコ,203383169,1232575062,119857399,639112853
202607,'306,グアテマラ,9606682,59209046,5252574,19627367
202607,'307,ホンジュラス,2368404,17963651,2180444,9129580
202607,'308,ベリーズ,639272,1813718,55367,271049
202607,'309,エルサルバドル,3533291,20611070,348815,1401894
202607,'310,ニカラグア,2506695,17898240,662018,3121099
202607,'311,コスタリカ,7894303,44156252,10018970,69374371
202607,'312,パナマ,81822117,487463106,3440401,16654969
202607,'314,バーミュダ（英）,229681,1206558,-,1286
202607,'315,バハマ,596491,17632316,47411,101770
202607,'316,ジャマイカ,2539927,28185317,114826,627894
202607,'317,タークス及びカイコス諸島（英）,103682,888134,558,10430
202607,'319,バルバドス,1247449,14143295,1932,44282
202607,'320,トリニダード・トバゴ,1815518,13378446,4534239,23024765
202607,'321,キューバ,6778,197786,191846,1711914
202607,'322,ハイチ,247025,1211489,94317,807545
202607,'323,ドミニカ共和国,5351501,35270428,2733600,15247409
202607,'324,プエルトリコ（米）,2604207,46127438,36508163,197783816
202607,'325,米領バージン諸島,13574,217805,211,2530
202607,'326,蘭領アンティール,423399,3933052,842,3376
202607,'327,仏領西インド諸島,784952,3358463,3453,11778
202607,'328,ケイマン諸島（英）,93193,1930206,-,8561
202607,'329,グレナダ,136945,2296837,-,0
202607,'330,セントルシア,184985,2166760,1764,1764
202607,'331,アンティグア・バーブーダ,126217,1795576,-,1846
202607,'332,英領バージン諸島,83749,213240,-,358
202607,'333,ドミニカ,15708,363153,2868,19805
202607,'334,モントセラト（英）,940,63956,-,4845
202607,'335,セントクリストファー・ネービス,368061,969886,214,4931
202607,'336,セントビンセント,63482,1273145,-,18857
202607,'337,英領アンギラ,21444,265238,-,0
202607,'338,サン・バルテルミー島（仏）,-,57340,-,232
202607,'401,コロンビア,22587726,129427944,9950637,71490019
202607,'402,ベネズエラ,885137,7274867,168455,4000122
202607,'403,ガイアナ,3641011,23891098,10012,662336
202607,'404,スリナム,2062456,12477280,55122,406452
202607,'405,仏領ギアナ,60863,395262,-,5316
202607,'406,エクアドル,6568333,47512942,27628330,99364800
202607,'407,ペルー,16934941,92502562,64107948,351065405
202607,'408,ボリビア,2308873,12036867,4599207,45940879
202607,'409,チリ,34391668,168553305,163687003,1103877570
202607,'410,ブラジル,73680795,447025319,123687900,852083855
202607,'411,パラグアイ,2006789,16975984,408592,2819492
202607,'412,ウルグアイ,1057529,6887635,1479738,9395975
202607,'413,アルゼンチン,18532900,97849446,6116055,42702786
202607,'414,フォークランド諸島及びその附属諸島（英）,463,1903,21149,151275
202607,'501,モロッコ,4332317,43424664,11333665,37028826
202607,'502,セウタ及びメリリア（西）,7640,46978,-,11657
202607,'503,アルジェリア,722367,15474243,24293221,112746382
202607,'504,チュニジア,1653655,10901184,1562014,18945650
202607,'505,リビア,203684,3787678,-,1176810
202607,'506,エジプト,15600928,80220211,1099005,8240092
202607,'507,スーダン,1444308,9628828,80691,728211
202607,'509,モーリタニア,763599,3141993,1356298,11318748
202607,'510,セネガル,612595,4390879,1027274,4297524
202607,'511,ガンビア,57268,269451,27691,102517
202607,'512,ギニア・ビサウ,2856,52866,-,1106980
202607,'513,ギニア,153157,772902,92008,1017839
202607,'514,シエラレオネ,60782,509979,73059,632071
202607,'515,リベリア,45102185,271798195,84052,260942
202607,'516,コートジボワール,1011307,5302462,1231780,8808476
202607,'517,ガーナ,3937317,22652642,1945158,46074837
202607,'518,トーゴ,700027,3236111,1551972,5727696
202607,'519,ベナン,222886,521017,250,37952
202607,'520,マリ,210274,1110370,748,106404
202607,'521,ブルキナファソ,355954,1368796,509315,1364428
202607,'522,カーボベルデ,91287,863271,-,5099
202607,'523,カナリー諸島（西）,648523,4389931,9909,15987
202607,'524,ナイジェリア,10544182,59830976,4017549,48727229
202607,'525,ニジェール,1915,60662,109547,600861
202607,'526,ルワンダ,40404,1521689,11503,361901
202607,'527,カメルーン,656110,3892210,261507,792915
202607,'528,チャド,111021,450642,-,549
202607,'529,中央アフリカ,23779,42361,7124,60915
202607,'530,赤道ギニア,2014,113503,-,6717625
202607,'531,ガボン,192594,2101272,2457929,5774680
202607,'532,コンゴ共和国,54909,238273,414,5152039
202607,'533,コンゴ民主共和国,2230420,15986538,909363,2854948
202607,'534,ブルンジ,128441,1357226,490,414379
202607,'535,アンゴラ,808076,4470844,46800,99896
202607,'536,サントメ・プリンシペ,270,535599,1516,8616
202607,'537,セントヘレナ及びその附属諸島（英）,2068,2068,46399,352444
202607,'538,エチオピア,611758,5041409,2416214,7285134
202607,'539,ジブチ,868053,7459217,377,1554
202607,'540,ソマリア,38123,158512,2284,283711
202607,'541,ケニア,17321549,128549224,610474,5328996
202607,'542,ウガンダ,4934496,36512478,174665,962189
202607,'543,タンザニア,12654314,97694522,754046,18572594
202607,'544,セーシェル,54744,694220,1159130,7282974
202607,'545,モザンビーク,1173431,8524746,269774,37464743
202607,'546,マダガスカル,196866,1428124,674182,8216151
202607,'547,モーリシャス,1909864,14009918,48201,489167
202607,'548,レユニオン（仏）,556759,2795741,-,72200
202607,'549,ジンバブエ,1758985,11436117,159692,1880150
202607,'550,ナミビア,581050,4545508,93547,838746
202607,'551,南アフリカ共和国,39730712,240925677,113314766,816995863
202607,'552,レソト,135056,1339869,7155,30558
202607,'553,マラウイ,357221,2313241,234353,1396100
202607,'554,ザンビア,3395916,19951305,95393,1109958
202607,'555,ボツワナ,200206,1494156,33850,453489
202607,'556,エスワティニ,71264,415355,4350,122968
202607,'557,英領インド洋地域,-,0,-,545
202607,'558,コモロ,188473,1111956,7297,34825
202607,'559,エリトリア,818,25086,-,2485
202607,'560,南スーダン,593952,3120359,5455368,16596539
202607,'601,オーストラリア,275267563,1603882991,725706203,4284726473
202607,'602,パプアニューギニア,4407903,25907087,35885369,351638540
202607,'605,その他のオーストラリア領,64605,125716,215,4230
202607,'606,ニュージーランド,34232915,256452877,35288217,250801306
202607,'607,クック,34279,241822,139445,774417
202607,'608,トケラウ諸島（ニュージーランド）,-,0,1451,5901
202607,'609,ニウエ,627,5314063,1691,9132
202607,'610,サモア,350434,2017111,2126,36765
202607,'611,バヌアツ,362314,1423388,183547,4151727
202607,'612,フィジー,1789057,10235786,7268,153336
202607,'613,ソロモン,455095,1924408,66740,287798
202607,'614,トンガ,160776,801619,2371,5585
202607,'615,キリバス,116217,786661,357872,1411224
202607,'617,ナウル,13281,326232,6159,415788
202607,'618,ニューカレドニア（仏）,350989,1914673,645894,6620742
202607,'619,仏領ポリネシア,446772,2067519,592188,5668544
202607,'620,グアム（米）,1417573,8503871,-,67480
202607,'621,米領サモア,70127,212344,-,2122
202607,'622,米領オセアニア,-,0,3980,20459
202607,'624,ツバル,4006,44644,37195,102831
202607,'625,マーシャル,33127069,192600776,248088,1262458
202607,'626,ミクロネシア,260221,1649248,88598,1608740
202607,'627,北マリアナ諸島（米）,94853,842530,-,239
202607,'628,パラオ,153139,961679,740,55757
202607,'702,不明,-,0,67563,911812
